{"type": "FeatureCollection", "features": [{"id": "39", "type": "Feature", "properties": {"name": null, "_mahalle_str": "Yenidoğan Mahallesi", "_hvi_str": "%50", "_aciklama_str": "Sıcaklık: çok yüksek<br>Ağaç örtüsü: çok düşük<br>Hastaneye uzaklık: uzak<br>Yeşil alana uzaklık: orta<br>Yapılaşma yoğunluğu: yoğun<br>Nüfus yoğunluğu: çok yoğun<br>Yaşlı nüfus oranı: orta<br>Çocuk nüfus oranı: orta<br>Sosyoekonomik gelişmişlik: çok yüksek"}, "geometry": {"type": "LineString", "coordinates": [[30.5559296, 39.7642628], [30.5557939, 39.7641933], [30.5557776, 39.764164], [30.5557627, 39.7641326], [30.555598, 39.7637861], [30.5555377, 39.7636594], [30.5554458, 39.7634886], [30.5553165, 39.7632695], [30.5552957, 39.7632295], [30.55489, 39.762451], [30.5546915, 39.762018], [30.554147, 39.7608943]]}, "bbox": [30.554147, 39.7608943, 30.5559296, 39.7642628]}, {"id": "51", "type": "Feature", "properties": {"name": "Kırım Caddesi", "_mahalle_str": "İhsaniye Mahallesi", "_hvi_str": "%54", "_aciklama_str": "Sıcaklık: çok yüksek<br>Ağaç örtüsü: çok düşük<br>Hastaneye uzaklık: çok yakın<br>Yeşil alana uzaklık: çok uzak<br>Yapılaşma yoğunluğu: çok yoğun<br>Nüfus yoğunluğu: seyrek<br>Yaşlı nüfus oranı: orta<br>Çocuk nüfus oranı: orta<br>Sosyoekonomik gelişmişlik: düşük"}, "geometry": {"type": "LineString", "coordinates": [[30.5260342, 39.7790873], [30.5253776, 39.7790942], [30.5248556, 39.779116], [30.5248104, 39.7791115], [30.5247649, 39.7791155], [30.5242262, 39.779141], [30.5237541, 39.7791439], [30.5233369, 39.7791508], [30.5232725, 39.7791583], [30.5232169, 39.7791693], [30.521915, 39.77956], [30.5214355, 39.7796737], [30.52129, 39.779697], [30.521089, 39.779746], [30.5206802, 39.7798378], [30.5200947, 39.7799642], [30.5193318, 39.7801001], [30.5190084, 39.7800266]]}, "bbox": [30.5190084, 39.7790873, 30.5260342, 39.7801001]}, {"id": "107", "type": "Feature", "properties": {"name": null, "_mahalle_str": "Cumhuriyet Mahallesi", "_hvi_str": "%61", "_aciklama_str": "Sıcaklık: çok düşük<br>Ağaç örtüsü: çok yüksek<br>Hastaneye uzaklık: çok uzak<br>Yeşil alana uzaklık: çok uzak<br>Yapılaşma yoğunluğu: çok seyrek<br>Nüfus yoğunluğu: seyrek<br>Yaşlı nüfus oranı: orta<br>Çocuk nüfus oranı: orta<br>Sosyoekonomik gelişmişlik: düşük"}, "geometry": {"type": "LineString", "coordinates": [[30.643133, 39.8124442], [30.6430981, 39.8122777], [30.6431466, 39.8116297], [30.6431362, 39.8110839], [30.6430946, 39.8094702], [30.6429822, 39.8072377], [30.6428564, 39.8038486], [30.6427671, 39.8034212], [30.6426912, 39.8031082], [30.6425858, 39.8029133]]}, "bbox": [30.6425858, 39.8029133, 30.6431466, 39.8124442]}, {"id": "109", "type": "Feature", "properties": {"name": null, "_mahalle_str": "Hasanbey Mahallesi", "_hvi_str": "%64", "_aciklama_str": "Sıcaklık: orta<br>Ağaç örtüsü: düşük<br>Hastaneye uzaklık: çok uzak<br>Yeşil alana uzaklık: çok uzak<br>Yapılaşma yoğunluğu: çok seyrek<br>Nüfus yoğunluğu: seyrek<br>Yaşlı nüfus oranı: orta<br>Çocuk nüfus oranı: orta<br>Sosyoekonomik gelişmişlik: düşük"}, "geometry": {"type": "LineString", "coordinates": [[30.6276057, 39.7953867], [30.627693, 39.7949516]]}, "bbox": [30.6276057, 39.7949516, 30.627693, 39.7953867]}, {"id": "114", "type": "Feature", "properties": {"name": null, "_mahalle_str": "Cumhuriyet Mahallesi", "_hvi_str": "%60", "_aciklama_str": "Sıcaklık: çok düşük<br>Ağaç örtüsü: çok yüksek<br>Hastaneye uzaklık: çok uzak<br>Yeşil alana uzaklık: çok uzak<br>Yapılaşma yoğunluğu: çok seyrek<br>Nüfus yoğunluğu: seyrek<br>Yaşlı nüfus oranı: orta<br>Çocuk nüfus oranı: orta<br>Sosyoekonomik gelişmişlik: düşük"}, "geometry": {"type": "LineString", "coordinates": [[30.6425858, 39.8029133], [30.6424385, 39.8026658]]}, "bbox": [30.6424385, 39.8026658, 30.6425858, 39.8029133]}, {"id": "115", "type": "Feature", "properties": {"name": null, "_mahalle_str": "Hasanbey Mahallesi", "_hvi_str": "%63", "_aciklama_str": "Sıcaklık: düşük<br>Ağaç örtüsü: orta<br>Hastaneye uzaklık: çok uzak<br>Yeşil alana uzaklık: çok uzak<br>Yapılaşma yoğunluğu: çok seyrek<br>Nüfus yoğunluğu: seyrek<br>Yaşlı nüfus oranı: orta<br>Çocuk nüfus oranı: orta<br>Sosyoekonomik gelişmişlik: düşük"}, "geometry": {"type": "LineString", "coordinates": [[30.6274651, 39.7959126], [30.6273385, 39.7960297], [30.6272165, 39.7960453], [30.6270303, 39.7960292]]}, "bbox": [30.6270303, 39.7959126, 30.6274651, 39.7960453]}, {"id": "117", "type": "Feature", "properties": {"name": null, "_mahalle_str": "Hasanbey Mahallesi", "_hvi_str": "%59", "_aciklama_str": "Sıcaklık: çok düşük<br>Ağaç örtüsü: çok yüksek<br>Hastaneye uzaklık: çok uzak<br>Yeşil alana uzaklık: çok uzak<br>Yapılaşma yoğunluğu: çok seyrek<br>Nüfus yoğunluğu: seyrek<br>Yaşlı nüfus oranı: orta<br>Çocuk nüfus oranı: orta<br>Sosyoekonomik gelişmişlik: düşük"}, "geometry": {"type": "LineString", "coordinates": [[30.6278725, 39.7964513], [30.6275702, 39.796231], [30.6274967, 39.7961018], [30.6274651, 39.7959126], [30.6276057, 39.7953867]]}, "bbox": [30.6274651, 39.7953867, 30.6278725, 39.7964513]}, {"id": "121", "type": "Feature", "properties": {"name": "Kayalik Sokak", "_mahalle_str": "Zafer Mahallesi", "_hvi_str": "%52", "_aciklama_str": "Sıcaklık: çok yüksek<br>Ağaç örtüsü: orta<br>Hastaneye uzaklık: orta<br>Yeşil alana uzaklık: orta<br>Yapılaşma yoğunluğu: çok yoğun<br>Nüfus yoğunluğu: seyrek<br>Yaşlı nüfus oranı: orta<br>Çocuk nüfus oranı: orta<br>Sosyoekonomik gelişmişlik: düşük"}, "geometry": {"type": "LineString", "coordinates": [[30.5259227, 39.7954359], [30.5259518, 39.7948304], [30.5259469, 39.7938924], [30.5259426, 39.7935425], [30.5260122, 39.7929971], [30.5261044, 39.7925421], [30.5261125, 39.7925025], [30.5263408, 39.7915708]]}, "bbox": [30.5259227, 39.7915708, 30.5263408, 39.7954359]}, {"id": "124", "type": "Feature", "properties": {"name": "Sögütlücayir Sokak", "_mahalle_str": "Zafer Mahallesi", "_hvi_str": "%51", "_aciklama_str": "Sıcaklık: yüksek<br>Ağaç örtüsü: düşük<br>Hastaneye uzaklık: orta<br>Yeşil alana uzaklık: yakın<br>Yapılaşma yoğunluğu: çok yoğun<br>Nüfus yoğunluğu: seyrek<br>Yaşlı nüfus oranı: orta<br>Çocuk nüfus oranı: orta<br>Sosyoekonomik gelişmişlik: düşük"}, "geometry": {"type": "LineString", "coordinates": [[30.5295812, 39.7963787], [30.5297754, 39.7959337], [30.5298541, 39.795651], [30.5299105, 39.7954866], [30.5300405, 39.7951455]]}, "bbox": [30.5295812, 39.7951455, 30.5300405, 39.7963787]}, {"id": "134", "type": "Feature", "properties": {"name": "Adas Sokak", "_mahalle_str": "Zafer Mahallesi", "_hvi_str": "%57", "_aciklama_str": "Sıcaklık: yüksek<br>Ağaç örtüsü: çok düşük<br>Hastaneye uzaklık: uzak<br>Yeşil alana uzaklık: orta<br>Yapılaşma yoğunluğu: çok yoğun<br>Nüfus yoğunluğu: seyrek<br>Yaşlı nüfus oranı: orta<br>Çocuk nüfus oranı: orta<br>Sosyoekonomik gelişmişlik: düşük"}, "geometry": {"type": "LineString", "coordinates": [[30.5263358, 39.7952576], [30.5264831, 39.7952791], [30.5267049, 39.795217], [30.5268981, 39.7952247], [30.5273936, 39.7952888], [30.5277818, 39.7953665]]}, "bbox": [30.5263358, 39.795217, 30.5277818, 39.7953665]}, {"id": "137", "type": "Feature", "properties": {"name": "Ülker Sokak", "_mahalle_str": "Zafer Mahallesi", "_hvi_str": "%53", "_aciklama_str": "Sıcaklık: yüksek<br>Ağaç örtüsü: çok düşük<br>Hastaneye uzaklık: orta<br>Yeşil alana uzaklık: uzak<br>Yapılaşma yoğunluğu: çok yoğun<br>Nüfus yoğunluğu: seyrek<br>Yaşlı nüfus oranı: orta<br>Çocuk nüfus oranı: orta<br>Sosyoekonomik gelişmişlik: düşük"}, "geometry": {"type": "LineString", "coordinates": [[30.5255005, 39.7953813], [30.5255034, 39.7949183], [30.5254818, 39.7941899], [30.5254891, 39.7938695], [30.5255143, 39.7935122], [30.525548, 39.7933388], [30.5255622, 39.7932709], [30.5256036, 39.7930111]]}, "bbox": [30.5254818, 39.7930111, 30.5256036, 39.7953813]}, {"id": "139", "type": "Feature", "properties": {"name": "Tuncalı Sokak", "_mahalle_str": "Zafer Mahallesi", "_hvi_str": "%54", "_aciklama_str": "Sıcaklık: çok yüksek<br>Ağaç örtüsü: çok düşük<br>Hastaneye uzaklık: yakın<br>Yeşil alana uzaklık: orta<br>Yapılaşma yoğunluğu: çok yoğun<br>Nüfus yoğunluğu: seyrek<br>Yaşlı nüfus oranı: orta<br>Çocuk nüfus oranı: orta<br>Sosyoekonomik gelişmişlik: düşük"}, "geometry": {"type": "LineString", "coordinates": [[30.5263873, 39.7939091], [30.5264495, 39.793615], [30.5265007, 39.7932781], [30.5265708, 39.7930036], [30.5266463, 39.7926439], [30.526716, 39.7921432], [30.5267051, 39.7915458]]}, "bbox": [30.5263873, 39.7915458, 30.526716, 39.7939091]}, {"id": "140", "type": "Feature", "properties": {"name": "Esenyurt Sokak", "_mahalle_str": "Zafer Mahallesi", "_hvi_str": "%52", "_aciklama_str": "Sıcaklık: orta<br>Ağaç örtüsü: çok düşük<br>Hastaneye uzaklık: uzak<br>Yeşil alana uzaklık: yakın<br>Yapılaşma yoğunluğu: çok yoğun<br>Nüfus yoğunluğu: seyrek<br>Yaşlı nüfus oranı: orta<br>Çocuk nüfus oranı: orta<br>Sosyoekonomik gelişmişlik: düşük"}, "geometry": {"type": "LineString", "coordinates": [[30.5311034, 39.7961227], [30.5297754, 39.7959337], [30.529415, 39.7958871], [30.5292614, 39.7958673], [30.5290896, 39.7958451], [30.5289084, 39.7958217], [30.528752, 39.7958015], [30.5285137, 39.7957707], [30.5283542, 39.7957501], [30.5281443, 39.7957229], [30.5280468, 39.7957103], [30.5276951, 39.7956649], [30.5271926, 39.7955996], [30.5267875, 39.7955476], [30.526502, 39.7955137], [30.5263179, 39.7954869], [30.5259227, 39.7954359], [30.5255005, 39.7953813], [30.5253689, 39.7953643]]}, "bbox": [30.5253689, 39.7953643, 30.5311034, 39.7961227]}, {"id": "143", "type": "Feature", "properties": {"name": "Bahtiyar Sokak", "_mahalle_str": "Zafer Mahallesi", "_hvi_str": "%51", "_aciklama_str": "Sıcaklık: düşük<br>Ağaç örtüsü: çok düşük<br>Hastaneye uzaklık: uzak<br>Yeşil alana uzaklık: yakın<br>Yapılaşma yoğunluğu: çok yoğun<br>Nüfus yoğunluğu: seyrek<br>Yaşlı nüfus oranı: orta<br>Çocuk nüfus oranı: orta<br>Sosyoekonomik gelişmişlik: düşük"}, "geometry": {"type": "LineString", "coordinates": [[30.5280468, 39.7957103], [30.5278317, 39.7962498]]}, "bbox": [30.5278317, 39.7957103, 30.5280468, 39.7962498]}, {"id": "144", "type": "Feature", "properties": {"name": "Ceylan Sokak", "_mahalle_str": "Zafer Mahallesi", "_hvi_str": "%58", "_aciklama_str": "Sıcaklık: yüksek<br>Ağaç örtüsü: düşük<br>Hastaneye uzaklık: uzak<br>Yeşil alana uzaklık: uzak<br>Yapılaşma yoğunluğu: çok yoğun<br>Nüfus yoğunluğu: seyrek<br>Yaşlı nüfus oranı: orta<br>Çocuk nüfus oranı: orta<br>Sosyoekonomik gelişmişlik: düşük"}, "geometry": {"type": "LineString", "coordinates": [[30.5279643, 39.7948125], [30.5275094, 39.7948633], [30.5272229, 39.794884], [30.5269724, 39.7948787], [30.5267863, 39.7948665], [30.5263833, 39.7948539], [30.5259518, 39.7948304]]}, "bbox": [30.5259518, 39.7948125, 30.5279643, 39.794884]}, {"id": "145", "type": "Feature", "properties": {"name": "Akarsoy Sokak", "_mahalle_str": "Kumlubel Mahallesi", "_hvi_str": "%52", "_aciklama_str": "Sıcaklık: yüksek<br>Ağaç örtüsü: çok düşük<br>Hastaneye uzaklık: orta<br>Yeşil alana uzaklık: orta<br>Yapılaşma yoğunluğu: çok yoğun<br>Nüfus yoğunluğu: seyrek<br>Yaşlı nüfus oranı: orta<br>Çocuk nüfus oranı: orta<br>Sosyoekonomik gelişmişlik: düşük"}, "geometry": {"type": "LineString", "coordinates": [[30.5250245, 39.795316], [30.5250068, 39.7942024], [30.5249774, 39.7938672], [30.5250071, 39.7932752], [30.5250157, 39.7929849]]}, "bbox": [30.5249774, 39.7929849, 30.5250245, 39.795316]}, {"id": "150", "type": "Feature", "properties": {"name": null, "_mahalle_str": "Kumlubel Mahallesi", "_hvi_str": "%51", "_aciklama_str": "Sıcaklık: çok yüksek<br>Ağaç örtüsü: çok düşük<br>Hastaneye uzaklık: orta<br>Yeşil alana uzaklık: yakın<br>Yapılaşma yoğunluğu: çok yoğun<br>Nüfus yoğunluğu: seyrek<br>Yaşlı nüfus oranı: orta<br>Çocuk nüfus oranı: orta<br>Sosyoekonomik gelişmişlik: düşük"}, "geometry": {"type": "LineString", "coordinates": [[30.5231974, 39.7935504], [30.5236559, 39.7935828], [30.5240479, 39.7935517], [30.5242856, 39.7934976]]}, "bbox": [30.5231974, 39.7934976, 30.5242856, 39.7935828]}, {"id": "152", "type": "Feature", "properties": {"name": "Özaydın Sokak", "_mahalle_str": "Zafer Mahallesi", "_hvi_str": "%50", "_aciklama_str": "Sıcaklık: düşük<br>Ağaç örtüsü: düşük<br>Hastaneye uzaklık: yakın<br>Yeşil alana uzaklık: orta<br>Yapılaşma yoğunluğu: çok yoğun<br>Nüfus yoğunluğu: seyrek<br>Yaşlı nüfus oranı: orta<br>Çocuk nüfus oranı: orta<br>Sosyoekonomik gelişmişlik: düşük"}, "geometry": {"type": "LineString", "coordinates": [[30.5306685, 39.7940288], [30.5315307, 39.7940218], [30.5331128, 39.7940854], [30.5331852, 39.7940874]]}, "bbox": [30.5306685, 39.7940218, 30.5331852, 39.7940874]}, {"id": "153", "type": "Feature", "properties": {"name": "Yavuz Sokak", "_mahalle_str": "Kumlubel Mahallesi", "_hvi_str": "%50", "_aciklama_str": "Sıcaklık: yüksek<br>Ağaç örtüsü: düşük<br>Hastaneye uzaklık: orta<br>Yeşil alana uzaklık: orta<br>Yapılaşma yoğunluğu: yoğun<br>Nüfus yoğunluğu: seyrek<br>Yaşlı nüfus oranı: orta<br>Çocuk nüfus oranı: orta<br>Sosyoekonomik gelişmişlik: düşük"}, "geometry": {"type": "LineString", "coordinates": [[30.5240479, 39.7935517], [30.5240398, 39.7937197], [30.5239073, 39.7945509], [30.523791, 39.7951206], [30.5237173, 39.7954751], [30.5235728, 39.7961527]]}, "bbox": [30.5235728, 39.7935517, 30.5240479, 39.7961527]}, {"id": "155", "type": "Feature", "properties": {"name": "Kalmaz Sokak", "_mahalle_str": "Zafer Mahallesi", "_hvi_str": "%56", "_aciklama_str": "Sıcaklık: yüksek<br>Ağaç örtüsü: düşük<br>Hastaneye uzaklık: uzak<br>Yeşil alana uzaklık: yakın<br>Yapılaşma yoğunluğu: çok yoğun<br>Nüfus yoğunluğu: seyrek<br>Yaşlı nüfus oranı: orta<br>Çocuk nüfus oranı: orta<br>Sosyoekonomik gelişmişlik: düşük"}, "geometry": {"type": "LineString", "coordinates": [[30.5293058, 39.7914025], [30.5293466, 39.7917941], [30.529346, 39.7920168], [30.5293477, 39.7921808], [30.5293594, 39.7925054], [30.5293322, 39.7926963], [30.5291947, 39.7933566], [30.5290026, 39.7941498], [30.5288849, 39.7947536], [30.5287519, 39.7952167], [30.5286289, 39.7954793], [30.5285137, 39.7957707]]}, "bbox": [30.5285137, 39.7914025, 30.5293594, 39.7957707]}, {"id": "156", "type": "Feature", "properties": {"name": null, "_mahalle_str": "Zafer Mahallesi", "_hvi_str": "%51", "_aciklama_str": "Sıcaklık: orta<br>Ağaç örtüsü: yüksek<br>Hastaneye uzaklık: orta<br>Yeşil alana uzaklık: yakın<br>Yapılaşma yoğunluğu: çok yoğun<br>Nüfus yoğunluğu: seyrek<br>Yaşlı nüfus oranı: orta<br>Çocuk nüfus oranı: orta<br>Sosyoekonomik gelişmişlik: düşük"}, "geometry": {"type": "LineString", "coordinates": [[30.5292614, 39.7958673], [30.5293859, 39.7955786], [30.5296292, 39.7950079], [30.529757, 39.7946976], [30.5298397, 39.7944121], [30.5299717, 39.79412], [30.5300614, 39.7938453], [30.5301409, 39.7935696]]}, "bbox": [30.5292614, 39.7935696, 30.5301409, 39.7958673]}, {"id": "157", "type": "Feature", "properties": {"name": "Trakya Sokak", "_mahalle_str": "Zafer Mahallesi", "_hvi_str": "%52", "_aciklama_str": "Sıcaklık: yüksek<br>Ağaç örtüsü: orta<br>Hastaneye uzaklık: yakın<br>Yeşil alana uzaklık: yakın<br>Yapılaşma yoğunluğu: çok yoğun<br>Nüfus yoğunluğu: seyrek<br>Yaşlı nüfus oranı: orta<br>Çocuk nüfus oranı: orta<br>Sosyoekonomik gelişmişlik: düşük"}, "geometry": {"type": "LineString", "coordinates": [[30.5274504, 39.793507], [30.5275972, 39.7928887], [30.5276352, 39.7926798], [30.5276624, 39.7924208], [30.5276345, 39.791517], [30.5276048, 39.7912903], [30.5275319, 39.7907263], [30.5274656, 39.7903261]]}, "bbox": [30.5274504, 39.7903261, 30.5276624, 39.793507]}, {"id": "159", "type": "Feature", "properties": {"name": "Dogancay Sokak", "_mahalle_str": "Zafer Mahallesi", "_hvi_str": "%53", "_aciklama_str": "Sıcaklık: orta<br>Ağaç örtüsü: düşük<br>Hastaneye uzaklık: orta<br>Yeşil alana uzaklık: çok yakın<br>Yapılaşma yoğunluğu: çok yoğun<br>Nüfus yoğunluğu: seyrek<br>Yaşlı nüfus oranı: orta<br>Çocuk nüfus oranı: orta<br>Sosyoekonomik gelişmişlik: düşük"}, "geometry": {"type": "LineString", "coordinates": [[30.5304136, 39.7936073], [30.530502, 39.7928856]]}, "bbox": [30.5304136, 39.7928856, 30.530502, 39.7936073]}, {"id": "160", "type": "Feature", "properties": {"name": "Kanalcik Sokak", "_mahalle_str": "Zafer Mahallesi", "_hvi_str": "%53", "_aciklama_str": "Sıcaklık: yüksek<br>Ağaç örtüsü: orta<br>Hastaneye uzaklık: orta<br>Yeşil alana uzaklık: çok yakın<br>Yapılaşma yoğunluğu: çok yoğun<br>Nüfus yoğunluğu: seyrek<br>Yaşlı nüfus oranı: orta<br>Çocuk nüfus oranı: orta<br>Sosyoekonomik gelişmişlik: düşük"}, "geometry": {"type": "LineString", "coordinates": [[30.5329781, 39.7936102], [30.5329176, 39.793613], [30.5322816, 39.7936073], [30.5315304, 39.7936136], [30.5306983, 39.7936068], [30.5304136, 39.7936073], [30.5301409, 39.7935696], [30.5299763, 39.7935206], [30.5291947, 39.7933566], [30.5287499, 39.7932355], [30.5284508, 39.7931477], [30.5283366, 39.7931185], [30.5281561, 39.793054], [30.5279506, 39.7929806], [30.5275972, 39.7928887]]}, "bbox": [30.5275972, 39.7928887, 30.5329781, 39.7936136]}, {"id": "161", "type": "Feature", "properties": {"name": "Yücetepe Sokak", "_mahalle_str": "Zafer Mahallesi", "_hvi_str": "%54", "_aciklama_str": "Sıcaklık: yüksek<br>Ağaç örtüsü: orta<br>Hastaneye uzaklık: orta<br>Yeşil alana uzaklık: çok yakın<br>Yapılaşma yoğunluğu: çok yoğun<br>Nüfus yoğunluğu: seyrek<br>Yaşlı nüfus oranı: orta<br>Çocuk nüfus oranı: orta<br>Sosyoekonomik gelişmişlik: düşük"}, "geometry": {"type": "LineString", "coordinates": [[30.5278446, 39.7936114], [30.5279506, 39.7929806]]}, "bbox": [30.5278446, 39.7929806, 30.5279506, 39.7936114]}, {"id": "162", "type": "Feature", "properties": {"name": "Meydanlık Sokak", "_mahalle_str": "Zafer Mahallesi", "_hvi_str": "%54", "_aciklama_str": "Sıcaklık: yüksek<br>Ağaç örtüsü: orta<br>Hastaneye uzaklık: yakın<br>Yeşil alana uzaklık: orta<br>Yapılaşma yoğunluğu: çok yoğun<br>Nüfus yoğunluğu: seyrek<br>Yaşlı nüfus oranı: orta<br>Çocuk nüfus oranı: orta<br>Sosyoekonomik gelişmişlik: düşük"}, "geometry": {"type": "LineString", "coordinates": [[30.527918, 39.7900478], [30.528042, 39.7902381], [30.5281601, 39.7905679], [30.5283101, 39.7908859], [30.5284492, 39.7911961], [30.5285017, 39.7914728], [30.5285478, 39.7918334], [30.5283198, 39.7925678]]}, "bbox": [30.527918, 39.7900478, 30.5285478, 39.7925678]}, {"id": "165", "type": "Feature", "properties": {"name": "Yenikaya Sokak", "_mahalle_str": "Zafer Mahallesi", "_hvi_str": "%55", "_aciklama_str": "Sıcaklık: yüksek<br>Ağaç örtüsü: düşük<br>Hastaneye uzaklık: orta<br>Yeşil alana uzaklık: çok yakın<br>Yapılaşma yoğunluğu: çok yoğun<br>Nüfus yoğunluğu: seyrek<br>Yaşlı nüfus oranı: orta<br>Çocuk nüfus oranı: orta<br>Sosyoekonomik gelişmişlik: düşük"}, "geometry": {"type": "LineString", "coordinates": [[30.5282252, 39.7937368], [30.5283366, 39.7931185]]}, "bbox": [30.5282252, 39.7931185, 30.5283366, 39.7937368]}, {"id": "166", "type": "Feature", "properties": {"name": "Akınel Sokak", "_mahalle_str": "Zafer Mahallesi", "_hvi_str": "%52", "_aciklama_str": "Sıcaklık: çok yüksek<br>Ağaç örtüsü: düşük<br>Hastaneye uzaklık: çok yakın<br>Yeşil alana uzaklık: uzak<br>Yapılaşma yoğunluğu: çok yoğun<br>Nüfus yoğunluğu: seyrek<br>Yaşlı nüfus oranı: orta<br>Çocuk nüfus oranı: orta<br>Sosyoekonomik gelişmişlik: düşük"}, "geometry": {"type": "LineString", "coordinates": [[30.5250842, 39.7906543], [30.5258584, 39.790596], [30.5266945, 39.7904502], [30.5274656, 39.7903261], [30.528042, 39.7902381]]}, "bbox": [30.5250842, 39.7902381, 30.528042, 39.7906543]}, {"id": "169", "type": "Feature", "properties": {"name": "Özcaglayan Sokak", "_mahalle_str": "Zafer Mahallesi", "_hvi_str": "%52", "_aciklama_str": "Sıcaklık: orta<br>Ağaç örtüsü: çok yüksek<br>Hastaneye uzaklık: orta<br>Yeşil alana uzaklık: yakın<br>Yapılaşma yoğunluğu: çok yoğun<br>Nüfus yoğunluğu: seyrek<br>Yaşlı nüfus oranı: orta<br>Çocuk nüfus oranı: orta<br>Sosyoekonomik gelişmişlik: düşük"}, "geometry": {"type": "LineString", "coordinates": [[30.5299763, 39.7935206], [30.5297699, 39.7927866]]}, "bbox": [30.5297699, 39.7927866, 30.5299763, 39.7935206]}, {"id": "170", "type": "Feature", "properties": {"name": "Ünallar Sokak", "_mahalle_str": "Zafer Mahallesi", "_hvi_str": "%55", "_aciklama_str": "Sıcaklık: yüksek<br>Ağaç örtüsü: düşük<br>Hastaneye uzaklık: orta<br>Yeşil alana uzaklık: çok yakın<br>Yapılaşma yoğunluğu: çok yoğun<br>Nüfus yoğunluğu: seyrek<br>Yaşlı nüfus oranı: orta<br>Çocuk nüfus oranı: orta<br>Sosyoekonomik gelişmişlik: düşük"}, "geometry": {"type": "LineString", "coordinates": [[30.5284329, 39.7946032], [30.5284387, 39.7943894], [30.5285601, 39.7940585], [30.5285785, 39.7939958], [30.5285922, 39.7938934], [30.5287499, 39.7932355], [30.5289102, 39.7926757], [30.5290179, 39.7922508], [30.5290452, 39.7921907], [30.529098, 39.792161], [30.5293477, 39.7921808]]}, "bbox": [30.5284329, 39.792161, 30.5293477, 39.7946032]}, {"id": "171", "type": "Feature", "properties": {"name": "Bayir Sokak", "_mahalle_str": "Zafer Mahallesi", "_hvi_str": "%53", "_aciklama_str": "Sıcaklık: orta<br>Ağaç örtüsü: yüksek<br>Hastaneye uzaklık: orta<br>Yeşil alana uzaklık: yakın<br>Yapılaşma yoğunluğu: çok yoğun<br>Nüfus yoğunluğu: seyrek<br>Yaşlı nüfus oranı: orta<br>Çocuk nüfus oranı: orta<br>Sosyoekonomik gelişmişlik: düşük"}, "geometry": {"type": "LineString", "coordinates": [[30.5307323, 39.792907], [30.530502, 39.7928856], [30.5297699, 39.7927866], [30.5293322, 39.7926963]]}, "bbox": [30.5293322, 39.7926963, 30.5307323, 39.792907]}, {"id": "172", "type": "Feature", "properties": {"name": "Buğday Sokak", "_mahalle_str": "Zafer Mahallesi", "_hvi_str": "%51", "_aciklama_str": "Sıcaklık: yüksek<br>Ağaç örtüsü: düşük<br>Hastaneye uzaklık: orta<br>Yeşil alana uzaklık: çok yakın<br>Yapılaşma yoğunluğu: çok yoğun<br>Nüfus yoğunluğu: seyrek<br>Yaşlı nüfus oranı: orta<br>Çocuk nüfus oranı: orta<br>Sosyoekonomik gelişmişlik: düşük"}, "geometry": {"type": "LineString", "coordinates": [[30.5276624, 39.7924208], [30.5279179, 39.792465], [30.5283198, 39.7925678], [30.5286085, 39.7926297], [30.5289102, 39.7926757]]}, "bbox": [30.5276624, 39.7924208, 30.5289102, 39.7926757]}, {"id": "174", "type": "Feature", "properties": {"name": "Özen Sokak", "_mahalle_str": "Zafer Mahallesi", "_hvi_str": "%55", "_aciklama_str": "Sıcaklık: çok yüksek<br>Ağaç örtüsü: çok düşük<br>Hastaneye uzaklık: orta<br>Yeşil alana uzaklık: yakın<br>Yapılaşma yoğunluğu: çok yoğun<br>Nüfus yoğunluğu: seyrek<br>Yaşlı nüfus oranı: orta<br>Çocuk nüfus oranı: orta<br>Sosyoekonomik gelişmişlik: düşük"}, "geometry": {"type": "LineString", "coordinates": [[30.5265007, 39.7932781], [30.5270494, 39.7934078], [30.5274504, 39.793507], [30.5278446, 39.7936114], [30.5282252, 39.7937368], [30.5285922, 39.7938934]]}, "bbox": [30.5265007, 39.7932781, 30.5285922, 39.7938934]}, {"id": "175", "type": "Feature", "properties": {"name": "Egeli Sokak", "_mahalle_str": "Zafer Mahallesi", "_hvi_str": "%54", "_aciklama_str": "Sıcaklık: yüksek<br>Ağaç örtüsü: düşük<br>Hastaneye uzaklık: orta<br>Yeşil alana uzaklık: çok yakın<br>Yapılaşma yoğunluğu: çok yoğun<br>Nüfus yoğunluğu: seyrek<br>Yaşlı nüfus oranı: orta<br>Çocuk nüfus oranı: orta<br>Sosyoekonomik gelişmişlik: düşük"}, "geometry": {"type": "LineString", "coordinates": [[30.5284508, 39.7931477], [30.5286085, 39.7926297], [30.5288097, 39.7919874], [30.5290068, 39.7914129]]}, "bbox": [30.5284508, 39.7914129, 30.5290068, 39.7931477]}, {"id": "176", "type": "Feature", "properties": {"name": "Badem Sokak", "_mahalle_str": "Zafer Mahallesi", "_hvi_str": "%51", "_aciklama_str": "Sıcaklık: düşük<br>Ağaç örtüsü: düşük<br>Hastaneye uzaklık: yakın<br>Yeşil alana uzaklık: yakın<br>Yapılaşma yoğunluğu: çok yoğun<br>Nüfus yoğunluğu: seyrek<br>Yaşlı nüfus oranı: orta<br>Çocuk nüfus oranı: orta<br>Sosyoekonomik gelişmişlik: düşük"}, "geometry": {"type": "LineString", "coordinates": [[30.5323355, 39.7920986], [30.5322921, 39.792105], [30.5316633, 39.7921772], [30.5315758, 39.7921796], [30.5312895, 39.7921876], [30.5310313, 39.792155], [30.5305554, 39.7919735], [30.5304127, 39.7919108], [30.5301205, 39.7917907], [30.5298554, 39.7917333]]}, "bbox": [30.5298554, 39.7917333, 30.5323355, 39.7921876]}, {"id": "177", "type": "Feature", "properties": {"name": null, "_mahalle_str": "Ömerağa Mahallesi", "_hvi_str": "%51", "_aciklama_str": "Sıcaklık: yüksek<br>Ağaç örtüsü: düşük<br>Hastaneye uzaklık: çok yakın<br>Yeşil alana uzaklık: çok uzak<br>Yapılaşma yoğunluğu: çok yoğun<br>Nüfus yoğunluğu: seyrek<br>Yaşlı nüfus oranı: orta<br>Çocuk nüfus oranı: orta<br>Sosyoekonomik gelişmişlik: düşük"}, "geometry": {"type": "LineString", "coordinates": [[30.5188654, 39.7825403], [30.5188119, 39.7823007], [30.5187782, 39.7822106], [30.5186738, 39.7821137], [30.5184229, 39.7819963]]}, "bbox": [30.5184229, 39.7819963, 30.5188654, 39.7825403]}, {"id": "178", "type": "Feature", "properties": {"name": "Artok Sokak", "_mahalle_str": "Ömerağa Mahallesi", "_hvi_str": "%57", "_aciklama_str": "Sıcaklık: çok yüksek<br>Ağaç örtüsü: düşük<br>Hastaneye uzaklık: yakın<br>Yeşil alana uzaklık: çok uzak<br>Yapılaşma yoğunluğu: çok yoğun<br>Nüfus yoğunluğu: seyrek<br>Yaşlı nüfus oranı: orta<br>Çocuk nüfus oranı: orta<br>Sosyoekonomik gelişmişlik: düşük"}, "geometry": {"type": "LineString", "coordinates": [[30.5223464, 39.7838864], [30.5225587, 39.7843116], [30.5230163, 39.7852301], [30.5231497, 39.7855248], [30.5232865, 39.7857871], [30.5233933, 39.7860277]]}, "bbox": [30.5223464, 39.7838864, 30.5233933, 39.7860277]}, {"id": "181", "type": "Feature", "properties": {"name": "Çelebi Sokak", "_mahalle_str": "Ömerağa Mahallesi", "_hvi_str": "%51", "_aciklama_str": "Sıcaklık: çok yüksek<br>Ağaç örtüsü: orta<br>Hastaneye uzaklık: çok yakın<br>Yeşil alana uzaklık: uzak<br>Yapılaşma yoğunluğu: çok yoğun<br>Nüfus yoğunluğu: seyrek<br>Yaşlı nüfus oranı: orta<br>Çocuk nüfus oranı: orta<br>Sosyoekonomik gelişmişlik: düşük"}, "geometry": {"type": "LineString", "coordinates": [[30.5256297, 39.7868187], [30.5254864, 39.7865079], [30.5251538, 39.7858933], [30.5249422, 39.7855307], [30.5247896, 39.7852024], [30.5245561, 39.7847689]]}, "bbox": [30.5245561, 39.7847689, 30.5256297, 39.7868187]}, {"id": "184", "type": "Feature", "properties": {"name": "Ova Sokak", "_mahalle_str": "Ömerağa Mahallesi", "_hvi_str": "%52", "_aciklama_str": "Sıcaklık: çok yüksek<br>Ağaç örtüsü: düşük<br>Hastaneye uzaklık: çok yakın<br>Yeşil alana uzaklık: uzak<br>Yapılaşma yoğunluğu: çok yoğun<br>Nüfus yoğunluğu: seyrek<br>Yaşlı nüfus oranı: orta<br>Çocuk nüfus oranı: orta<br>Sosyoekonomik gelişmişlik: düşük"}, "geometry": {"type": "LineString", "coordinates": [[30.5249643, 39.7865855], [30.5247979, 39.7861024], [30.5245469, 39.7856418], [30.5244484, 39.7852738]]}, "bbox": [30.5244484, 39.7852738, 30.5249643, 39.7865855]}, {"id": "194", "type": "Feature", "properties": {"name": "Saray Sokak", "_mahalle_str": "Ömerağa Mahallesi", "_hvi_str": "%53", "_aciklama_str": "Sıcaklık: çok yüksek<br>Ağaç örtüsü: çok düşük<br>Hastaneye uzaklık: çok yakın<br>Yeşil alana uzaklık: uzak<br>Yapılaşma yoğunluğu: çok yoğun<br>Nüfus yoğunluğu: seyrek<br>Yaşlı nüfus oranı: orta<br>Çocuk nüfus oranı: orta<br>Sosyoekonomik gelişmişlik: düşük"}, "geometry": {"type": "LineString", "coordinates": [[30.5241266, 39.7857388], [30.5243258, 39.7860913], [30.5244292, 39.786415]]}, "bbox": [30.5241266, 39.7857388, 30.5244292, 39.786415]}, {"id": "197", "type": "Feature", "properties": {"name": "Sevim Sokak", "_mahalle_str": "Tunalı Mahallesi", "_hvi_str": "%58", "_aciklama_str": "Sıcaklık: çok yüksek<br>Ağaç örtüsü: düşük<br>Hastaneye uzaklık: çok yakın<br>Yeşil alana uzaklık: çok uzak<br>Yapılaşma yoğunluğu: çok yoğun<br>Nüfus yoğunluğu: seyrek<br>Yaşlı nüfus oranı: orta<br>Çocuk nüfus oranı: orta<br>Sosyoekonomik gelişmişlik: düşük"}, "geometry": {"type": "LineString", "coordinates": [[30.5206867, 39.7837769], [30.5191052, 39.7840164], [30.5186669, 39.7840796]]}, "bbox": [30.5186669, 39.7837769, 30.5206867, 39.7840796]}, {"id": "198", "type": "Feature", "properties": {"name": "Ün Sokak", "_mahalle_str": "Tunalı Mahallesi", "_hvi_str": "%58", "_aciklama_str": "Sıcaklık: çok yüksek<br>Ağaç örtüsü: düşük<br>Hastaneye uzaklık: yakın<br>Yeşil alana uzaklık: çok uzak<br>Yapılaşma yoğunluğu: çok yoğun<br>Nüfus yoğunluğu: seyrek<br>Yaşlı nüfus oranı: orta<br>Çocuk nüfus oranı: orta<br>Sosyoekonomik gelişmişlik: düşük"}, "geometry": {"type": "LineString", "coordinates": [[30.519179, 39.7845056], [30.5191052, 39.7840164], [30.5189801, 39.7835652], [30.5189553, 39.7833295], [30.5188841, 39.7828681]]}, "bbox": [30.5188841, 39.7828681, 30.519179, 39.7845056]}, {"id": "200", "type": "Feature", "properties": {"name": "Erlik Sokak", "_mahalle_str": "Ömerağa Mahallesi", "_hvi_str": "%57", "_aciklama_str": "Sıcaklık: çok yüksek<br>Ağaç örtüsü: düşük<br>Hastaneye uzaklık: yakın<br>Yeşil alana uzaklık: çok uzak<br>Yapılaşma yoğunluğu: çok yoğun<br>Nüfus yoğunluğu: seyrek<br>Yaşlı nüfus oranı: orta<br>Çocuk nüfus oranı: orta<br>Sosyoekonomik gelişmişlik: düşük"}, "geometry": {"type": "LineString", "coordinates": [[30.5224577, 39.7855442], [30.5224301, 39.7853723], [30.5223564, 39.7851687], [30.5216777, 39.7840314], [30.5204473, 39.7829151]]}, "bbox": [30.5204473, 39.7829151, 30.5224577, 39.7855442]}, {"id": "201", "type": "Feature", "properties": {"name": "Elmaslı Sokak", "_mahalle_str": "Ömerağa Mahallesi", "_hvi_str": "%57", "_aciklama_str": "Sıcaklık: çok yüksek<br>Ağaç örtüsü: düşük<br>Hastaneye uzaklık: yakın<br>Yeşil alana uzaklık: çok uzak<br>Yapılaşma yoğunluğu: çok yoğun<br>Nüfus yoğunluğu: seyrek<br>Yaşlı nüfus oranı: orta<br>Çocuk nüfus oranı: orta<br>Sosyoekonomik gelişmişlik: düşük"}, "geometry": {"type": "LineString", "coordinates": [[30.5228192, 39.7842678], [30.5232406, 39.7851452]]}, "bbox": [30.5228192, 39.7842678, 30.5232406, 39.7851452]}, {"id": "202", "type": "Feature", "properties": {"name": "Çavuş Sokak", "_mahalle_str": "Tunalı Mahallesi", "_hvi_str": "%52", "_aciklama_str": "Sıcaklık: çok yüksek<br>Ağaç örtüsü: düşük<br>Hastaneye uzaklık: yakın<br>Yeşil alana uzaklık: orta<br>Yapılaşma yoğunluğu: çok yoğun<br>Nüfus yoğunluğu: seyrek<br>Yaşlı nüfus oranı: orta<br>Çocuk nüfus oranı: orta<br>Sosyoekonomik gelişmişlik: düşük"}, "geometry": {"type": "LineString", "coordinates": [[30.5218704, 39.7881507], [30.5218963, 39.7879375], [30.5219229, 39.7875953], [30.5219494, 39.7870971], [30.521955, 39.7867661], [30.5219648, 39.7861907], [30.5219647, 39.785891], [30.5219458, 39.785535], [30.5219114, 39.7849564]]}, "bbox": [30.5218704, 39.7849564, 30.5219648, 39.7881507]}, {"id": "203", "type": "Feature", "properties": {"name": "Yılmazlar Sokak", "_mahalle_str": "Ömerağa Mahallesi", "_hvi_str": "%54", "_aciklama_str": "Sıcaklık: yüksek<br>Ağaç örtüsü: çok düşük<br>Hastaneye uzaklık: çok yakın<br>Yeşil alana uzaklık: çok uzak<br>Yapılaşma yoğunluğu: çok yoğun<br>Nüfus yoğunluğu: seyrek<br>Yaşlı nüfus oranı: orta<br>Çocuk nüfus oranı: orta<br>Sosyoekonomik gelişmişlik: düşük"}, "geometry": {"type": "LineString", "coordinates": [[30.518392, 39.7826259], [30.5188654, 39.7825403], [30.5191436, 39.7824814], [30.519174, 39.7824479], [30.5191914, 39.7824045], [30.5192653, 39.7823777], [30.5196135, 39.7823636], [30.5196742, 39.7823577], [30.5203504, 39.7823227], [30.5207687, 39.7822569]]}, "bbox": [30.518392, 39.7822569, 30.5207687, 39.7826259]}, {"id": "204", "type": "Feature", "properties": {"name": "Yuka Sokak", "_mahalle_str": "Ömerağa Mahallesi", "_hvi_str": "%54", "_aciklama_str": "Sıcaklık: yüksek<br>Ağaç örtüsü: düşük<br>Hastaneye uzaklık: yakın<br>Yeşil alana uzaklık: çok uzak<br>Yapılaşma yoğunluğu: çok yoğun<br>Nüfus yoğunluğu: seyrek<br>Yaşlı nüfus oranı: orta<br>Çocuk nüfus oranı: orta<br>Sosyoekonomik gelişmişlik: düşük"}, "geometry": {"type": "LineString", "coordinates": [[30.5225949, 39.7828576], [30.5218337, 39.7829882]]}, "bbox": [30.5218337, 39.7828576, 30.5225949, 39.7829882]}, {"id": "205", "type": "Feature", "properties": {"name": "Ataman Sokak", "_mahalle_str": "Ömerağa Mahallesi", "_hvi_str": "%55", "_aciklama_str": "Sıcaklık: çok yüksek<br>Ağaç örtüsü: düşük<br>Hastaneye uzaklık: yakın<br>Yeşil alana uzaklık: çok uzak<br>Yapılaşma yoğunluğu: çok yoğun<br>Nüfus yoğunluğu: seyrek<br>Yaşlı nüfus oranı: orta<br>Çocuk nüfus oranı: orta<br>Sosyoekonomik gelişmişlik: düşük"}, "geometry": {"type": "LineString", "coordinates": [[30.5212634, 39.7823716], [30.5208754, 39.7826017], [30.5205968, 39.782795], [30.5204473, 39.7829151], [30.5200104, 39.7832065]]}, "bbox": [30.5200104, 39.7823716, 30.5212634, 39.7832065]}, {"id": "206", "type": "Feature", "properties": {"name": "Varlık Sokak", "_mahalle_str": "Tunalı Mahallesi", "_hvi_str": "%58", "_aciklama_str": "Sıcaklık: çok yüksek<br>Ağaç örtüsü: düşük<br>Hastaneye uzaklık: yakın<br>Yeşil alana uzaklık: çok uzak<br>Yapılaşma yoğunluğu: çok yoğun<br>Nüfus yoğunluğu: seyrek<br>Yaşlı nüfus oranı: orta<br>Çocuk nüfus oranı: orta<br>Sosyoekonomik gelişmişlik: düşük"}, "geometry": {"type": "LineString", "coordinates": [[30.5201974, 39.7833703], [30.5189801, 39.7835652], [30.5185611, 39.7836173]]}, "bbox": [30.5185611, 39.7833703, 30.5201974, 39.7836173]}, {"id": "207", "type": "Feature", "properties": {"name": null, "_mahalle_str": "Ömerağa Mahallesi", "_hvi_str": "%56", "_aciklama_str": "Sıcaklık: çok yüksek<br>Ağaç örtüsü: orta<br>Hastaneye uzaklık: orta<br>Yeşil alana uzaklık: çok uzak<br>Yapılaşma yoğunluğu: çok yoğun<br>Nüfus yoğunluğu: seyrek<br>Yaşlı nüfus oranı: orta<br>Çocuk nüfus oranı: orta<br>Sosyoekonomik gelişmişlik: düşük"}, "geometry": {"type": "LineString", "coordinates": [[30.5218881, 39.7831762], [30.5216366, 39.7832807], [30.5215619, 39.7832807]]}, "bbox": [30.5215619, 39.7831762, 30.5218881, 39.7832807]}, {"id": "208", "type": "Feature", "properties": {"name": "Namlı Sokak", "_mahalle_str": "Güllük Mahallesi", "_hvi_str": "%55", "_aciklama_str": "Sıcaklık: çok yüksek<br>Ağaç örtüsü: çok düşük<br>Hastaneye uzaklık: çok yakın<br>Yeşil alana uzaklık: uzak<br>Yapılaşma yoğunluğu: çok yoğun<br>Nüfus yoğunluğu: seyrek<br>Yaşlı nüfus oranı: orta<br>Çocuk nüfus oranı: orta<br>Sosyoekonomik gelişmişlik: düşük"}, "geometry": {"type": "LineString", "coordinates": [[30.5176305, 39.7842796], [30.5182674, 39.7842114], [30.5186825, 39.7841669]]}, "bbox": [30.5176305, 39.7841669, 30.5186825, 39.7842796]}, {"id": "209", "type": "Feature", "properties": {"name": "Yardım Sokak", "_mahalle_str": "Ömerağa Mahallesi", "_hvi_str": "%55", "_aciklama_str": "Sıcaklık: çok yüksek<br>Ağaç örtüsü: düşük<br>Hastaneye uzaklık: yakın<br>Yeşil alana uzaklık: çok uzak<br>Yapılaşma yoğunluğu: çok yoğun<br>Nüfus yoğunluğu: seyrek<br>Yaşlı nüfus oranı: orta<br>Çocuk nüfus oranı: orta<br>Sosyoekonomik gelişmişlik: düşük"}, "geometry": {"type": "LineString", "coordinates": [[30.5224671, 39.7825793], [30.5225949, 39.7828576], [30.5227597, 39.7833337], [30.5229117, 39.783773], [30.5231386, 39.7841999], [30.5235668, 39.7850721]]}, "bbox": [30.5224671, 39.7825793, 30.5235668, 39.7850721]}, {"id": "211", "type": "Feature", "properties": {"name": "Kumal Sokak", "_mahalle_str": "Tunalı Mahallesi", "_hvi_str": "%55", "_aciklama_str": "Sıcaklık: çok yüksek<br>Ağaç örtüsü: düşük<br>Hastaneye uzaklık: yakın<br>Yeşil alana uzaklık: çok uzak<br>Yapılaşma yoğunluğu: çok yoğun<br>Nüfus yoğunluğu: seyrek<br>Yaşlı nüfus oranı: orta<br>Çocuk nüfus oranı: orta<br>Sosyoekonomik gelişmişlik: düşük"}, "geometry": {"type": "LineString", "coordinates": [[30.5212115, 39.7855629], [30.5212087, 39.7849319], [30.5211848, 39.7841826]]}, "bbox": [30.5211848, 39.7841826, 30.5212115, 39.7855629]}, {"id": "213", "type": "Feature", "properties": {"name": "Övünme Sokak", "_mahalle_str": "Ömerağa Mahallesi", "_hvi_str": "%56", "_aciklama_str": "Sıcaklık: çok yüksek<br>Ağaç örtüsü: orta<br>Hastaneye uzaklık: yakın<br>Yeşil alana uzaklık: çok uzak<br>Yapılaşma yoğunluğu: çok yoğun<br>Nüfus yoğunluğu: seyrek<br>Yaşlı nüfus oranı: orta<br>Çocuk nüfus oranı: orta<br>Sosyoekonomik gelişmişlik: düşük"}, "geometry": {"type": "LineString", "coordinates": [[30.522096, 39.7839366], [30.5219833, 39.7834896]]}, "bbox": [30.5219833, 39.7834896, 30.522096, 39.7839366]}, {"id": "216", "type": "Feature", "properties": {"name": "Orakçı Sokak", "_mahalle_str": "Tunalı Mahallesi", "_hvi_str": "%56", "_aciklama_str": "Sıcaklık: çok yüksek<br>Ağaç örtüsü: orta<br>Hastaneye uzaklık: çok yakın<br>Yeşil alana uzaklık: çok uzak<br>Yapılaşma yoğunluğu: çok yoğun<br>Nüfus yoğunluğu: seyrek<br>Yaşlı nüfus oranı: orta<br>Çocuk nüfus oranı: orta<br>Sosyoekonomik gelişmişlik: düşük"}, "geometry": {"type": "LineString", "coordinates": [[30.5187659, 39.78454], [30.5190867, 39.7845446], [30.519179, 39.7845056], [30.5205998, 39.7843019], [30.5211848, 39.7841826]]}, "bbox": [30.5187659, 39.7841826, 30.5211848, 39.7845446]}, {"id": "218", "type": "Feature", "properties": {"name": null, "_mahalle_str": "Tunalı Mahallesi", "_hvi_str": "%53", "_aciklama_str": "Sıcaklık: çok yüksek<br>Ağaç örtüsü: çok düşük<br>Hastaneye uzaklık: yakın<br>Yeşil alana uzaklık: uzak<br>Yapılaşma yoğunluğu: çok yoğun<br>Nüfus yoğunluğu: seyrek<br>Yaşlı nüfus oranı: orta<br>Çocuk nüfus oranı: orta<br>Sosyoekonomik gelişmişlik: düşük"}, "geometry": {"type": "LineString", "coordinates": [[30.5212303, 39.7861666], [30.5212403, 39.7859185], [30.5212115, 39.7855629]]}, "bbox": [30.5212115, 39.7855629, 30.5212403, 39.7861666]}, {"id": "219", "type": "Feature", "properties": {"name": "Gülpınarlar Sokak", "_mahalle_str": "Kumlubel Mahallesi", "_hvi_str": "%52", "_aciklama_str": "Sıcaklık: yüksek<br>Ağaç örtüsü: çok düşük<br>Hastaneye uzaklık: orta<br>Yeşil alana uzaklık: uzak<br>Yapılaşma yoğunluğu: yoğun<br>Nüfus yoğunluğu: seyrek<br>Yaşlı nüfus oranı: orta<br>Çocuk nüfus oranı: orta<br>Sosyoekonomik gelişmişlik: düşük"}, "geometry": {"type": "LineString", "coordinates": [[30.5218862, 39.7958421], [30.5219859, 39.7948879], [30.5220532, 39.7942786], [30.5222549, 39.7926847]]}, "bbox": [30.5218862, 39.7926847, 30.5222549, 39.7958421]}, {"id": "220", "type": "Feature", "properties": {"name": "Bolluk Sokak", "_mahalle_str": "Tunalı Mahallesi", "_hvi_str": "%56", "_aciklama_str": "Sıcaklık: çok yüksek<br>Ağaç örtüsü: çok düşük<br>Hastaneye uzaklık: çok yakın<br>Yeşil alana uzaklık: çok uzak<br>Yapılaşma yoğunluğu: çok yoğun<br>Nüfus yoğunluğu: seyrek<br>Yaşlı nüfus oranı: orta<br>Çocuk nüfus oranı: orta<br>Sosyoekonomik gelişmişlik: düşük"}, "geometry": {"type": "LineString", "coordinates": [[30.5195928, 39.7828388], [30.5193734, 39.7828472], [30.5188841, 39.7828681], [30.51844, 39.782889]]}, "bbox": [30.51844, 39.7828388, 30.5195928, 39.782889]}, {"id": "221", "type": "Feature", "properties": {"name": "Ayata Sokak", "_mahalle_str": "Tunalı Mahallesi", "_hvi_str": "%54", "_aciklama_str": "Sıcaklık: çok yüksek<br>Ağaç örtüsü: düşük<br>Hastaneye uzaklık: çok yakın<br>Yeşil alana uzaklık: uzak<br>Yapılaşma yoğunluğu: çok yoğun<br>Nüfus yoğunluğu: seyrek<br>Yaşlı nüfus oranı: orta<br>Çocuk nüfus oranı: orta<br>Sosyoekonomik gelişmişlik: düşük"}, "geometry": {"type": "LineString", "coordinates": [[30.5188725, 39.7849175], [30.5192443, 39.7849572], [30.5196589, 39.785046], [30.5201278, 39.785187], [30.5206483, 39.7853581]]}, "bbox": [30.5188725, 39.7849175, 30.5206483, 39.7853581]}, {"id": "222", "type": "Feature", "properties": {"name": "Dalyan Sokak", "_mahalle_str": "Ömerağa Mahallesi", "_hvi_str": "%59", "_aciklama_str": "Sıcaklık: çok yüksek<br>Ağaç örtüsü: çok düşük<br>Hastaneye uzaklık: orta<br>Yeşil alana uzaklık: çok uzak<br>Yapılaşma yoğunluğu: çok yoğun<br>Nüfus yoğunluğu: seyrek<br>Yaşlı nüfus oranı: orta<br>Çocuk nüfus oranı: orta<br>Sosyoekonomik gelişmişlik: düşük"}, "geometry": {"type": "LineString", "coordinates": [[30.5231386, 39.7841999], [30.5228192, 39.7842678], [30.5225587, 39.7843116]]}, "bbox": [30.5225587, 39.7841999, 30.5231386, 39.7843116]}, {"id": "224", "type": "Feature", "properties": {"name": "Alaç Sokak", "_mahalle_str": "Güllük Mahallesi", "_hvi_str": "%55", "_aciklama_str": "Sıcaklık: yüksek<br>Ağaç örtüsü: çok düşük<br>Hastaneye uzaklık: çok yakın<br>Yeşil alana uzaklık: çok uzak<br>Yapılaşma yoğunluğu: çok yoğun<br>Nüfus yoğunluğu: seyrek<br>Yaşlı nüfus oranı: orta<br>Çocuk nüfus oranı: orta<br>Sosyoekonomik gelişmişlik: düşük"}, "geometry": {"type": "LineString", "coordinates": [[30.5184894, 39.7832165], [30.5177401, 39.7831458]]}, "bbox": [30.5177401, 39.7831458, 30.5184894, 39.7832165]}, {"id": "226", "type": "Feature", "properties": {"name": "Atlı Sokak", "_mahalle_str": "Ömerağa Mahallesi", "_hvi_str": "%57", "_aciklama_str": "Sıcaklık: çok yüksek<br>Ağaç örtüsü: çok düşük<br>Hastaneye uzaklık: yakın<br>Yeşil alana uzaklık: uzak<br>Yapılaşma yoğunluğu: çok yoğun<br>Nüfus yoğunluğu: seyrek<br>Yaşlı nüfus oranı: orta<br>Çocuk nüfus oranı: orta<br>Sosyoekonomik gelişmişlik: düşük"}, "geometry": {"type": "LineString", "coordinates": [[30.5245727, 39.7837925], [30.5236684, 39.7840187]]}, "bbox": [30.5236684, 39.7837925, 30.5245727, 39.7840187]}, {"id": "228", "type": "Feature", "properties": {"name": "Dingi Sokak", "_mahalle_str": "Tunalı Mahallesi", "_hvi_str": "%52", "_aciklama_str": "Sıcaklık: çok yüksek<br>Ağaç örtüsü: çok düşük<br>Hastaneye uzaklık: çok yakın<br>Yeşil alana uzaklık: uzak<br>Yapılaşma yoğunluğu: çok yoğun<br>Nüfus yoğunluğu: seyrek<br>Yaşlı nüfus oranı: orta<br>Çocuk nüfus oranı: orta<br>Sosyoekonomik gelişmişlik: düşük"}, "geometry": {"type": "LineString", "coordinates": [[30.5190338, 39.7859926], [30.5199569, 39.7860396], [30.5202926, 39.7860584], [30.5206555, 39.7861069], [30.5212303, 39.7861666], [30.5213577, 39.7861753], [30.5219648, 39.7861907], [30.522992, 39.7862273]]}, "bbox": [30.5190338, 39.7859926, 30.522992, 39.7862273]}, {"id": "229", "type": "Feature", "properties": {"name": "İmren Sokak", "_mahalle_str": "Tunalı Mahallesi", "_hvi_str": "%55", "_aciklama_str": "Sıcaklık: çok yüksek<br>Ağaç örtüsü: çok düşük<br>Hastaneye uzaklık: çok yakın<br>Yeşil alana uzaklık: uzak<br>Yapılaşma yoğunluğu: çok yoğun<br>Nüfus yoğunluğu: seyrek<br>Yaşlı nüfus oranı: orta<br>Çocuk nüfus oranı: orta<br>Sosyoekonomik gelişmişlik: düşük"}, "geometry": {"type": "LineString", "coordinates": [[30.5206577, 39.7855647], [30.5206483, 39.7853581], [30.5206276, 39.7849818], [30.5205998, 39.7843019]]}, "bbox": [30.5205998, 39.7843019, 30.5206577, 39.7855647]}, {"id": "230", "type": "Feature", "properties": {"name": "Çakmaklı Sokak", "_mahalle_str": "Ömerağa Mahallesi", "_hvi_str": "%50", "_aciklama_str": "Sıcaklık: yüksek<br>Ağaç örtüsü: düşük<br>Hastaneye uzaklık: yakın<br>Yeşil alana uzaklık: uzak<br>Yapılaşma yoğunluğu: çok yoğun<br>Nüfus yoğunluğu: seyrek<br>Yaşlı nüfus oranı: orta<br>Çocuk nüfus oranı: orta<br>Sosyoekonomik gelişmişlik: düşük"}, "geometry": {"type": "LineString", "coordinates": [[30.5230553, 39.7826888], [30.5231794, 39.7832494]]}, "bbox": [30.5230553, 39.7826888, 30.5231794, 39.7832494]}, {"id": "233", "type": "Feature", "properties": {"name": "Cannur Sokak", "_mahalle_str": "Tunalı Mahallesi", "_hvi_str": "%54", "_aciklama_str": "Sıcaklık: çok yüksek<br>Ağaç örtüsü: çok düşük<br>Hastaneye uzaklık: yakın<br>Yeşil alana uzaklık: uzak<br>Yapılaşma yoğunluğu: çok yoğun<br>Nüfus yoğunluğu: seyrek<br>Yaşlı nüfus oranı: orta<br>Çocuk nüfus oranı: orta<br>Sosyoekonomik gelişmişlik: düşük"}, "geometry": {"type": "LineString", "coordinates": [[30.5206548, 39.7858507], [30.5212403, 39.7859185], [30.5219647, 39.785891]]}, "bbox": [30.5206548, 39.7858507, 30.5219647, 39.7859185]}, {"id": "234", "type": "Feature", "properties": {"name": "Kanat Sokak", "_mahalle_str": "Ömerağa Mahallesi", "_hvi_str": "%53", "_aciklama_str": "Sıcaklık: çok yüksek<br>Ağaç örtüsü: düşük<br>Hastaneye uzaklık: yakın<br>Yeşil alana uzaklık: uzak<br>Yapılaşma yoğunluğu: çok yoğun<br>Nüfus yoğunluğu: seyrek<br>Yaşlı nüfus oranı: orta<br>Çocuk nüfus oranı: orta<br>Sosyoekonomik gelişmişlik: düşük"}, "geometry": {"type": "LineString", "coordinates": [[30.5248649, 39.78467], [30.5246746, 39.7841947], [30.5245727, 39.7837925], [30.5245303, 39.7835091], [30.5244583, 39.7831768], [30.5243621, 39.782911]]}, "bbox": [30.5243621, 39.782911, 30.5248649, 39.78467]}, {"id": "236", "type": "Feature", "properties": {"name": "Alpçetin Sokak", "_mahalle_str": "Tunalı Mahallesi", "_hvi_str": "%56", "_aciklama_str": "Sıcaklık: çok yüksek<br>Ağaç örtüsü: çok düşük<br>Hastaneye uzaklık: çok yakın<br>Yeşil alana uzaklık: çok uzak<br>Yapılaşma yoğunluğu: çok yoğun<br>Nüfus yoğunluğu: seyrek<br>Yaşlı nüfus oranı: orta<br>Çocuk nüfus oranı: orta<br>Sosyoekonomik gelişmişlik: düşük"}, "geometry": {"type": "LineString", "coordinates": [[30.5193734, 39.7828472], [30.5194626, 39.7832744]]}, "bbox": [30.5193734, 39.7828472, 30.5194626, 39.7832744]}, {"id": "238", "type": "Feature", "properties": {"name": "Cinartepe Sokak", "_mahalle_str": "Zafer Mahallesi", "_hvi_str": "%54", "_aciklama_str": "Sıcaklık: orta<br>Ağaç örtüsü: düşük<br>Hastaneye uzaklık: orta<br>Yeşil alana uzaklık: çok yakın<br>Yapılaşma yoğunluğu: çok yoğun<br>Nüfus yoğunluğu: seyrek<br>Yaşlı nüfus oranı: orta<br>Çocuk nüfus oranı: orta<br>Sosyoekonomik gelişmişlik: düşük"}, "geometry": {"type": "LineString", "coordinates": [[30.5306551, 39.7942593], [30.5299717, 39.79412], [30.5293095, 39.7939905]]}, "bbox": [30.5293095, 39.7939905, 30.5306551, 39.7942593]}, {"id": "240", "type": "Feature", "properties": {"name": "Sevinçli Sokak", "_mahalle_str": "Zafer Mahallesi", "_hvi_str": "%52", "_aciklama_str": "Sıcaklık: orta<br>Ağaç örtüsü: yüksek<br>Hastaneye uzaklık: orta<br>Yeşil alana uzaklık: uzak<br>Yapılaşma yoğunluğu: çok yoğun<br>Nüfus yoğunluğu: seyrek<br>Yaşlı nüfus oranı: orta<br>Çocuk nüfus oranı: orta<br>Sosyoekonomik gelişmişlik: düşük"}, "geometry": {"type": "LineString", "coordinates": [[30.5289729, 39.7907393], [30.5293058, 39.7914025]]}, "bbox": [30.5289729, 39.7907393, 30.5293058, 39.7914025]}, {"id": "243", "type": "Feature", "properties": {"name": "Gecmez Sokak", "_mahalle_str": "Zafer Mahallesi", "_hvi_str": "%57", "_aciklama_str": "Sıcaklık: yüksek<br>Ağaç örtüsü: çok düşük<br>Hastaneye uzaklık: orta<br>Yeşil alana uzaklık: uzak<br>Yapılaşma yoğunluğu: çok yoğun<br>Nüfus yoğunluğu: seyrek<br>Yaşlı nüfus oranı: orta<br>Çocuk nüfus oranı: orta<br>Sosyoekonomik gelişmişlik: düşük"}, "geometry": {"type": "LineString", "coordinates": [[30.5267863, 39.7948665], [30.5268167, 39.7945733], [30.5269908, 39.7940679]]}, "bbox": [30.5267863, 39.7940679, 30.5269908, 39.7948665]}, {"id": "248", "type": "Feature", "properties": {"name": "Muhtarlık Sokak", "_mahalle_str": "Fatih Mahallesi", "_hvi_str": "%52", "_aciklama_str": "Sıcaklık: yüksek<br>Ağaç örtüsü: orta<br>Hastaneye uzaklık: orta<br>Yeşil alana uzaklık: orta<br>Yapılaşma yoğunluğu: çok yoğun<br>Nüfus yoğunluğu: seyrek<br>Yaşlı nüfus oranı: orta<br>Çocuk nüfus oranı: orta<br>Sosyoekonomik gelişmişlik: düşük"}, "geometry": {"type": "LineString", "coordinates": [[30.5207686, 39.7920682], [30.5211538, 39.7914982]]}, "bbox": [30.5207686, 39.7914982, 30.5211538, 39.7920682]}, {"id": "250", "type": "Feature", "properties": {"name": "İşçiler Sokak", "_mahalle_str": "Fatih Mahallesi", "_hvi_str": "%52", "_aciklama_str": "Sıcaklık: çok yüksek<br>Ağaç örtüsü: orta<br>Hastaneye uzaklık: orta<br>Yeşil alana uzaklık: uzak<br>Yapılaşma yoğunluğu: çok yoğun<br>Nüfus yoğunluğu: seyrek<br>Yaşlı nüfus oranı: orta<br>Çocuk nüfus oranı: orta<br>Sosyoekonomik gelişmişlik: düşük"}, "geometry": {"type": "LineString", "coordinates": [[30.5217826, 39.7921757], [30.5207686, 39.7920682], [30.5187501, 39.791868]]}, "bbox": [30.5187501, 39.791868, 30.5217826, 39.7921757]}, {"id": "252", "type": "Feature", "properties": {"name": null, "_mahalle_str": "Zafer Mahallesi", "_hvi_str": "%55", "_aciklama_str": "Sıcaklık: orta<br>Ağaç örtüsü: orta<br>Hastaneye uzaklık: orta<br>Yeşil alana uzaklık: orta<br>Yapılaşma yoğunluğu: çok yoğun<br>Nüfus yoğunluğu: seyrek<br>Yaşlı nüfus oranı: orta<br>Çocuk nüfus oranı: orta<br>Sosyoekonomik gelişmişlik: düşük"}, "geometry": {"type": "LineString", "coordinates": [[30.5305554, 39.7919735], [30.5303984, 39.7922884], [30.5303508, 39.7924555]]}, "bbox": [30.5303508, 39.7919735, 30.5305554, 39.7924555]}, {"id": "254", "type": "Feature", "properties": {"name": null, "_mahalle_str": "Fatih Mahallesi", "_hvi_str": "%51", "_aciklama_str": "Sıcaklık: çok yüksek<br>Ağaç örtüsü: düşük<br>Hastaneye uzaklık: yakın<br>Yeşil alana uzaklık: yakın<br>Yapılaşma yoğunluğu: çok yoğun<br>Nüfus yoğunluğu: seyrek<br>Yaşlı nüfus oranı: orta<br>Çocuk nüfus oranı: orta<br>Sosyoekonomik gelişmişlik: düşük"}, "geometry": {"type": "LineString", "coordinates": [[30.5205748, 39.791397], [30.520564, 39.7909056], [30.5205661, 39.7908325], [30.5205614, 39.7904074]]}, "bbox": [30.5205614, 39.7904074, 30.5205748, 39.791397]}, {"id": "265", "type": "Feature", "properties": {"name": "Sidal Sokak", "_mahalle_str": "Zafer Mahallesi", "_hvi_str": "%53", "_aciklama_str": "Sıcaklık: yüksek<br>Ağaç örtüsü: orta<br>Hastaneye uzaklık: yakın<br>Yeşil alana uzaklık: uzak<br>Yapılaşma yoğunluğu: çok yoğun<br>Nüfus yoğunluğu: seyrek<br>Yaşlı nüfus oranı: orta<br>Çocuk nüfus oranı: orta<br>Sosyoekonomik gelişmişlik: düşük"}, "geometry": {"type": "LineString", "coordinates": [[30.5267632, 39.7907733], [30.5275319, 39.7907263]]}, "bbox": [30.5267632, 39.7907263, 30.5275319, 39.7907733]}, {"id": "266", "type": "Feature", "properties": {"name": "Sisli Sokak", "_mahalle_str": "Zafer Mahallesi", "_hvi_str": "%52", "_aciklama_str": "Sıcaklık: çok yüksek<br>Ağaç örtüsü: düşük<br>Hastaneye uzaklık: yakın<br>Yeşil alana uzaklık: orta<br>Yapılaşma yoğunluğu: çok yoğun<br>Nüfus yoğunluğu: seyrek<br>Yaşlı nüfus oranı: orta<br>Çocuk nüfus oranı: orta<br>Sosyoekonomik gelişmişlik: düşük"}, "geometry": {"type": "LineString", "coordinates": [[30.5285457, 39.7900157], [30.5282034, 39.7893922]]}, "bbox": [30.5282034, 39.7893922, 30.5285457, 39.7900157]}, {"id": "267", "type": "Feature", "properties": {"name": "Cetingüc Sokak", "_mahalle_str": "Zafer Mahallesi", "_hvi_str": "%54", "_aciklama_str": "Sıcaklık: düşük<br>Ağaç örtüsü: düşük<br>Hastaneye uzaklık: orta<br>Yeşil alana uzaklık: yakın<br>Yapılaşma yoğunluğu: çok yoğun<br>Nüfus yoğunluğu: seyrek<br>Yaşlı nüfus oranı: orta<br>Çocuk nüfus oranı: orta<br>Sosyoekonomik gelişmişlik: düşük"}, "geometry": {"type": "LineString", "coordinates": [[30.5305849, 39.7945923], [30.5298397, 39.7944121], [30.5292827, 39.7943103], [30.5292379, 39.794299], [30.5292068, 39.7942786], [30.5291956, 39.7942138], [30.5291268, 39.7941739], [30.5290026, 39.7941498]]}, "bbox": [30.5290026, 39.7941498, 30.5305849, 39.7945923]}, {"id": "271", "type": "Feature", "properties": {"name": "Duran Sokak", "_mahalle_str": "Kumlubel Mahallesi", "_hvi_str": "%52", "_aciklama_str": "Sıcaklık: çok yüksek<br>Ağaç örtüsü: çok düşük<br>Hastaneye uzaklık: orta<br>Yeşil alana uzaklık: orta<br>Yapılaşma yoğunluğu: çok yoğun<br>Nüfus yoğunluğu: seyrek<br>Yaşlı nüfus oranı: orta<br>Çocuk nüfus oranı: orta<br>Sosyoekonomik gelişmişlik: düşük"}, "geometry": {"type": "LineString", "coordinates": [[30.5249774, 39.7938672], [30.5243105, 39.7939136]]}, "bbox": [30.5243105, 39.7938672, 30.5249774, 39.7939136]}, {"id": "272", "type": "Feature", "properties": {"name": null, "_mahalle_str": "Zafer Mahallesi", "_hvi_str": "%52", "_aciklama_str": "Sıcaklık: düşük<br>Ağaç örtüsü: düşük<br>Hastaneye uzaklık: orta<br>Yeşil alana uzaklık: yakın<br>Yapılaşma yoğunluğu: çok yoğun<br>Nüfus yoğunluğu: seyrek<br>Yaşlı nüfus oranı: orta<br>Çocuk nüfus oranı: orta<br>Sosyoekonomik gelişmişlik: düşük"}, "geometry": {"type": "LineString", "coordinates": [[30.5304662, 39.7948902], [30.529757, 39.7946976], [30.5294156, 39.7946288]]}, "bbox": [30.5294156, 39.7946288, 30.5304662, 39.7948902]}, {"id": "274", "type": "Feature", "properties": {"name": null, "_mahalle_str": "Zafer Mahallesi", "_hvi_str": "%55", "_aciklama_str": "Sıcaklık: yüksek<br>Ağaç örtüsü: düşük<br>Hastaneye uzaklık: orta<br>Yeşil alana uzaklık: orta<br>Yapılaşma yoğunluğu: çok yoğun<br>Nüfus yoğunluğu: seyrek<br>Yaşlı nüfus oranı: orta<br>Çocuk nüfus oranı: orta<br>Sosyoekonomik gelişmişlik: düşük"}, "geometry": {"type": "LineString", "coordinates": [[30.529346, 39.7920168], [30.5298549, 39.7921071], [30.5303984, 39.7922884], [30.5308834, 39.792424]]}, "bbox": [30.529346, 39.7920168, 30.5308834, 39.792424]}, {"id": "275", "type": "Feature", "properties": {"name": null, "_mahalle_str": "Zafer Mahallesi", "_hvi_str": "%58", "_aciklama_str": "Sıcaklık: yüksek<br>Ağaç örtüsü: düşük<br>Hastaneye uzaklık: uzak<br>Yeşil alana uzaklık: orta<br>Yapılaşma yoğunluğu: çok yoğun<br>Nüfus yoğunluğu: seyrek<br>Yaşlı nüfus oranı: orta<br>Çocuk nüfus oranı: orta<br>Sosyoekonomik gelişmişlik: düşük"}, "geometry": {"type": "LineString", "coordinates": [[30.527952, 39.794408], [30.527996, 39.7942625], [30.5280127, 39.7942437], [30.528137, 39.7942605], [30.5284387, 39.7943894]]}, "bbox": [30.527952, 39.7942437, 30.5284387, 39.794408]}, {"id": "277", "type": "Feature", "properties": {"name": "Fevzan Sokak", "_mahalle_str": "Zafer Mahallesi", "_hvi_str": "%51", "_aciklama_str": "Sıcaklık: çok yüksek<br>Ağaç örtüsü: çok düşük<br>Hastaneye uzaklık: orta<br>Yeşil alana uzaklık: yakın<br>Yapılaşma yoğunluğu: çok yoğun<br>Nüfus yoğunluğu: seyrek<br>Yaşlı nüfus oranı: orta<br>Çocuk nüfus oranı: orta<br>Sosyoekonomik gelişmişlik: düşük"}, "geometry": {"type": "LineString", "coordinates": [[30.525548, 39.7933388], [30.5250071, 39.7932752]]}, "bbox": [30.5250071, 39.7932752, 30.525548, 39.7933388]}, {"id": "279", "type": "Feature", "properties": {"name": null, "_mahalle_str": "Kumlubel Mahallesi", "_hvi_str": "%54", "_aciklama_str": "Sıcaklık: çok yüksek<br>Ağaç örtüsü: düşük<br>Hastaneye uzaklık: orta<br>Yeşil alana uzaklık: uzak<br>Yapılaşma yoğunluğu: çok yoğun<br>Nüfus yoğunluğu: seyrek<br>Yaşlı nüfus oranı: orta<br>Çocuk nüfus oranı: orta<br>Sosyoekonomik gelişmişlik: düşük"}, "geometry": {"type": "LineString", "coordinates": [[30.519782, 39.7924882], [30.519756, 39.7930473], [30.519777, 39.7934736], [30.5198915, 39.7939338]]}, "bbox": [30.519756, 39.7924882, 30.5198915, 39.7939338]}, {"id": "281", "type": "Feature", "properties": {"name": "Kurtalan Sokak", "_mahalle_str": "Zafer Mahallesi", "_hvi_str": "%55", "_aciklama_str": "Sıcaklık: yüksek<br>Ağaç örtüsü: düşük<br>Hastaneye uzaklık: orta<br>Yeşil alana uzaklık: uzak<br>Yapılaşma yoğunluğu: çok yoğun<br>Nüfus yoğunluğu: seyrek<br>Yaşlı nüfus oranı: orta<br>Çocuk nüfus oranı: orta<br>Sosyoekonomik gelişmişlik: düşük"}, "geometry": {"type": "LineString", "coordinates": [[30.5263179, 39.7954869], [30.5263358, 39.7952576], [30.5263833, 39.7948539], [30.5264687, 39.79436], [30.5265885, 39.7939676]]}, "bbox": [30.5263179, 39.7939676, 30.5265885, 39.7954869]}, {"id": "283", "type": "Feature", "properties": {"name": "Ceyhan Sokak", "_mahalle_str": "Fatih Mahallesi", "_hvi_str": "%50", "_aciklama_str": "Sıcaklık: çok yüksek<br>Ağaç örtüsü: düşük<br>Hastaneye uzaklık: çok yakın<br>Yeşil alana uzaklık: uzak<br>Yapılaşma yoğunluğu: çok yoğun<br>Nüfus yoğunluğu: seyrek<br>Yaşlı nüfus oranı: orta<br>Çocuk nüfus oranı: orta<br>Sosyoekonomik gelişmişlik: düşük"}, "geometry": {"type": "LineString", "coordinates": [[30.5226988, 39.7893833], [30.5234966, 39.7893603], [30.5243888, 39.7893471]]}, "bbox": [30.5226988, 39.7893471, 30.5243888, 39.7893833]}, {"id": "285", "type": "Feature", "properties": {"name": "Sert Sokak", "_mahalle_str": "Kumlubel Mahallesi", "_hvi_str": "%55", "_aciklama_str": "Sıcaklık: çok yüksek<br>Ağaç örtüsü: çok düşük<br>Hastaneye uzaklık: uzak<br>Yeşil alana uzaklık: uzak<br>Yapılaşma yoğunluğu: çok yoğun<br>Nüfus yoğunluğu: seyrek<br>Yaşlı nüfus oranı: orta<br>Çocuk nüfus oranı: orta<br>Sosyoekonomik gelişmişlik: düşük"}, "geometry": {"type": "LineString", "coordinates": [[30.5206863, 39.7936393], [30.5207685, 39.7945898], [30.5208438, 39.7946835]]}, "bbox": [30.5206863, 39.7936393, 30.5208438, 39.7946835]}, {"id": "288", "type": "Feature", "properties": {"name": null, "_mahalle_str": "Zafer Mahallesi", "_hvi_str": "%54", "_aciklama_str": "Sıcaklık: orta<br>Ağaç örtüsü: yüksek<br>Hastaneye uzaklık: orta<br>Yeşil alana uzaklık: orta<br>Yapılaşma yoğunluğu: çok yoğun<br>Nüfus yoğunluğu: seyrek<br>Yaşlı nüfus oranı: orta<br>Çocuk nüfus oranı: orta<br>Sosyoekonomik gelişmişlik: düşük"}, "geometry": {"type": "LineString", "coordinates": [[30.5308149, 39.7926073], [30.5303508, 39.7924555], [30.5298462, 39.7922876], [30.5293477, 39.7921808]]}, "bbox": [30.5293477, 39.7921808, 30.5308149, 39.7926073]}, {"id": "291", "type": "Feature", "properties": {"name": "Bayraktar Sokak", "_mahalle_str": "Kumlubel Mahallesi", "_hvi_str": "%53", "_aciklama_str": "Sıcaklık: çok yüksek<br>Ağaç örtüsü: düşük<br>Hastaneye uzaklık: orta<br>Yeşil alana uzaklık: orta<br>Yapılaşma yoğunluğu: çok yoğun<br>Nüfus yoğunluğu: seyrek<br>Yaşlı nüfus oranı: orta<br>Çocuk nüfus oranı: orta<br>Sosyoekonomik gelişmişlik: düşük"}, "geometry": {"type": "LineString", "coordinates": [[30.5180401, 39.7931993], [30.5180638, 39.7932024], [30.519777, 39.7934736], [30.5202107, 39.7935608], [30.5206863, 39.7936393], [30.5211566, 39.7937048], [30.5216967, 39.7936958]]}, "bbox": [30.5180401, 39.7931993, 30.5216967, 39.7937048]}, {"id": "292", "type": "Feature", "properties": {"name": "Edipler Sokak", "_mahalle_str": "Kumlubel Mahallesi", "_hvi_str": "%53", "_aciklama_str": "Sıcaklık: çok yüksek<br>Ağaç örtüsü: çok düşük<br>Hastaneye uzaklık: orta<br>Yeşil alana uzaklık: uzak<br>Yapılaşma yoğunluğu: yoğun<br>Nüfus yoğunluğu: seyrek<br>Yaşlı nüfus oranı: orta<br>Çocuk nüfus oranı: orta<br>Sosyoekonomik gelişmişlik: düşük"}, "geometry": {"type": "LineString", "coordinates": [[30.5213968, 39.7957279], [30.5215569, 39.7948102], [30.5216703, 39.7942279], [30.5216967, 39.7936958], [30.52175, 39.7926514]]}, "bbox": [30.5213968, 39.7926514, 30.52175, 39.7957279]}, {"id": "293", "type": "Feature", "properties": {"name": "Şeref Sokak", "_mahalle_str": "Kumlubel Mahallesi", "_hvi_str": "%52", "_aciklama_str": "Sıcaklık: yüksek<br>Ağaç örtüsü: düşük<br>Hastaneye uzaklık: uzak<br>Yeşil alana uzaklık: uzak<br>Yapılaşma yoğunluğu: yoğun<br>Nüfus yoğunluğu: seyrek<br>Yaşlı nüfus oranı: orta<br>Çocuk nüfus oranı: orta<br>Sosyoekonomik gelişmişlik: düşük"}, "geometry": {"type": "LineString", "coordinates": [[30.520674, 39.7955526], [30.5208438, 39.7946835], [30.5209225, 39.7946078], [30.5210339, 39.7943256], [30.5211448, 39.793987], [30.5211566, 39.7937048], [30.5211372, 39.7930848], [30.5211548, 39.7926133]]}, "bbox": [30.520674, 39.7926133, 30.5211566, 39.7955526]}, {"id": "295", "type": "Feature", "properties": {"name": "Benlik Sokak", "_mahalle_str": "Kumlubel Mahallesi", "_hvi_str": "%53", "_aciklama_str": "Sıcaklık: orta<br>Ağaç örtüsü: çok düşük<br>Hastaneye uzaklık: orta<br>Yeşil alana uzaklık: orta<br>Yapılaşma yoğunluğu: çok yoğun<br>Nüfus yoğunluğu: seyrek<br>Yaşlı nüfus oranı: orta<br>Çocuk nüfus oranı: orta<br>Sosyoekonomik gelişmişlik: düşük"}, "geometry": {"type": "LineString", "coordinates": [[30.5254818, 39.7941899], [30.5250068, 39.7942024], [30.5243983, 39.794229]]}, "bbox": [30.5243983, 39.7941899, 30.5254818, 39.794229]}, {"id": "297", "type": "Feature", "properties": {"name": "Muhtarlık Sokak", "_mahalle_str": "Fatih Mahallesi", "_hvi_str": "%50", "_aciklama_str": "Sıcaklık: yüksek<br>Ağaç örtüsü: düşük<br>Hastaneye uzaklık: yakın<br>Yeşil alana uzaklık: yakın<br>Yapılaşma yoğunluğu: çok yoğun<br>Nüfus yoğunluğu: seyrek<br>Yaşlı nüfus oranı: orta<br>Çocuk nüfus oranı: orta<br>Sosyoekonomik gelişmişlik: düşük"}, "geometry": {"type": "LineString", "coordinates": [[30.5211201, 39.7914616], [30.5213147, 39.7911709], [30.5213604, 39.7909223]]}, "bbox": [30.5211201, 39.7909223, 30.5213604, 39.7914616]}, {"id": "300", "type": "Feature", "properties": {"name": null, "_mahalle_str": "Zafer Mahallesi", "_hvi_str": "%52", "_aciklama_str": "Sıcaklık: orta<br>Ağaç örtüsü: çok düşük<br>Hastaneye uzaklık: orta<br>Yeşil alana uzaklık: yakın<br>Yapılaşma yoğunluğu: çok yoğun<br>Nüfus yoğunluğu: seyrek<br>Yaşlı nüfus oranı: orta<br>Çocuk nüfus oranı: orta<br>Sosyoekonomik gelişmişlik: düşük"}, "geometry": {"type": "LineString", "coordinates": [[30.5266463, 39.7926439], [30.5269837, 39.7926524], [30.5276352, 39.7926798]]}, "bbox": [30.5266463, 39.7926439, 30.5276352, 39.7926798]}, {"id": "302", "type": "Feature", "properties": {"name": "Köstenceli Sokak", "_mahalle_str": "Fatih Mahallesi", "_hvi_str": "%51", "_aciklama_str": "Sıcaklık: çok yüksek<br>Ağaç örtüsü: düşük<br>Hastaneye uzaklık: çok yakın<br>Yeşil alana uzaklık: uzak<br>Yapılaşma yoğunluğu: çok yoğun<br>Nüfus yoğunluğu: seyrek<br>Yaşlı nüfus oranı: orta<br>Çocuk nüfus oranı: orta<br>Sosyoekonomik gelişmişlik: düşük"}, "geometry": {"type": "LineString", "coordinates": [[30.5243749, 39.7898204], [30.5234756, 39.7898589], [30.5226508, 39.7898908]]}, "bbox": [30.5226508, 39.7898204, 30.5243749, 39.7898908]}, {"id": "303", "type": "Feature", "properties": {"name": "Dipçin Sokak", "_mahalle_str": "Fatih Mahallesi", "_hvi_str": "%50", "_aciklama_str": "Sıcaklık: çok yüksek<br>Ağaç örtüsü: çok düşük<br>Hastaneye uzaklık: yakın<br>Yeşil alana uzaklık: orta<br>Yapılaşma yoğunluğu: çok yoğun<br>Nüfus yoğunluğu: seyrek<br>Yaşlı nüfus oranı: orta<br>Çocuk nüfus oranı: orta<br>Sosyoekonomik gelişmişlik: düşük"}, "geometry": {"type": "LineString", "coordinates": [[30.5243379, 39.7910221], [30.5234182, 39.7909916], [30.5224698, 39.7909569], [30.521927, 39.7909312], [30.5213604, 39.7909223], [30.5205661, 39.7908325]]}, "bbox": [30.5205661, 39.7908325, 30.5243379, 39.7910221]}, {"id": "305", "type": "Feature", "properties": {"name": "Divar Sokak", "_mahalle_str": "Zafer Mahallesi", "_hvi_str": "%51", "_aciklama_str": "Sıcaklık: orta<br>Ağaç örtüsü: orta<br>Hastaneye uzaklık: yakın<br>Yeşil alana uzaklık: orta<br>Yapılaşma yoğunluğu: çok yoğun<br>Nüfus yoğunluğu: seyrek<br>Yaşlı nüfus oranı: orta<br>Çocuk nüfus oranı: orta<br>Sosyoekonomik gelişmişlik: düşük"}, "geometry": {"type": "LineString", "coordinates": [[30.5281601, 39.7905679], [30.5292114, 39.7903714], [30.5298564, 39.7902336]]}, "bbox": [30.5281601, 39.7902336, 30.5298564, 39.7905679]}, {"id": "306", "type": "Feature", "properties": {"name": null, "_mahalle_str": "Zafer Mahallesi", "_hvi_str": "%52", "_aciklama_str": "Sıcaklık: orta<br>Ağaç örtüsü: düşük<br>Hastaneye uzaklık: yakın<br>Yeşil alana uzaklık: orta<br>Yapılaşma yoğunluğu: çok yoğun<br>Nüfus yoğunluğu: seyrek<br>Yaşlı nüfus oranı: orta<br>Çocuk nüfus oranı: orta<br>Sosyoekonomik gelişmişlik: düşük"}, "geometry": {"type": "LineString", "coordinates": [[30.5284492, 39.7911961], [30.5276048, 39.7912903], [30.5267171, 39.791331]]}, "bbox": [30.5267171, 39.7911961, 30.5284492, 39.791331]}, {"id": "307", "type": "Feature", "properties": {"name": null, "_mahalle_str": "Kumlubel Mahallesi", "_hvi_str": "%52", "_aciklama_str": "Sıcaklık: çok yüksek<br>Ağaç örtüsü: çok düşük<br>Hastaneye uzaklık: orta<br>Yeşil alana uzaklık: orta<br>Yapılaşma yoğunluğu: yoğun<br>Nüfus yoğunluğu: seyrek<br>Yaşlı nüfus oranı: orta<br>Çocuk nüfus oranı: orta<br>Sosyoekonomik gelişmişlik: düşük"}, "geometry": {"type": "LineString", "coordinates": [[30.5202783, 39.7954324], [30.5202614, 39.7948106], [30.5202541, 39.7945969], [30.5201966, 39.7939956], [30.5202107, 39.7935608]]}, "bbox": [30.5201966, 39.7935608, 30.5202783, 39.7954324]}, {"id": "309", "type": "Feature", "properties": {"name": null, "_mahalle_str": "Kumlubel Mahallesi", "_hvi_str": "%54", "_aciklama_str": "Sıcaklık: yüksek<br>Ağaç örtüsü: çok düşük<br>Hastaneye uzaklık: orta<br>Yeşil alana uzaklık: uzak<br>Yapılaşma yoğunluğu: çok yoğun<br>Nüfus yoğunluğu: seyrek<br>Yaşlı nüfus oranı: orta<br>Çocuk nüfus oranı: orta<br>Sosyoekonomik gelişmişlik: düşük"}, "geometry": {"type": "LineString", "coordinates": [[30.5216703, 39.7942279], [30.5220532, 39.7942786], [30.5225052, 39.794333], [30.5230069, 39.7944054]]}, "bbox": [30.5216703, 39.7942279, 30.5230069, 39.7944054]}, {"id": "310", "type": "Feature", "properties": {"name": "Bahcesehir Sokak", "_mahalle_str": "Zafer Mahallesi", "_hvi_str": "%51", "_aciklama_str": "Sıcaklık: orta<br>Ağaç örtüsü: yüksek<br>Hastaneye uzaklık: orta<br>Yeşil alana uzaklık: çok yakın<br>Yapılaşma yoğunluğu: çok yoğun<br>Nüfus yoğunluğu: seyrek<br>Yaşlı nüfus oranı: orta<br>Çocuk nüfus oranı: orta<br>Sosyoekonomik gelişmişlik: düşük"}, "geometry": {"type": "LineString", "coordinates": [[30.5306507, 39.7939358], [30.5300614, 39.7938453], [30.5294794, 39.7937567]]}, "bbox": [30.5294794, 39.7937567, 30.5306507, 39.7939358]}, {"id": "312", "type": "Feature", "properties": {"name": "Akkus Sokak", "_mahalle_str": "Zafer Mahallesi", "_hvi_str": "%57", "_aciklama_str": "Sıcaklık: yüksek<br>Ağaç örtüsü: düşük<br>Hastaneye uzaklık: orta<br>Yeşil alana uzaklık: orta<br>Yapılaşma yoğunluğu: çok yoğun<br>Nüfus yoğunluğu: seyrek<br>Yaşlı nüfus oranı: orta<br>Çocuk nüfus oranı: orta<br>Sosyoekonomik gelişmişlik: düşük"}, "geometry": {"type": "LineString", "coordinates": [[30.5269724, 39.7948787], [30.5273267, 39.7941721], [30.5274171, 39.7938068]]}, "bbox": [30.5269724, 39.7938068, 30.5274171, 39.7948787]}, {"id": "313", "type": "Feature", "properties": {"name": "Ekim Sokak", "_mahalle_str": "Zafer Mahallesi", "_hvi_str": "%54", "_aciklama_str": "Sıcaklık: orta<br>Ağaç örtüsü: yüksek<br>Hastaneye uzaklık: yakın<br>Yeşil alana uzaklık: uzak<br>Yapılaşma yoğunluğu: çok yoğun<br>Nüfus yoğunluğu: seyrek<br>Yaşlı nüfus oranı: orta<br>Çocuk nüfus oranı: orta<br>Sosyoekonomik gelişmişlik: düşük"}, "geometry": {"type": "LineString", "coordinates": [[30.5283101, 39.7908859], [30.5289729, 39.7907393], [30.5294293, 39.7906614]]}, "bbox": [30.5283101, 39.7906614, 30.5294293, 39.7908859]}, {"id": "315", "type": "Feature", "properties": {"name": "Poyrazlı Sokak", "_mahalle_str": "Zafer Mahallesi", "_hvi_str": "%53", "_aciklama_str": "Sıcaklık: yüksek<br>Ağaç örtüsü: düşük<br>Hastaneye uzaklık: orta<br>Yeşil alana uzaklık: yakın<br>Yapılaşma yoğunluğu: çok yoğun<br>Nüfus yoğunluğu: seyrek<br>Yaşlı nüfus oranı: orta<br>Çocuk nüfus oranı: orta<br>Sosyoekonomik gelişmişlik: düşük"}, "geometry": {"type": "LineString", "coordinates": [[30.5279179, 39.792465], [30.5283257, 39.7914857]]}, "bbox": [30.5279179, 39.7914857, 30.5283257, 39.792465]}, {"id": "316", "type": "Feature", "properties": {"name": null, "_mahalle_str": "Zafer Mahallesi", "_hvi_str": "%51", "_aciklama_str": "Sıcaklık: yüksek<br>Ağaç örtüsü: düşük<br>Hastaneye uzaklık: yakın<br>Yeşil alana uzaklık: orta<br>Yapılaşma yoğunluğu: çok yoğun<br>Nüfus yoğunluğu: seyrek<br>Yaşlı nüfus oranı: orta<br>Çocuk nüfus oranı: orta<br>Sosyoekonomik gelişmişlik: düşük"}, "geometry": {"type": "LineString", "coordinates": [[30.5269837, 39.7926524], [30.5270906, 39.7922748], [30.5273408, 39.7915292]]}, "bbox": [30.5269837, 39.7915292, 30.5273408, 39.7926524]}, {"id": "346", "type": "Feature", "properties": {"name": null, "_mahalle_str": "Kızılinler Mahallesi", "_hvi_str": "%63", "_aciklama_str": "Sıcaklık: çok düşük<br>Ağaç örtüsü: çok yüksek<br>Hastaneye uzaklık: çok uzak<br>Yeşil alana uzaklık: çok uzak<br>Yapılaşma yoğunluğu: çok seyrek<br>Nüfus yoğunluğu: seyrek<br>Yaşlı nüfus oranı: orta<br>Çocuk nüfus oranı: orta<br>Sosyoekonomik gelişmişlik: düşük"}, "geometry": {"type": "LineString", "coordinates": [[30.4034788, 39.7073712], [30.403802, 39.7075599], [30.4049338, 39.7082376], [30.4054833, 39.7084278], [30.4064068, 39.7089635], [30.4069244, 39.7093495], [30.4071301, 39.709548], [30.407385, 39.7099528], [30.4075412, 39.7105371], [30.4075611, 39.7107663], [30.4074842, 39.7110376], [30.4074063, 39.7111515]]}, "bbox": [30.4034788, 39.7073712, 30.4075611, 39.7111515]}, {"id": "352", "type": "Feature", "properties": {"name": null, "_mahalle_str": "Orhangazi Mahallesi", "_hvi_str": "%54", "_aciklama_str": "Sıcaklık: çok yüksek<br>Ağaç örtüsü: düşük<br>Hastaneye uzaklık: çok uzak<br>Yeşil alana uzaklık: çok uzak<br>Yapılaşma yoğunluğu: çok seyrek<br>Nüfus yoğunluğu: çok yoğun<br>Yaşlı nüfus oranı: orta<br>Çocuk nüfus oranı: orta<br>Sosyoekonomik gelişmişlik: çok yüksek"}, "geometry": {"type": "LineString", "coordinates": [[30.4242772, 39.7398423], [30.4242946, 39.7399793], [30.4242573, 39.7401882], [30.4242055, 39.7403115], [30.4242503, 39.7404756], [30.4240931, 39.7405428]]}, "bbox": [30.4240931, 39.7398423, 30.4242946, 39.7405428]}, {"id": "353", "type": "Feature", "properties": {"name": null, "_mahalle_str": "Orhangazi Mahallesi", "_hvi_str": "%53", "_aciklama_str": "Sıcaklık: çok yüksek<br>Ağaç örtüsü: düşük<br>Hastaneye uzaklık: çok uzak<br>Yeşil alana uzaklık: çok uzak<br>Yapılaşma yoğunluğu: çok seyrek<br>Nüfus yoğunluğu: çok yoğun<br>Yaşlı nüfus oranı: orta<br>Çocuk nüfus oranı: orta<br>Sosyoekonomik gelişmişlik: çok yüksek"}, "geometry": {"type": "LineString", "coordinates": [[30.4235358, 39.740262], [30.423929, 39.7403335], [30.4240053, 39.7403221], [30.4241201, 39.7402218]]}, "bbox": [30.4235358, 39.7402218, 30.4241201, 39.7403335]}, {"id": "354", "type": "Feature", "properties": {"name": null, "_mahalle_str": "Orhangazi Mahallesi", "_hvi_str": "%53", "_aciklama_str": "Sıcaklık: çok yüksek<br>Ağaç örtüsü: orta<br>Hastaneye uzaklık: çok uzak<br>Yeşil alana uzaklık: çok uzak<br>Yapılaşma yoğunluğu: çok seyrek<br>Nüfus yoğunluğu: çok yoğun<br>Yaşlı nüfus oranı: orta<br>Çocuk nüfus oranı: orta<br>Sosyoekonomik gelişmişlik: çok yüksek"}, "geometry": {"type": "LineString", "coordinates": [[30.4240931, 39.7405428], [30.4240269, 39.7403934], [30.4241201, 39.7402218], [30.4242109, 39.7399569], [30.4242772, 39.7398423]]}, "bbox": [30.4240269, 39.7398423, 30.4242772, 39.7405428]}, {"id": "359", "type": "Feature", "properties": {"name": "Ziraat Caddesi", "_mahalle_str": "Karagözler Mahallesi", "_hvi_str": "%65", "_aciklama_str": "Sıcaklık: orta<br>Ağaç örtüsü: çok yüksek<br>Hastaneye uzaklık: çok uzak<br>Yeşil alana uzaklık: çok uzak<br>Yapılaşma yoğunluğu: seyrek<br>Nüfus yoğunluğu: seyrek<br>Yaşlı nüfus oranı: orta<br>Çocuk nüfus oranı: orta<br>Sosyoekonomik gelişmişlik: düşük"}, "geometry": {"type": "LineString", "coordinates": [[30.368274, 39.761304], [30.3683676, 39.761197], [30.3684873, 39.7611457], [30.3687307, 39.7611291], [30.370037, 39.7613162], [30.3704684, 39.7613897], [30.3708227, 39.761501], [30.3718271, 39.761951], [30.3724896, 39.7621997], [30.3732789, 39.7624739], [30.37437, 39.7628343], [30.3747398, 39.7629432], [30.3750294, 39.7629858], [30.3753252, 39.7629906], [30.3755891, 39.7629685], [30.376285, 39.7628403], [30.3768522, 39.7627853], [30.3773145, 39.7627743], [30.3776291, 39.7627853], [30.3794403, 39.7628842], [30.3813706, 39.7629758], [30.3818615, 39.7629868], [30.3823286, 39.7630454], [30.3828672, 39.763159], [30.3833868, 39.7632506], [30.3859653, 39.763606], [30.3875906, 39.7637819], [30.3889776, 39.7639651], [30.3893494, 39.7639761], [30.3897116, 39.7639431], [30.3921376, 39.7636756], [30.3924665, 39.763683], [30.3935723, 39.7637965], [30.3941633, 39.7638222], [30.3947162, 39.7638551], [30.3951595, 39.7639101], [30.3956409, 39.7640237], [30.3962605, 39.7641812], [30.3966561, 39.7642508], [30.3971851, 39.7643204], [30.3984291, 39.764423], [30.3991965, 39.764467], [30.3997256, 39.764511], [30.4003452, 39.7645403], [30.4012079, 39.7645439], [30.4022279, 39.764522], [30.4029995, 39.7644887], [30.4036502, 39.7643584], [30.4039783, 39.7643206], [30.4042791, 39.7643038], [30.4045963, 39.7643458], [30.4049565, 39.7644389], [30.4052306, 39.7645098], [30.4058158, 39.764598], [30.406729, 39.7647157], [30.4107977, 39.7651319], [30.4121477, 39.7652641], [30.412964, 39.765344], [30.4131164, 39.7653589], [30.4139278, 39.7654468], [30.4143433, 39.7654917], [30.4147761, 39.7655386], [30.4152136, 39.7655512], [30.4153756, 39.7655443], [30.4155964, 39.7655302], [30.4162198, 39.7653704], [30.4168072, 39.7651402], [30.4170456, 39.7650468], [30.4181358, 39.7646173], [30.418528, 39.7644634], [30.4192458, 39.7641755], [30.4206021, 39.7636565], [30.4209338, 39.7635293], [30.4235332, 39.7626158], [30.4243108, 39.7623426], [30.4260705, 39.7616573], [30.4267039, 39.7614438], [30.4282526, 39.76083], [30.4290187, 39.7605204], [30.4296729, 39.760253], [30.4299342, 39.7601437], [30.4304599, 39.7599636], [30.4307839, 39.7598375], [30.4311907, 39.7596808], [30.4315111, 39.759575], [30.4319709, 39.759449], [30.4329294, 39.7592231], [30.4332276, 39.759154], [30.4335019, 39.759045], [30.4341015, 39.7587754], [30.4343169, 39.7586909], [30.4346983, 39.7586413], [30.4351032, 39.7585782], [30.435385, 39.7584956], [30.4356785, 39.7583935], [30.4364504, 39.7582859], [30.4372769, 39.7582763]]}, "bbox": [30.368274, 39.7582763, 30.4372769, 39.7655512]}, {"id": "360", "type": "Feature", "properties": {"name": null, "_mahalle_str": "Karagözler Mahallesi", "_hvi_str": "%52", "_aciklama_str": "Sıcaklık: yüksek<br>Ağaç örtüsü: yüksek<br>Hastaneye uzaklık: çok uzak<br>Yeşil alana uzaklık: çok uzak<br>Yapılaşma yoğunluğu: çok seyrek<br>Nüfus yoğunluğu: seyrek<br>Yaşlı nüfus oranı: orta<br>Çocuk nüfus oranı: orta<br>Sosyoekonomik gelişmişlik: düşük"}, "geometry": {"type": "LineString", "coordinates": [[30.4200984, 39.7767249], [30.4200934, 39.7768199], [30.4200913, 39.7768595], [30.4199986, 39.7770341], [30.4198613, 39.7771309], [30.4196034, 39.7772171], [30.4194467, 39.7772997], [30.4193705, 39.7773979], [30.4193558, 39.7775303], [30.4193852, 39.7776256], [30.4194024, 39.7776815], [30.4195535, 39.7778635]]}, "bbox": [30.4193558, 39.7767249, 30.4200984, 39.7778635]}, {"id": "363", "type": "Feature", "properties": {"name": null, "_mahalle_str": "Karagözler Mahallesi", "_hvi_str": "%51", "_aciklama_str": "Sıcaklık: orta<br>Ağaç örtüsü: yüksek<br>Hastaneye uzaklık: çok uzak<br>Yeşil alana uzaklık: çok uzak<br>Yapılaşma yoğunluğu: çok seyrek<br>Nüfus yoğunluğu: seyrek<br>Yaşlı nüfus oranı: orta<br>Çocuk nüfus oranı: orta<br>Sosyoekonomik gelişmişlik: düşük"}, "geometry": {"type": "LineString", "coordinates": [[30.4197686, 39.7781703], [30.419843, 39.7783284], [30.4199435, 39.7784883], [30.4199884, 39.7785597], [30.4203167, 39.7790821]]}, "bbox": [30.4197686, 39.7781703, 30.4203167, 39.7790821]}, {"id": "413", "type": "Feature", "properties": {"name": null, "_mahalle_str": "Alınca Mahallesi", "_hvi_str": "%58", "_aciklama_str": "Sıcaklık: çok yüksek<br>Ağaç örtüsü: düşük<br>Hastaneye uzaklık: çok uzak<br>Yeşil alana uzaklık: çok uzak<br>Yapılaşma yoğunluğu: çok seyrek<br>Nüfus yoğunluğu: seyrek<br>Yaşlı nüfus oranı: orta<br>Çocuk nüfus oranı: orta<br>Sosyoekonomik gelişmişlik: düşük"}, "geometry": {"type": "LineString", "coordinates": [[30.4479831, 39.8323202], [30.4479559, 39.8324428], [30.4478388, 39.8326415], [30.4476724, 39.8329089], [30.4476447, 39.8329562], [30.4475492, 39.833084], [30.4474444, 39.8331952], [30.4473828, 39.8332709], [30.4473674, 39.8333418], [30.4473366, 39.8335027], [30.4473273, 39.83364], [30.447278, 39.8338387], [30.4472164, 39.8340043], [30.4470901, 39.8342575], [30.4469391, 39.8345508], [30.4468159, 39.8347661], [30.4467543, 39.8348442], [30.4466218, 39.8350098], [30.4464215, 39.835218], [30.4461504, 39.8354215], [30.4459655, 39.8355611], [30.4458269, 39.835677], [30.4457653, 39.8358426], [30.4456851, 39.8360224], [30.4454726, 39.8364767], [30.4454079, 39.836718], [30.4454479, 39.8367819], [30.4455218, 39.8368458], [30.4458392, 39.8369901], [30.446061, 39.8370658], [30.4464739, 39.8372621], [30.4467912, 39.837423], [30.4469237, 39.83752], [30.447047, 39.8376123], [30.4473705, 39.8377661], [30.4477248, 39.8379506], [30.4479682, 39.8380713], [30.4482671, 39.8381966], [30.4485413, 39.8383197], [30.448757, 39.8384616], [30.4488247, 39.8385515], [30.4488494, 39.8386603], [30.4488401, 39.8387431], [30.4487662, 39.8388993], [30.4487077, 39.8390578], [30.4486584, 39.8392068], [30.448606, 39.839441], [30.4485659, 39.8396611], [30.4485536, 39.8398125], [30.4485259, 39.8401957], [30.4484889, 39.8404985]]}, "bbox": [30.4454079, 39.8323202, 30.4488494, 39.8404985]}, {"id": "414", "type": "Feature", "properties": {"name": "Uluzafer Caddesi", "_mahalle_str": "Sütlüce Mahallesi", "_hvi_str": "%52", "_aciklama_str": "Sıcaklık: orta<br>Ağaç örtüsü: düşük<br>Hastaneye uzaklık: orta<br>Yeşil alana uzaklık: uzak<br>Yapılaşma yoğunluğu: çok yoğun<br>Nüfus yoğunluğu: seyrek<br>Yaşlı nüfus oranı: orta<br>Çocuk nüfus oranı: orta<br>Sosyoekonomik gelişmişlik: düşük"}, "geometry": {"type": "LineString", "coordinates": [[30.5080996, 39.7932391], [30.5080885, 39.7935343], [30.5080733, 39.7936327], [30.50807, 39.7938128], [30.5080649, 39.793989], [30.5080272, 39.7943365], [30.5080209, 39.7946725], [30.5080202, 39.7947173], [30.5079865, 39.7950332], [30.5080044, 39.7951925], [30.5080119, 39.7953703], [30.507985, 39.7957074], [30.5079843, 39.7960616], [30.507944, 39.7967867], [30.5079652, 39.797054], [30.5080301, 39.7973875], [30.5080524, 39.797584], [30.5080125, 39.79786], [30.5078756, 39.7982748], [30.50786, 39.7983463], [30.5077969, 39.7986818], [30.5077697, 39.7988019], [30.5077155, 39.7990593], [30.5075822, 39.799728], [30.5075173, 39.8003392], [30.5074734, 39.8006327], [30.5074509, 39.8007602], [30.5074196, 39.8010231], [30.507433, 39.8012398], [30.5074724, 39.8019076], [30.5075186, 39.8025413], [30.5074986, 39.8029292], [30.5074938, 39.8030016], [30.5074318, 39.8035957], [30.5073694, 39.8039766], [30.5073091, 39.8045732], [30.5074, 39.8047326]]}, "bbox": [30.5073091, 39.7932391, 30.5080996, 39.8047326]}, {"id": "415", "type": "Feature", "properties": {"name": "Eğitimciler Caddesi", "_mahalle_str": "Sütlüce Mahallesi", "_hvi_str": "%52", "_aciklama_str": "Sıcaklık: yüksek<br>Ağaç örtüsü: düşük<br>Hastaneye uzaklık: uzak<br>Yeşil alana uzaklık: çok yakın<br>Yapılaşma yoğunluğu: çok yoğun<br>Nüfus yoğunluğu: seyrek<br>Yaşlı nüfus oranı: orta<br>Çocuk nüfus oranı: orta<br>Sosyoekonomik gelişmişlik: düşük"}, "geometry": {"type": "LineString", "coordinates": [[30.5074, 39.8047326], [30.5075539, 39.8045082], [30.5076466, 39.8043982], [30.5078887, 39.8041321], [30.5081651, 39.803863], [30.508285, 39.8037206], [30.508423, 39.8036003], [30.508565, 39.8034443], [30.5085975, 39.8034109], [30.5087959, 39.8032075], [30.5088741, 39.8030977], [30.5090193, 39.8028732], [30.5091381, 39.8026293], [30.5093004, 39.8023506], [30.5095012, 39.8019571], [30.5095289, 39.8018978], [30.5096489, 39.8016584], [30.5096915, 39.8015037], [30.5097637, 39.8013476], [30.5098904, 39.8010355], [30.5099246, 39.8009734], [30.510148, 39.8006256], [30.5101965, 39.8005407], [30.5103886, 39.8000466]]}, "bbox": [30.5074, 39.8000466, 30.5103886, 39.8047326]}, {"id": "432", "type": "Feature", "properties": {"name": null, "_mahalle_str": "Cumhuriyet Mahallesi", "_hvi_str": "%59", "_aciklama_str": "Sıcaklık: çok düşük<br>Ağaç örtüsü: çok yüksek<br>Hastaneye uzaklık: çok uzak<br>Yeşil alana uzaklık: çok uzak<br>Yapılaşma yoğunluğu: çok seyrek<br>Nüfus yoğunluğu: seyrek<br>Yaşlı nüfus oranı: orta<br>Çocuk nüfus oranı: orta<br>Sosyoekonomik gelişmişlik: düşük"}, "geometry": {"type": "LineString", "coordinates": [[30.6388986, 39.813846], [30.6391847, 39.8141091], [30.6393953, 39.8143612], [30.6395914, 39.814673], [30.6400025, 39.8155671], [30.6402104, 39.8159601], [30.640696, 39.8165855], [30.6409697, 39.8170269], [30.6414828, 39.8177784], [30.6418551, 39.8185188], [30.6419822, 39.8187715], [30.6420507, 39.818987], [30.6420575, 39.8191762], [30.6419207, 39.8200642], [30.641907, 39.8202954], [30.6419344, 39.8204951], [30.6420985, 39.8209312], [30.6421875, 39.8213516], [30.6421875, 39.8218245], [30.642208, 39.8221924], [30.6423175, 39.8226022], [30.6423175, 39.8227178], [30.6422627, 39.822865], [30.6422285, 39.8230489], [30.6422174, 39.8234055], [30.642226, 39.8241675], [30.6422089, 39.8248835], [30.6421661, 39.8252907], [30.642149, 39.8259147], [30.6422345, 39.8266832], [30.6422602, 39.8269526]]}, "bbox": [30.6388986, 39.813846, 30.6423175, 39.8269526]}, {"id": "511", "type": "Feature", "properties": {"name": "Yıldırım Caddesi", "_mahalle_str": "Erenköy Mahallesi", "_hvi_str": "%51", "_aciklama_str": "Sıcaklık: çok yüksek<br>Ağaç örtüsü: düşük<br>Hastaneye uzaklık: yakın<br>Yeşil alana uzaklık: orta<br>Yapılaşma yoğunluğu: çok yoğun<br>Nüfus yoğunluğu: çok yoğun<br>Yaşlı nüfus oranı: orta<br>Çocuk nüfus oranı: orta<br>Sosyoekonomik gelişmişlik: çok yüksek"}, "geometry": {"type": "LineString", "coordinates": [[30.553872, 39.7542229], [30.5538167, 39.7545687], [30.5536991, 39.7549349], [30.5536533, 39.7555971], [30.5536929, 39.7567184], [30.553646, 39.7572967], [30.5535838, 39.7576375], [30.5535784, 39.7577406], [30.5534723, 39.7582143], [30.5534443, 39.7584623], [30.5534121, 39.7587056], [30.553316, 39.7591172], [30.553278, 39.7593407], [30.553278, 39.7596087], [30.553101, 39.7601737], [30.5530042, 39.7603828], [30.5528629, 39.7606118], [30.5526505, 39.7609417], [30.5525061, 39.7610804], [30.5522995, 39.7612927], [30.552146, 39.7614417], [30.5519745, 39.7615948]]}, "bbox": [30.5519745, 39.7542229, 30.553872, 39.7615948]}, {"id": "537", "type": "Feature", "properties": {"name": "Efeler Sokak", "_mahalle_str": "Güllük Mahallesi", "_hvi_str": "%51", "_aciklama_str": "Sıcaklık: çok yüksek<br>Ağaç örtüsü: çok düşük<br>Hastaneye uzaklık: yakın<br>Yeşil alana uzaklık: orta<br>Yapılaşma yoğunluğu: çok yoğun<br>Nüfus yoğunluğu: seyrek<br>Yaşlı nüfus oranı: orta<br>Çocuk nüfus oranı: orta<br>Sosyoekonomik gelişmişlik: düşük"}, "geometry": {"type": "LineString", "coordinates": [[30.5190194, 39.7861137], [30.5181412, 39.7860247], [30.5174712, 39.7859191], [30.516682, 39.7858607], [30.5148913, 39.7857157]]}, "bbox": [30.5148913, 39.7857157, 30.5190194, 39.7861137]}, {"id": "546", "type": "Feature", "properties": {"name": "Tarlayüzü Sokak", "_mahalle_str": "Güllük Mahallesi", "_hvi_str": "%52", "_aciklama_str": "Sıcaklık: çok yüksek<br>Ağaç örtüsü: çok düşük<br>Hastaneye uzaklık: yakın<br>Yeşil alana uzaklık: orta<br>Yapılaşma yoğunluğu: çok yoğun<br>Nüfus yoğunluğu: seyrek<br>Yaşlı nüfus oranı: orta<br>Çocuk nüfus oranı: orta<br>Sosyoekonomik gelişmişlik: düşük"}, "geometry": {"type": "LineString", "coordinates": [[30.5190295, 39.7856956], [30.5181606, 39.785646], [30.5175276, 39.785556], [30.5167137, 39.7854728], [30.515739, 39.7853514], [30.5149793, 39.7852808]]}, "bbox": [30.5149793, 39.7852808, 30.5190295, 39.7856956]}, {"id": "563", "type": "Feature", "properties": {"name": "Girit Sokak", "_mahalle_str": "Eskibağlar Mahallesi", "_hvi_str": "%53", "_aciklama_str": "Sıcaklık: çok yüksek<br>Ağaç örtüsü: düşük<br>Hastaneye uzaklık: çok yakın<br>Yeşil alana uzaklık: uzak<br>Yapılaşma yoğunluğu: çok yoğun<br>Nüfus yoğunluğu: seyrek<br>Yaşlı nüfus oranı: orta<br>Çocuk nüfus oranı: orta<br>Sosyoekonomik gelişmişlik: düşük"}, "geometry": {"type": "LineString", "coordinates": [[30.5130511, 39.7848729], [30.5124856, 39.7849514], [30.5119815, 39.7850221]]}, "bbox": [30.5119815, 39.7848729, 30.5130511, 39.7850221]}, {"id": "587", "type": "Feature", "properties": {"name": "Kırımlıer Sokak", "_mahalle_str": "Eskibağlar Mahallesi", "_hvi_str": "%56", "_aciklama_str": "Sıcaklık: çok yüksek<br>Ağaç örtüsü: çok düşük<br>Hastaneye uzaklık: orta<br>Yeşil alana uzaklık: uzak<br>Yapılaşma yoğunluğu: çok yoğun<br>Nüfus yoğunluğu: seyrek<br>Yaşlı nüfus oranı: orta<br>Çocuk nüfus oranı: orta<br>Sosyoekonomik gelişmişlik: düşük"}, "geometry": {"type": "LineString", "coordinates": [[30.5157889, 39.7839603], [30.5152914, 39.7839559], [30.5148829, 39.7839777], [30.5142793, 39.7841169], [30.5137698, 39.7842447]]}, "bbox": [30.5137698, 39.7839559, 30.5157889, 39.7842447]}, {"id": "590", "type": "Feature", "properties": {"name": "Karakiraz Sokak", "_mahalle_str": "Eskibağlar Mahallesi", "_hvi_str": "%56", "_aciklama_str": "Sıcaklık: çok yüksek<br>Ağaç örtüsü: düşük<br>Hastaneye uzaklık: yakın<br>Yeşil alana uzaklık: uzak<br>Yapılaşma yoğunluğu: çok yoğun<br>Nüfus yoğunluğu: seyrek<br>Yaşlı nüfus oranı: orta<br>Çocuk nüfus oranı: orta<br>Sosyoekonomik gelişmişlik: düşük"}, "geometry": {"type": "LineString", "coordinates": [[30.5157903, 39.7833289], [30.515172, 39.7834039], [30.5146603, 39.7834934]]}, "bbox": [30.5146603, 39.7833289, 30.5157903, 39.7834934]}, {"id": "591", "type": "Feature", "properties": {"name": null, "_mahalle_str": "Eskibağlar Mahallesi", "_hvi_str": "%51", "_aciklama_str": "Sıcaklık: çok yüksek<br>Ağaç örtüsü: çok düşük<br>Hastaneye uzaklık: yakın<br>Yeşil alana uzaklık: orta<br>Yapılaşma yoğunluğu: çok yoğun<br>Nüfus yoğunluğu: seyrek<br>Yaşlı nüfus oranı: orta<br>Çocuk nüfus oranı: orta<br>Sosyoekonomik gelişmişlik: düşük"}, "geometry": {"type": "LineString", "coordinates": [[30.5155454, 39.7819928], [30.5148748, 39.7822154], [30.5145422, 39.7823432], [30.5140712, 39.7827102]]}, "bbox": [30.5140712, 39.7819928, 30.5155454, 39.7827102]}, {"id": "592", "type": "Feature", "properties": {"name": "Sakman Sokak", "_mahalle_str": "Eskibağlar Mahallesi", "_hvi_str": "%52", "_aciklama_str": "Sıcaklık: çok yüksek<br>Ağaç örtüsü: düşük<br>Hastaneye uzaklık: yakın<br>Yeşil alana uzaklık: uzak<br>Yapılaşma yoğunluğu: çok yoğun<br>Nüfus yoğunluğu: seyrek<br>Yaşlı nüfus oranı: orta<br>Çocuk nüfus oranı: orta<br>Sosyoekonomik gelişmişlik: düşük"}, "geometry": {"type": "LineString", "coordinates": [[30.5148829, 39.7839777], [30.5147074, 39.7835965], [30.5146603, 39.7834934], [30.5143347, 39.783011], [30.5140712, 39.7827102], [30.5136321, 39.7822572]]}, "bbox": [30.5136321, 39.7822572, 30.5148829, 39.7839777]}, {"id": "593", "type": "Feature", "properties": {"name": "Avşar Sokak", "_mahalle_str": "Güllük Mahallesi", "_hvi_str": "%50", "_aciklama_str": "Sıcaklık: yüksek<br>Ağaç örtüsü: çok düşük<br>Hastaneye uzaklık: çok yakın<br>Yeşil alana uzaklık: uzak<br>Yapılaşma yoğunluğu: çok yoğun<br>Nüfus yoğunluğu: seyrek<br>Yaşlı nüfus oranı: orta<br>Çocuk nüfus oranı: orta<br>Sosyoekonomik gelişmişlik: düşük"}, "geometry": {"type": "LineString", "coordinates": [[30.5155671, 39.7821015], [30.5159423, 39.7821371], [30.5167792, 39.7822732], [30.5171332, 39.7823309], [30.5177732, 39.7824456], [30.5183675, 39.7825106]]}, "bbox": [30.5155671, 39.7821015, 30.5183675, 39.7825106]}, {"id": "594", "type": "Feature", "properties": {"name": "Baysal Sokak", "_mahalle_str": "Güllük Mahallesi", "_hvi_str": "%50", "_aciklama_str": "Sıcaklık: yüksek<br>Ağaç örtüsü: çok düşük<br>Hastaneye uzaklık: çok yakın<br>Yeşil alana uzaklık: çok uzak<br>Yapılaşma yoğunluğu: çok yoğun<br>Nüfus yoğunluğu: seyrek<br>Yaşlı nüfus oranı: orta<br>Çocuk nüfus oranı: orta<br>Sosyoekonomik gelişmişlik: düşük"}, "geometry": {"type": "LineString", "coordinates": [[30.5178359, 39.7817405], [30.5177732, 39.7824456]]}, "bbox": [30.5177732, 39.7817405, 30.5178359, 39.7824456]}, {"id": "596", "type": "Feature", "properties": {"name": "Bereket Sokak", "_mahalle_str": "Güllük Mahallesi", "_hvi_str": "%53", "_aciklama_str": "Sıcaklık: çok yüksek<br>Ağaç örtüsü: çok düşük<br>Hastaneye uzaklık: çok yakın<br>Yeşil alana uzaklık: uzak<br>Yapılaşma yoğunluğu: çok yoğun<br>Nüfus yoğunluğu: seyrek<br>Yaşlı nüfus oranı: orta<br>Çocuk nüfus oranı: orta<br>Sosyoekonomik gelişmişlik: düşük"}, "geometry": {"type": "LineString", "coordinates": [[30.5170841, 39.7816138], [30.5167792, 39.7822732], [30.5166306, 39.7828002], [30.5165045, 39.7832685], [30.5163527, 39.783986]]}, "bbox": [30.5163527, 39.7816138, 30.5170841, 39.783986]}, {"id": "597", "type": "Feature", "properties": {"name": "Havlucu Sokak", "_mahalle_str": "Güllük Mahallesi", "_hvi_str": "%55", "_aciklama_str": "Sıcaklık: yüksek<br>Ağaç örtüsü: çok düşük<br>Hastaneye uzaklık: yakın<br>Yeşil alana uzaklık: çok uzak<br>Yapılaşma yoğunluğu: çok yoğun<br>Nüfus yoğunluğu: seyrek<br>Yaşlı nüfus oranı: orta<br>Çocuk nüfus oranı: orta<br>Sosyoekonomik gelişmişlik: düşük"}, "geometry": {"type": "LineString", "coordinates": [[30.5177168, 39.783386], [30.5171815, 39.7833326], [30.5165045, 39.7832685], [30.5157967, 39.7831776]]}, "bbox": [30.5157967, 39.7831776, 30.5177168, 39.783386]}, {"id": "598", "type": "Feature", "properties": {"name": "Bacı Sokak", "_mahalle_str": "Güllük Mahallesi", "_hvi_str": "%50", "_aciklama_str": "Sıcaklık: yüksek<br>Ağaç örtüsü: çok düşük<br>Hastaneye uzaklık: yakın<br>Yeşil alana uzaklık: orta<br>Yapılaşma yoğunluğu: çok yoğun<br>Nüfus yoğunluğu: seyrek<br>Yaşlı nüfus oranı: orta<br>Çocuk nüfus oranı: orta<br>Sosyoekonomik gelişmişlik: düşük"}, "geometry": {"type": "LineString", "coordinates": [[30.5157648, 39.7826159], [30.5155671, 39.7821015], [30.5155454, 39.7819928], [30.5156651, 39.7813889]]}, "bbox": [30.5155454, 39.7813889, 30.5157648, 39.7826159]}, {"id": "600", "type": "Feature", "properties": {"name": "Kırımlılar Sokak", "_mahalle_str": "Güllük Mahallesi", "_hvi_str": "%55", "_aciklama_str": "Sıcaklık: çok yüksek<br>Ağaç örtüsü: düşük<br>Hastaneye uzaklık: yakın<br>Yeşil alana uzaklık: uzak<br>Yapılaşma yoğunluğu: çok yoğun<br>Nüfus yoğunluğu: seyrek<br>Yaşlı nüfus oranı: orta<br>Çocuk nüfus oranı: orta<br>Sosyoekonomik gelişmişlik: düşük"}, "geometry": {"type": "LineString", "coordinates": [[30.5176546, 39.7840299], [30.5170474, 39.783984], [30.5167869, 39.7839983], [30.5163527, 39.783986], [30.5157889, 39.7839603]]}, "bbox": [30.5157889, 39.7839603, 30.5176546, 39.7840299]}, {"id": "601", "type": "Feature", "properties": {"name": "Yarım Sokak", "_mahalle_str": "Güllük Mahallesi", "_hvi_str": "%54", "_aciklama_str": "Sıcaklık: yüksek<br>Ağaç örtüsü: düşük<br>Hastaneye uzaklık: yakın<br>Yeşil alana uzaklık: çok uzak<br>Yapılaşma yoğunluğu: çok yoğun<br>Nüfus yoğunluğu: seyrek<br>Yaşlı nüfus oranı: orta<br>Çocuk nüfus oranı: orta<br>Sosyoekonomik gelişmişlik: düşük"}, "geometry": {"type": "LineString", "coordinates": [[30.5173014, 39.7828336], [30.5171815, 39.7833326], [30.5170474, 39.783984]]}, "bbox": [30.5170474, 39.7828336, 30.5173014, 39.783984]}, {"id": "602", "type": "Feature", "properties": {"name": null, "_mahalle_str": "Eskibağlar Mahallesi", "_hvi_str": "%54", "_aciklama_str": "Sıcaklık: çok yüksek<br>Ağaç örtüsü: çok düşük<br>Hastaneye uzaklık: yakın<br>Yeşil alana uzaklık: uzak<br>Yapılaşma yoğunluğu: çok yoğun<br>Nüfus yoğunluğu: seyrek<br>Yaşlı nüfus oranı: orta<br>Çocuk nüfus oranı: orta<br>Sosyoekonomik gelişmişlik: düşük"}, "geometry": {"type": "LineString", "coordinates": [[30.5136826, 39.7852359], [30.5132771, 39.7843564]]}, "bbox": [30.5132771, 39.7843564, 30.5136826, 39.7852359]}, {"id": "603", "type": "Feature", "properties": {"name": null, "_mahalle_str": "Eskibağlar Mahallesi", "_hvi_str": "%56", "_aciklama_str": "Sıcaklık: çok yüksek<br>Ağaç örtüsü: düşük<br>Hastaneye uzaklık: orta<br>Yeşil alana uzaklık: uzak<br>Yapılaşma yoğunluğu: çok yoğun<br>Nüfus yoğunluğu: seyrek<br>Yaşlı nüfus oranı: orta<br>Çocuk nüfus oranı: orta<br>Sosyoekonomik gelişmişlik: düşük"}, "geometry": {"type": "LineString", "coordinates": [[30.5161891, 39.7845566], [30.5158028, 39.7845402], [30.515189, 39.7844877], [30.5148371, 39.7844453]]}, "bbox": [30.5148371, 39.7844453, 30.5161891, 39.7845566]}, {"id": "604", "type": "Feature", "properties": {"name": null, "_mahalle_str": "Eskibağlar Mahallesi", "_hvi_str": "%52", "_aciklama_str": "Sıcaklık: çok yüksek<br>Ağaç örtüsü: çok düşük<br>Hastaneye uzaklık: yakın<br>Yeşil alana uzaklık: orta<br>Yapılaşma yoğunluğu: çok yoğun<br>Nüfus yoğunluğu: seyrek<br>Yaşlı nüfus oranı: orta<br>Çocuk nüfus oranı: orta<br>Sosyoekonomik gelişmişlik: düşük"}, "geometry": {"type": "LineString", "coordinates": [[30.5150153, 39.7850904], [30.5146496, 39.7851275], [30.5139656, 39.7852048], [30.5136826, 39.7852359]]}, "bbox": [30.5136826, 39.7850904, 30.5150153, 39.7852359]}, {"id": "606", "type": "Feature", "properties": {"name": "Akarcık Sokak", "_mahalle_str": "Eskibağlar Mahallesi", "_hvi_str": "%50", "_aciklama_str": "Sıcaklık: çok yüksek<br>Ağaç örtüsü: çok düşük<br>Hastaneye uzaklık: çok yakın<br>Yeşil alana uzaklık: orta<br>Yapılaşma yoğunluğu: çok yoğun<br>Nüfus yoğunluğu: seyrek<br>Yaşlı nüfus oranı: orta<br>Çocuk nüfus oranı: orta<br>Sosyoekonomik gelişmişlik: düşük"}, "geometry": {"type": "LineString", "coordinates": [[30.5121848, 39.7845878], [30.5124053, 39.7841331], [30.5124287, 39.7840848], [30.5125464, 39.7836929], [30.5132613, 39.7831963], [30.5136854, 39.7829507], [30.5140712, 39.7827102]]}, "bbox": [30.5121848, 39.7827102, 30.5140712, 39.7845878]}, {"id": "607", "type": "Feature", "properties": {"name": "Nazif Yörükçü Sokak", "_mahalle_str": "Eskibağlar Mahallesi", "_hvi_str": "%51", "_aciklama_str": "Sıcaklık: çok yüksek<br>Ağaç örtüsü: çok düşük<br>Hastaneye uzaklık: yakın<br>Yeşil alana uzaklık: uzak<br>Yapılaşma yoğunluğu: çok yoğun<br>Nüfus yoğunluğu: seyrek<br>Yaşlı nüfus oranı: orta<br>Çocuk nüfus oranı: orta<br>Sosyoekonomik gelişmişlik: düşük"}, "geometry": {"type": "LineString", "coordinates": [[30.5127913, 39.7820971], [30.5127868, 39.7821538], [30.5130248, 39.7827212], [30.5132613, 39.7831963], [30.5136019, 39.783821], [30.5137698, 39.7842447], [30.5139493, 39.7845846], [30.514015, 39.7847299], [30.5139656, 39.7852048]]}, "bbox": [30.5127868, 39.7820971, 30.514015, 39.7852048]}, {"id": "611", "type": "Feature", "properties": {"name": null, "_mahalle_str": "Eskibağlar Mahallesi", "_hvi_str": "%55", "_aciklama_str": "Sıcaklık: çok yüksek<br>Ağaç örtüsü: çok düşük<br>Hastaneye uzaklık: yakın<br>Yeşil alana uzaklık: uzak<br>Yapılaşma yoğunluğu: çok yoğun<br>Nüfus yoğunluğu: seyrek<br>Yaşlı nüfus oranı: orta<br>Çocuk nüfus oranı: orta<br>Sosyoekonomik gelişmişlik: düşük"}, "geometry": {"type": "LineString", "coordinates": [[30.5139493, 39.7845846], [30.5144629, 39.7844393], [30.5148525, 39.7843348]]}, "bbox": [30.5139493, 39.7843348, 30.5148525, 39.7845846]}, {"id": "612", "type": "Feature", "properties": {"name": "Sartak Sokak", "_mahalle_str": "Eskibağlar Mahallesi", "_hvi_str": "%54", "_aciklama_str": "Sıcaklık: çok yüksek<br>Ağaç örtüsü: çok düşük<br>Hastaneye uzaklık: yakın<br>Yeşil alana uzaklık: uzak<br>Yapılaşma yoğunluğu: çok yoğun<br>Nüfus yoğunluğu: seyrek<br>Yaşlı nüfus oranı: orta<br>Çocuk nüfus oranı: orta<br>Sosyoekonomik gelişmişlik: düşük"}, "geometry": {"type": "LineString", "coordinates": [[30.5144629, 39.7844393], [30.5142793, 39.7841169], [30.514085, 39.7837239], [30.5136854, 39.7829507]]}, "bbox": [30.5136854, 39.7829507, 30.5144629, 39.7844393]}, {"id": "613", "type": "Feature", "properties": {"name": "Yengi Sokak", "_mahalle_str": "Eskibağlar Mahallesi", "_hvi_str": "%53", "_aciklama_str": "Sıcaklık: çok yüksek<br>Ağaç örtüsü: düşük<br>Hastaneye uzaklık: yakın<br>Yeşil alana uzaklık: uzak<br>Yapılaşma yoğunluğu: çok yoğun<br>Nüfus yoğunluğu: seyrek<br>Yaşlı nüfus oranı: orta<br>Çocuk nüfus oranı: orta<br>Sosyoekonomik gelişmişlik: düşük"}, "geometry": {"type": "LineString", "coordinates": [[30.5147074, 39.7835965], [30.514085, 39.7837239], [30.5136019, 39.783821], [30.5126726, 39.7840489]]}, "bbox": [30.5126726, 39.7835965, 30.5147074, 39.7840489]}, {"id": "614", "type": "Feature", "properties": {"name": "Sakman Sokak", "_mahalle_str": "Eskibağlar Mahallesi", "_hvi_str": "%52", "_aciklama_str": "Sıcaklık: çok yüksek<br>Ağaç örtüsü: çok düşük<br>Hastaneye uzaklık: yakın<br>Yeşil alana uzaklık: orta<br>Yapılaşma yoğunluğu: çok yoğun<br>Nüfus yoğunluğu: seyrek<br>Yaşlı nüfus oranı: orta<br>Çocuk nüfus oranı: orta<br>Sosyoekonomik gelişmişlik: düşük"}, "geometry": {"type": "LineString", "coordinates": [[30.5144183, 39.7860082], [30.5145041, 39.7856866], [30.5146496, 39.7851275], [30.5148371, 39.7844453], [30.5148525, 39.7843348], [30.5148634, 39.7841364], [30.5148829, 39.7839777]]}, "bbox": [30.5144183, 39.7839777, 30.5148829, 39.7860082]}, {"id": "616", "type": "Feature", "properties": {"name": "Kırımlıer Sokak", "_mahalle_str": "Eskibağlar Mahallesi", "_hvi_str": "%54", "_aciklama_str": "Sıcaklık: çok yüksek<br>Ağaç örtüsü: çok düşük<br>Hastaneye uzaklık: yakın<br>Yeşil alana uzaklık: uzak<br>Yapılaşma yoğunluğu: çok yoğun<br>Nüfus yoğunluğu: seyrek<br>Yaşlı nüfus oranı: orta<br>Çocuk nüfus oranı: orta<br>Sosyoekonomik gelişmişlik: düşük"}, "geometry": {"type": "LineString", "coordinates": [[30.5137698, 39.7842447], [30.5132771, 39.7843564], [30.5128696, 39.7844645], [30.5121848, 39.7845878]]}, "bbox": [30.5121848, 39.7842447, 30.5137698, 39.7845878]}, {"id": "617", "type": "Feature", "properties": {"name": "Bereket Sokak", "_mahalle_str": "Güllük Mahallesi", "_hvi_str": "%55", "_aciklama_str": "Sıcaklık: çok yüksek<br>Ağaç örtüsü: düşük<br>Hastaneye uzaklık: yakın<br>Yeşil alana uzaklık: uzak<br>Yapılaşma yoğunluğu: çok yoğun<br>Nüfus yoğunluğu: seyrek<br>Yaşlı nüfus oranı: orta<br>Çocuk nüfus oranı: orta<br>Sosyoekonomik gelişmişlik: düşük"}, "geometry": {"type": "LineString", "coordinates": [[30.5160872, 39.7849771], [30.5161891, 39.7845566], [30.5163527, 39.783986]]}, "bbox": [30.5160872, 39.783986, 30.5163527, 39.7849771]}, {"id": "618", "type": "Feature", "properties": {"name": null, "_mahalle_str": "Güllük Mahallesi", "_hvi_str": "%55", "_aciklama_str": "Sıcaklık: çok yüksek<br>Ağaç örtüsü: düşük<br>Hastaneye uzaklık: yakın<br>Yeşil alana uzaklık: uzak<br>Yapılaşma yoğunluğu: çok yoğun<br>Nüfus yoğunluğu: seyrek<br>Yaşlı nüfus oranı: orta<br>Çocuk nüfus oranı: orta<br>Sosyoekonomik gelişmişlik: düşük"}, "geometry": {"type": "LineString", "coordinates": [[30.517645, 39.784622], [30.516775, 39.7845807], [30.5161891, 39.7845566]]}, "bbox": [30.5161891, 39.7845566, 30.517645, 39.784622]}, {"id": "619", "type": "Feature", "properties": {"name": "Bilen Sokak", "_mahalle_str": "Güllük Mahallesi", "_hvi_str": "%55", "_aciklama_str": "Sıcaklık: çok yüksek<br>Ağaç örtüsü: çok düşük<br>Hastaneye uzaklık: yakın<br>Yeşil alana uzaklık: orta<br>Yapılaşma yoğunluğu: çok yoğun<br>Nüfus yoğunluğu: seyrek<br>Yaşlı nüfus oranı: orta<br>Çocuk nüfus oranı: orta<br>Sosyoekonomik gelişmişlik: düşük"}, "geometry": {"type": "LineString", "coordinates": [[30.5150472, 39.7849403], [30.5157291, 39.7849766], [30.5160872, 39.7849771], [30.5167567, 39.7850159]]}, "bbox": [30.5150472, 39.7849403, 30.5167567, 39.7850159]}, {"id": "637", "type": "Feature", "properties": {"name": "Ord. Prof. F.Kerim Gökay Sokak", "_mahalle_str": "Hacı Seyit Mahallesi", "_hvi_str": "%53", "_aciklama_str": "Sıcaklık: çok yüksek<br>Ağaç örtüsü: düşük<br>Hastaneye uzaklık: çok yakın<br>Yeşil alana uzaklık: uzak<br>Yapılaşma yoğunluğu: çok yoğun<br>Nüfus yoğunluğu: seyrek<br>Yaşlı nüfus oranı: orta<br>Çocuk nüfus oranı: orta<br>Sosyoekonomik gelişmişlik: düşük"}, "geometry": {"type": "LineString", "coordinates": [[30.5237291, 39.7799131], [30.5232323, 39.7800547], [30.5216911, 39.7804069]]}, "bbox": [30.5216911, 39.7799131, 30.5237291, 39.7804069]}, {"id": "638", "type": "Feature", "properties": {"name": "Doç. Dr. Niyazi Heper Sokak", "_mahalle_str": "Hayriye Mahallesi", "_hvi_str": "%56", "_aciklama_str": "Sıcaklık: çok yüksek<br>Ağaç örtüsü: çok düşük<br>Hastaneye uzaklık: yakın<br>Yeşil alana uzaklık: çok uzak<br>Yapılaşma yoğunluğu: çok yoğun<br>Nüfus yoğunluğu: seyrek<br>Yaşlı nüfus oranı: orta<br>Çocuk nüfus oranı: orta<br>Sosyoekonomik gelişmişlik: düşük"}, "geometry": {"type": "LineString", "coordinates": [[30.5222474, 39.7820251], [30.5221108, 39.7816246], [30.5220402, 39.7814089], [30.5219458, 39.7811608], [30.521839, 39.7807947], [30.5216911, 39.7804069], [30.521559, 39.7800281], [30.5214355, 39.7796737]]}, "bbox": [30.5214355, 39.7796737, 30.5222474, 39.7820251]}, {"id": "642", "type": "Feature", "properties": {"name": "Akkaya Sokak", "_mahalle_str": "Şarhöyük Mahallesi", "_hvi_str": "%53", "_aciklama_str": "Sıcaklık: orta<br>Ağaç örtüsü: çok düşük<br>Hastaneye uzaklık: yakın<br>Yeşil alana uzaklık: orta<br>Yapılaşma yoğunluğu: çok yoğun<br>Nüfus yoğunluğu: seyrek<br>Yaşlı nüfus oranı: orta<br>Çocuk nüfus oranı: orta<br>Sosyoekonomik gelişmişlik: düşük"}, "geometry": {"type": "LineString", "coordinates": [[30.5328302, 39.7934069], [30.5328844, 39.7933943], [30.533537, 39.7931911], [30.5337129, 39.7930693]]}, "bbox": [30.5328302, 39.7930693, 30.5337129, 39.7934069]}, {"id": "645", "type": "Feature", "properties": {"name": "Akkaya Sokak", "_mahalle_str": "Şarhöyük Mahallesi", "_hvi_str": "%53", "_aciklama_str": "Sıcaklık: orta<br>Ağaç örtüsü: orta<br>Hastaneye uzaklık: yakın<br>Yeşil alana uzaklık: orta<br>Yapılaşma yoğunluğu: çok yoğun<br>Nüfus yoğunluğu: seyrek<br>Yaşlı nüfus oranı: orta<br>Çocuk nüfus oranı: orta<br>Sosyoekonomik gelişmişlik: düşük"}, "geometry": {"type": "LineString", "coordinates": [[30.5337129, 39.7930693], [30.5343477, 39.7925577], [30.5345113, 39.7924341], [30.5348263, 39.792168], [30.5351623, 39.7918947], [30.5352221, 39.7918405], [30.535333, 39.7917045]]}, "bbox": [30.5337129, 39.7917045, 30.535333, 39.7930693]}, {"id": "648", "type": "Feature", "properties": {"name": "Durucan Sokak", "_mahalle_str": "Şarhöyük Mahallesi", "_hvi_str": "%53", "_aciklama_str": "Sıcaklık: orta<br>Ağaç örtüsü: orta<br>Hastaneye uzaklık: yakın<br>Yeşil alana uzaklık: orta<br>Yapılaşma yoğunluğu: çok yoğun<br>Nüfus yoğunluğu: seyrek<br>Yaşlı nüfus oranı: orta<br>Çocuk nüfus oranı: orta<br>Sosyoekonomik gelişmişlik: düşük"}, "geometry": {"type": "LineString", "coordinates": [[30.5340874, 39.7933315], [30.5346564, 39.7927921], [30.534852, 39.7926463], [30.5351652, 39.7923625], [30.5354801, 39.7920905], [30.5357152, 39.7918807]]}, "bbox": [30.5340874, 39.7918807, 30.5357152, 39.7933315]}, {"id": "650", "type": "Feature", "properties": {"name": "Tevzar Sokak", "_mahalle_str": "Şarhöyük Mahallesi", "_hvi_str": "%52", "_aciklama_str": "Sıcaklık: orta<br>Ağaç örtüsü: düşük<br>Hastaneye uzaklık: orta<br>Yeşil alana uzaklık: orta<br>Yapılaşma yoğunluğu: çok yoğun<br>Nüfus yoğunluğu: seyrek<br>Yaşlı nüfus oranı: orta<br>Çocuk nüfus oranı: orta<br>Sosyoekonomik gelişmişlik: düşük"}, "geometry": {"type": "LineString", "coordinates": [[30.5332798, 39.7926878], [30.5336208, 39.7924575], [30.533953, 39.7922322], [30.5342895, 39.7920338]]}, "bbox": [30.5332798, 39.7920338, 30.5342895, 39.7926878]}, {"id": "652", "type": "Feature", "properties": {"name": "Başdere Sokak", "_mahalle_str": "Şarhöyük Mahallesi", "_hvi_str": "%50", "_aciklama_str": "Sıcaklık: orta<br>Ağaç örtüsü: orta<br>Hastaneye uzaklık: yakın<br>Yeşil alana uzaklık: yakın<br>Yapılaşma yoğunluğu: çok yoğun<br>Nüfus yoğunluğu: seyrek<br>Yaşlı nüfus oranı: orta<br>Çocuk nüfus oranı: orta<br>Sosyoekonomik gelişmişlik: düşük"}, "geometry": {"type": "LineString", "coordinates": [[30.5353962, 39.7932051], [30.5351194, 39.7930595], [30.5346564, 39.7927921]]}, "bbox": [30.5346564, 39.7927921, 30.5353962, 39.7932051]}, {"id": "657", "type": "Feature", "properties": {"name": "Bozdağı Sokak", "_mahalle_str": "Şarhöyük Mahallesi", "_hvi_str": "%54", "_aciklama_str": "Sıcaklık: orta<br>Ağaç örtüsü: orta<br>Hastaneye uzaklık: yakın<br>Yeşil alana uzaklık: orta<br>Yapılaşma yoğunluğu: çok yoğun<br>Nüfus yoğunluğu: seyrek<br>Yaşlı nüfus oranı: orta<br>Çocuk nüfus oranı: orta<br>Sosyoekonomik gelişmişlik: düşük"}, "geometry": {"type": "LineString", "coordinates": [[30.5335074, 39.7928808], [30.5341679, 39.7924166]]}, "bbox": [30.5335074, 39.7924166, 30.5341679, 39.7928808]}, {"id": "658", "type": "Feature", "properties": {"name": "Metehan Sokak", "_mahalle_str": "Şarhöyük Mahallesi", "_hvi_str": "%51", "_aciklama_str": "Sıcaklık: orta<br>Ağaç örtüsü: orta<br>Hastaneye uzaklık: orta<br>Yeşil alana uzaklık: orta<br>Yapılaşma yoğunluğu: çok yoğun<br>Nüfus yoğunluğu: seyrek<br>Yaşlı nüfus oranı: orta<br>Çocuk nüfus oranı: orta<br>Sosyoekonomik gelişmişlik: düşük"}, "geometry": {"type": "LineString", "coordinates": [[30.5343477, 39.7925577], [30.5341679, 39.7924166], [30.533953, 39.7922322], [30.5334521, 39.7918435]]}, "bbox": [30.5334521, 39.7918435, 30.5343477, 39.7925577]}, {"id": "660", "type": "Feature", "properties": {"name": "Tevzar Sokak", "_mahalle_str": "Şarhöyük Mahallesi", "_hvi_str": "%51", "_aciklama_str": "Sıcaklık: orta<br>Ağaç örtüsü: çok düşük<br>Hastaneye uzaklık: yakın<br>Yeşil alana uzaklık: yakın<br>Yapılaşma yoğunluğu: çok yoğun<br>Nüfus yoğunluğu: seyrek<br>Yaşlı nüfus oranı: orta<br>Çocuk nüfus oranı: orta<br>Sosyoekonomik gelişmişlik: düşük"}, "geometry": {"type": "LineString", "coordinates": [[30.5342895, 39.7920338], [30.5349003, 39.7916548], [30.5350505, 39.7914644], [30.5351689, 39.7912096], [30.5352615, 39.7909677], [30.5353109, 39.7908037]]}, "bbox": [30.5342895, 39.7908037, 30.5353109, 39.7920338]}, {"id": "661", "type": "Feature", "properties": {"name": "Işıkalp Sokak", "_mahalle_str": "Şarhöyük Mahallesi", "_hvi_str": "%54", "_aciklama_str": "Sıcaklık: yüksek<br>Ağaç örtüsü: çok düşük<br>Hastaneye uzaklık: yakın<br>Yeşil alana uzaklık: orta<br>Yapılaşma yoğunluğu: çok yoğun<br>Nüfus yoğunluğu: seyrek<br>Yaşlı nüfus oranı: orta<br>Çocuk nüfus oranı: orta<br>Sosyoekonomik gelişmişlik: düşük"}, "geometry": {"type": "LineString", "coordinates": [[30.5365432, 39.7908898], [30.5362122, 39.7908707]]}, "bbox": [30.5362122, 39.7908707, 30.5365432, 39.7908898]}, {"id": "662", "type": "Feature", "properties": {"name": "Durucan Sokak", "_mahalle_str": "Şarhöyük Mahallesi", "_hvi_str": "%53", "_aciklama_str": "Sıcaklık: düşük<br>Ağaç örtüsü: düşük<br>Hastaneye uzaklık: yakın<br>Yeşil alana uzaklık: orta<br>Yapılaşma yoğunluğu: çok yoğun<br>Nüfus yoğunluğu: seyrek<br>Yaşlı nüfus oranı: orta<br>Çocuk nüfus oranı: orta<br>Sosyoekonomik gelişmişlik: düşük"}, "geometry": {"type": "LineString", "coordinates": [[30.5357152, 39.7918807], [30.5360484, 39.7914206], [30.5361391, 39.7913106], [30.5361659, 39.7912193], [30.5362122, 39.7908707]]}, "bbox": [30.5357152, 39.7908707, 30.5362122, 39.7918807]}, {"id": "663", "type": "Feature", "properties": {"name": "Es Es Sokak", "_mahalle_str": "Şarhöyük Mahallesi", "_hvi_str": "%51", "_aciklama_str": "Sıcaklık: düşük<br>Ağaç örtüsü: düşük<br>Hastaneye uzaklık: orta<br>Yeşil alana uzaklık: orta<br>Yapılaşma yoğunluğu: çok yoğun<br>Nüfus yoğunluğu: seyrek<br>Yaşlı nüfus oranı: orta<br>Çocuk nüfus oranı: orta<br>Sosyoekonomik gelişmişlik: düşük"}, "geometry": {"type": "LineString", "coordinates": [[30.5357152, 39.7918807], [30.5360958, 39.7920876], [30.5364669, 39.7923678]]}, "bbox": [30.5357152, 39.7918807, 30.5364669, 39.7923678]}, {"id": "664", "type": "Feature", "properties": {"name": "Es Es Sokak", "_mahalle_str": "Şarhöyük Mahallesi", "_hvi_str": "%54", "_aciklama_str": "Sıcaklık: düşük<br>Ağaç örtüsü: çok düşük<br>Hastaneye uzaklık: orta<br>Yeşil alana uzaklık: orta<br>Yapılaşma yoğunluğu: çok yoğun<br>Nüfus yoğunluğu: seyrek<br>Yaşlı nüfus oranı: orta<br>Çocuk nüfus oranı: orta<br>Sosyoekonomik gelişmişlik: düşük"}, "geometry": {"type": "LineString", "coordinates": [[30.5357152, 39.7918807], [30.535333, 39.7917045]]}, "bbox": [30.535333, 39.7917045, 30.5357152, 39.7918807]}, {"id": "665", "type": "Feature", "properties": {"name": "Marmaris Sokak", "_mahalle_str": "Şarhöyük Mahallesi", "_hvi_str": "%55", "_aciklama_str": "Sıcaklık: orta<br>Ağaç örtüsü: çok düşük<br>Hastaneye uzaklık: orta<br>Yeşil alana uzaklık: orta<br>Yapılaşma yoğunluğu: çok yoğun<br>Nüfus yoğunluğu: seyrek<br>Yaşlı nüfus oranı: orta<br>Çocuk nüfus oranı: orta<br>Sosyoekonomik gelişmişlik: düşük"}, "geometry": {"type": "LineString", "coordinates": [[30.5354801, 39.7920905], [30.5351623, 39.7918947]]}, "bbox": [30.5351623, 39.7918947, 30.5354801, 39.7920905]}, {"id": "666", "type": "Feature", "properties": {"name": "Bademlibahçe Sokak", "_mahalle_str": "Şarhöyük Mahallesi", "_hvi_str": "%52", "_aciklama_str": "Sıcaklık: düşük<br>Ağaç örtüsü: düşük<br>Hastaneye uzaklık: orta<br>Yeşil alana uzaklık: orta<br>Yapılaşma yoğunluğu: çok yoğun<br>Nüfus yoğunluğu: seyrek<br>Yaşlı nüfus oranı: orta<br>Çocuk nüfus oranı: orta<br>Sosyoekonomik gelişmişlik: düşük"}, "geometry": {"type": "LineString", "coordinates": [[30.5360958, 39.7920876], [30.5365946, 39.7913405]]}, "bbox": [30.5360958, 39.7913405, 30.5365946, 39.7920876]}, {"id": "670", "type": "Feature", "properties": {"name": "Akkaya Sokak", "_mahalle_str": "Şarhöyük Mahallesi", "_hvi_str": "%52", "_aciklama_str": "Sıcaklık: orta<br>Ağaç örtüsü: düşük<br>Hastaneye uzaklık: yakın<br>Yeşil alana uzaklık: yakın<br>Yapılaşma yoğunluğu: çok yoğun<br>Nüfus yoğunluğu: seyrek<br>Yaşlı nüfus oranı: orta<br>Çocuk nüfus oranı: orta<br>Sosyoekonomik gelişmişlik: düşük"}, "geometry": {"type": "LineString", "coordinates": [[30.535333, 39.7917045], [30.5353542, 39.7916672], [30.5353909, 39.791608], [30.5355532, 39.7913361], [30.535666, 39.7910751], [30.5357742, 39.790849]]}, "bbox": [30.535333, 39.790849, 30.5357742, 39.7917045]}, {"id": "671", "type": "Feature", "properties": {"name": "Erişen Sokak", "_mahalle_str": "Şarhöyük Mahallesi", "_hvi_str": "%53", "_aciklama_str": "Sıcaklık: orta<br>Ağaç örtüsü: yüksek<br>Hastaneye uzaklık: yakın<br>Yeşil alana uzaklık: orta<br>Yapılaşma yoğunluğu: çok yoğun<br>Nüfus yoğunluğu: seyrek<br>Yaşlı nüfus oranı: orta<br>Çocuk nüfus oranı: orta<br>Sosyoekonomik gelişmişlik: düşük"}, "geometry": {"type": "LineString", "coordinates": [[30.5351652, 39.7923625], [30.5348263, 39.792168]]}, "bbox": [30.5348263, 39.792168, 30.5351652, 39.7923625]}, {"id": "679", "type": "Feature", "properties": {"name": null, "_mahalle_str": "Fevziçakmak Mahallesi", "_hvi_str": "%50", "_aciklama_str": "Sıcaklık: çok yüksek<br>Ağaç örtüsü: yüksek<br>Hastaneye uzaklık: orta<br>Yeşil alana uzaklık: uzak<br>Yapılaşma yoğunluğu: yoğun<br>Nüfus yoğunluğu: seyrek<br>Yaşlı nüfus oranı: orta<br>Çocuk nüfus oranı: orta<br>Sosyoekonomik gelişmişlik: düşük"}, "geometry": {"type": "LineString", "coordinates": [[30.5510202, 39.793621], [30.5515871, 39.7923215], [30.5517344, 39.791973], [30.5518242, 39.7916876], [30.5519101, 39.7914898], [30.5521783, 39.791024], [30.5523928, 39.7906241], [30.5525538, 39.7903645]]}, "bbox": [30.5510202, 39.7903645, 30.5525538, 39.793621]}, {"id": "699", "type": "Feature", "properties": {"name": "Tınaztepeler Sokak", "_mahalle_str": "Hayriye Mahallesi", "_hvi_str": "%55", "_aciklama_str": "Sıcaklık: çok yüksek<br>Ağaç örtüsü: çok düşük<br>Hastaneye uzaklık: çok yakın<br>Yeşil alana uzaklık: çok uzak<br>Yapılaşma yoğunluğu: çok yoğun<br>Nüfus yoğunluğu: seyrek<br>Yaşlı nüfus oranı: orta<br>Çocuk nüfus oranı: orta<br>Sosyoekonomik gelişmişlik: düşük"}, "geometry": {"type": "LineString", "coordinates": [[30.5200086, 39.7811267], [30.520758, 39.780997], [30.521839, 39.7807947]]}, "bbox": [30.5200086, 39.7807947, 30.521839, 39.7811267]}, {"id": "700", "type": "Feature", "properties": {"name": "Müderris Sokak", "_mahalle_str": "Cumhuriye Mahallesi", "_hvi_str": "%52", "_aciklama_str": "Sıcaklık: yüksek<br>Ağaç örtüsü: çok düşük<br>Hastaneye uzaklık: çok yakın<br>Yeşil alana uzaklık: çok uzak<br>Yapılaşma yoğunluğu: çok yoğun<br>Nüfus yoğunluğu: seyrek<br>Yaşlı nüfus oranı: orta<br>Çocuk nüfus oranı: orta<br>Sosyoekonomik gelişmişlik: düşük"}, "geometry": {"type": "LineString", "coordinates": [[30.5188812, 39.7805598], [30.5183363, 39.7804342], [30.5178306, 39.780294], [30.5172674, 39.7800013], [30.516806, 39.7797581]]}, "bbox": [30.516806, 39.7797581, 30.5188812, 39.7805598]}, {"id": "703", "type": "Feature", "properties": {"name": "Hacı Habib Sokak", "_mahalle_str": "Hayriye Mahallesi", "_hvi_str": "%55", "_aciklama_str": "Sıcaklık: yüksek<br>Ağaç örtüsü: çok düşük<br>Hastaneye uzaklık: çok yakın<br>Yeşil alana uzaklık: çok uzak<br>Yapılaşma yoğunluğu: çok yoğun<br>Nüfus yoğunluğu: seyrek<br>Yaşlı nüfus oranı: orta<br>Çocuk nüfus oranı: orta<br>Sosyoekonomik gelişmişlik: düşük"}, "geometry": {"type": "LineString", "coordinates": [[30.52003, 39.7808011], [30.5207539, 39.7806525]]}, "bbox": [30.52003, 39.7806525, 30.5207539, 39.7808011]}, {"id": "704", "type": "Feature", "properties": {"name": "Kayacık Sokak", "_mahalle_str": "Cumhuriye Mahallesi", "_hvi_str": "%51", "_aciklama_str": "Sıcaklık: yüksek<br>Ağaç örtüsü: çok düşük<br>Hastaneye uzaklık: çok yakın<br>Yeşil alana uzaklık: çok uzak<br>Yapılaşma yoğunluğu: çok yoğun<br>Nüfus yoğunluğu: seyrek<br>Yaşlı nüfus oranı: orta<br>Çocuk nüfus oranı: orta<br>Sosyoekonomik gelişmişlik: düşük"}, "geometry": {"type": "LineString", "coordinates": [[30.518019, 39.7810972], [30.5183363, 39.7804342], [30.5185934, 39.7798127]]}, "bbox": [30.518019, 39.7798127, 30.5185934, 39.7810972]}, {"id": "705", "type": "Feature", "properties": {"name": "Kurtuluş Sokak", "_mahalle_str": "Hayriye Mahallesi", "_hvi_str": "%51", "_aciklama_str": "Sıcaklık: yüksek<br>Ağaç örtüsü: düşük<br>Hastaneye uzaklık: çok yakın<br>Yeşil alana uzaklık: çok uzak<br>Yapılaşma yoğunluğu: çok yoğun<br>Nüfus yoğunluğu: seyrek<br>Yaşlı nüfus oranı: orta<br>Çocuk nüfus oranı: orta<br>Sosyoekonomik gelişmişlik: düşük"}, "geometry": {"type": "LineString", "coordinates": [[30.5187605, 39.7809535], [30.5193809, 39.7810237], [30.5200032, 39.7810525]]}, "bbox": [30.5187605, 39.7809535, 30.5200032, 39.7810525]}, {"id": "707", "type": "Feature", "properties": {"name": "Tersel Sokak", "_mahalle_str": "Cumhuriye Mahallesi", "_hvi_str": "%51", "_aciklama_str": "Sıcaklık: yüksek<br>Ağaç örtüsü: çok düşük<br>Hastaneye uzaklık: çok yakın<br>Yeşil alana uzaklık: uzak<br>Yapılaşma yoğunluğu: çok yoğun<br>Nüfus yoğunluğu: seyrek<br>Yaşlı nüfus oranı: orta<br>Çocuk nüfus oranı: orta<br>Sosyoekonomik gelişmişlik: düşük"}, "geometry": {"type": "LineString", "coordinates": [[30.5172249, 39.7781403], [30.5176, 39.778344]]}, "bbox": [30.5172249, 39.7781403, 30.5176, 39.778344]}, {"id": "710", "type": "Feature", "properties": {"name": "Tutal Sokak", "_mahalle_str": "Cumhuriye Mahallesi", "_hvi_str": "%51", "_aciklama_str": "Sıcaklık: çok yüksek<br>Ağaç örtüsü: çok düşük<br>Hastaneye uzaklık: çok yakın<br>Yeşil alana uzaklık: uzak<br>Yapılaşma yoğunluğu: çok yoğun<br>Nüfus yoğunluğu: seyrek<br>Yaşlı nüfus oranı: orta<br>Çocuk nüfus oranı: orta<br>Sosyoekonomik gelişmişlik: düşük"}, "geometry": {"type": "LineString", "coordinates": [[30.5195155, 39.7783304], [30.5191395, 39.7781956], [30.5189303, 39.7781131], [30.5185495, 39.7779276], [30.5181819, 39.7777517], [30.517762, 39.777537]]}, "bbox": [30.517762, 39.777537, 30.5195155, 39.7783304]}, {"id": "711", "type": "Feature", "properties": {"name": null, "_mahalle_str": "Hacı Ali Bey Mahallesi", "_hvi_str": "%55", "_aciklama_str": "Sıcaklık: çok yüksek<br>Ağaç örtüsü: yüksek<br>Hastaneye uzaklık: yakın<br>Yeşil alana uzaklık: çok uzak<br>Yapılaşma yoğunluğu: çok yoğun<br>Nüfus yoğunluğu: seyrek<br>Yaşlı nüfus oranı: orta<br>Çocuk nüfus oranı: orta<br>Sosyoekonomik gelişmişlik: düşük"}, "geometry": {"type": "LineString", "coordinates": [[30.5206152, 39.7782459], [30.5206791, 39.7793334], [30.5206802, 39.7798378]]}, "bbox": [30.5206152, 39.7782459, 30.5206802, 39.7798378]}, {"id": "712", "type": "Feature", "properties": {"name": "Kaptan Baba Sokak", "_mahalle_str": "Cumhuriye Mahallesi", "_hvi_str": "%52", "_aciklama_str": "Sıcaklık: çok yüksek<br>Ağaç örtüsü: çok düşük<br>Hastaneye uzaklık: çok yakın<br>Yeşil alana uzaklık: uzak<br>Yapılaşma yoğunluğu: çok yoğun<br>Nüfus yoğunluğu: seyrek<br>Yaşlı nüfus oranı: orta<br>Çocuk nüfus oranı: orta<br>Sosyoekonomik gelişmişlik: düşük"}, "geometry": {"type": "LineString", "coordinates": [[30.5162931, 39.7812176], [30.5166059, 39.780795], [30.5168038, 39.7805529], [30.5172674, 39.7800013], [30.5178099, 39.7793878]]}, "bbox": [30.5162931, 39.7793878, 30.5178099, 39.7812176]}, {"id": "715", "type": "Feature", "properties": {"name": "Tuzcular Sokak", "_mahalle_str": "Hayriye Mahallesi", "_hvi_str": "%56", "_aciklama_str": "Sıcaklık: çok yüksek<br>Ağaç örtüsü: düşük<br>Hastaneye uzaklık: çok yakın<br>Yeşil alana uzaklık: çok uzak<br>Yapılaşma yoğunluğu: çok yoğun<br>Nüfus yoğunluğu: seyrek<br>Yaşlı nüfus oranı: orta<br>Çocuk nüfus oranı: orta<br>Sosyoekonomik gelişmişlik: düşük"}, "geometry": {"type": "LineString", "coordinates": [[30.5188812, 39.7805598], [30.5190537, 39.7805537], [30.5192629, 39.780529], [30.5200515, 39.7803352], [30.5207217, 39.780199], [30.521559, 39.7800281]]}, "bbox": [30.5188812, 39.7800281, 30.521559, 39.7805598]}, {"id": "716", "type": "Feature", "properties": {"name": "Başkan Sokak", "_mahalle_str": "Cumhuriye Mahallesi", "_hvi_str": "%51", "_aciklama_str": "Sıcaklık: yüksek<br>Ağaç örtüsü: çok düşük<br>Hastaneye uzaklık: çok yakın<br>Yeşil alana uzaklık: çok uzak<br>Yapılaşma yoğunluğu: çok yoğun<br>Nüfus yoğunluğu: seyrek<br>Yaşlı nüfus oranı: orta<br>Çocuk nüfus oranı: orta<br>Sosyoekonomik gelişmişlik: düşük"}, "geometry": {"type": "LineString", "coordinates": [[30.5186552, 39.7798461], [30.5188284, 39.7794118], [30.5189572, 39.7789706], [30.5191395, 39.7781956], [30.5193166, 39.7774329], [30.5194629, 39.7766023]]}, "bbox": [30.5186552, 39.7766023, 30.5194629, 39.7798461]}, {"id": "719", "type": "Feature", "properties": {"name": "Paşa Sokak", "_mahalle_str": "Cumhuriye Mahallesi", "_hvi_str": "%51", "_aciklama_str": "Sıcaklık: yüksek<br>Ağaç örtüsü: çok düşük<br>Hastaneye uzaklık: çok yakın<br>Yeşil alana uzaklık: çok uzak<br>Yapılaşma yoğunluğu: çok yoğun<br>Nüfus yoğunluğu: seyrek<br>Yaşlı nüfus oranı: orta<br>Çocuk nüfus oranı: orta<br>Sosyoekonomik gelişmişlik: düşük"}, "geometry": {"type": "LineString", "coordinates": [[30.5172273, 39.7813862], [30.5174497, 39.7809783], [30.5175785, 39.780731], [30.5178306, 39.780294], [30.5182699, 39.7796372]]}, "bbox": [30.5172273, 39.7796372, 30.5182699, 39.7813862]}, {"id": "722", "type": "Feature", "properties": {"name": "Turan Sokak", "_mahalle_str": "Mustafa Kemal Paşa Mahallesi", "_hvi_str": "%52", "_aciklama_str": "Sıcaklık: çok yüksek<br>Ağaç örtüsü: çok düşük<br>Hastaneye uzaklık: çok yakın<br>Yeşil alana uzaklık: uzak<br>Yapılaşma yoğunluğu: çok yoğun<br>Nüfus yoğunluğu: seyrek<br>Yaşlı nüfus oranı: orta<br>Çocuk nüfus oranı: orta<br>Sosyoekonomik gelişmişlik: düşük"}, "geometry": {"type": "LineString", "coordinates": [[30.5220789, 39.7771673], [30.5224469, 39.7770866], [30.5228397, 39.7770124], [30.5235466, 39.7769025], [30.5240516, 39.7768318], [30.5241134, 39.7768326]]}, "bbox": [30.5220789, 39.7768318, 30.5241134, 39.7771673]}, {"id": "723", "type": "Feature", "properties": {"name": "Gazi Yakup Satar Caddesi", "_mahalle_str": "İhsaniye Mahallesi", "_hvi_str": "%51", "_aciklama_str": "Sıcaklık: çok yüksek<br>Ağaç örtüsü: çok düşük<br>Hastaneye uzaklık: çok yakın<br>Yeşil alana uzaklık: uzak<br>Yapılaşma yoğunluğu: çok yoğun<br>Nüfus yoğunluğu: seyrek<br>Yaşlı nüfus oranı: orta<br>Çocuk nüfus oranı: orta<br>Sosyoekonomik gelişmişlik: düşük"}, "geometry": {"type": "LineString", "coordinates": [[30.5211018, 39.775858], [30.52132, 39.7762239], [30.5213746, 39.7763075], [30.5215508, 39.7766039], [30.5216224, 39.7767148], [30.5217401, 39.7768994], [30.5219343, 39.7772011], [30.5221572, 39.7775166], [30.5224725, 39.7780027], [30.5225912, 39.7781964], [30.5228443, 39.7785832], [30.5230235, 39.7788611], [30.5232169, 39.7791693]]}, "bbox": [30.5211018, 39.775858, 30.5232169, 39.7791693]}, {"id": "724", "type": "Feature", "properties": {"name": "Akat Sokak", "_mahalle_str": "Mustafa Kemal Paşa Mahallesi", "_hvi_str": "%52", "_aciklama_str": "Sıcaklık: çok yüksek<br>Ağaç örtüsü: çok düşük<br>Hastaneye uzaklık: çok yakın<br>Yeşil alana uzaklık: uzak<br>Yapılaşma yoğunluğu: çok yoğun<br>Nüfus yoğunluğu: seyrek<br>Yaşlı nüfus oranı: orta<br>Çocuk nüfus oranı: orta<br>Sosyoekonomik gelişmişlik: düşük"}, "geometry": {"type": "LineString", "coordinates": [[30.5240573, 39.776505], [30.523383, 39.7766125], [30.5232854, 39.7766294], [30.5226708, 39.7767207], [30.5222524, 39.7767877], [30.5218947, 39.7768685]]}, "bbox": [30.5218947, 39.776505, 30.5240573, 39.7768685]}, {"id": "725", "type": "Feature", "properties": {"name": "Cengiz Sokak", "_mahalle_str": "Mustafa Kemal Paşa Mahallesi", "_hvi_str": "%53", "_aciklama_str": "Sıcaklık: çok yüksek<br>Ağaç örtüsü: çok düşük<br>Hastaneye uzaklık: çok yakın<br>Yeşil alana uzaklık: çok uzak<br>Yapılaşma yoğunluğu: çok yoğun<br>Nüfus yoğunluğu: seyrek<br>Yaşlı nüfus oranı: orta<br>Çocuk nüfus oranı: orta<br>Sosyoekonomik gelişmişlik: düşük"}, "geometry": {"type": "LineString", "coordinates": [[30.5241829, 39.7771868], [30.52373, 39.777264], [30.5230863, 39.7773599], [30.5226786, 39.7774259], [30.5222878, 39.7774973]]}, "bbox": [30.5222878, 39.7771868, 30.5241829, 39.7774973]}, {"id": "727", "type": "Feature", "properties": {"name": "Tüzün Sokak", "_mahalle_str": "Mustafa Kemal Paşa Mahallesi", "_hvi_str": "%51", "_aciklama_str": "Sıcaklık: çok yüksek<br>Ağaç örtüsü: çok düşük<br>Hastaneye uzaklık: çok yakın<br>Yeşil alana uzaklık: uzak<br>Yapılaşma yoğunluğu: çok yoğun<br>Nüfus yoğunluğu: seyrek<br>Yaşlı nüfus oranı: orta<br>Çocuk nüfus oranı: orta<br>Sosyoekonomik gelişmişlik: düşük"}, "geometry": {"type": "LineString", "coordinates": [[30.5220606, 39.7757261], [30.5222497, 39.7761136], [30.5224615, 39.776429], [30.5226708, 39.7767207], [30.5228397, 39.7770124], [30.5230863, 39.7773599], [30.5233024, 39.7776849], [30.5234832, 39.777957]]}, "bbox": [30.5220606, 39.7757261, 30.5234832, 39.777957]}, {"id": "728", "type": "Feature", "properties": {"name": "Sümer Sokak", "_mahalle_str": "Mustafa Kemal Paşa Mahallesi", "_hvi_str": "%52", "_aciklama_str": "Sıcaklık: çok yüksek<br>Ağaç örtüsü: çok düşük<br>Hastaneye uzaklık: çok yakın<br>Yeşil alana uzaklık: uzak<br>Yapılaşma yoğunluğu: çok yoğun<br>Nüfus yoğunluğu: seyrek<br>Yaşlı nüfus oranı: orta<br>Çocuk nüfus oranı: orta<br>Sosyoekonomik gelişmişlik: düşük"}, "geometry": {"type": "LineString", "coordinates": [[30.5216977, 39.7765624], [30.522066, 39.7764991], [30.5224615, 39.776429], [30.5232099, 39.7763094], [30.5239956, 39.7762014]]}, "bbox": [30.5216977, 39.7762014, 30.5239956, 39.7765624]}, {"id": "729", "type": "Feature", "properties": {"name": "Yüceler Sokak", "_mahalle_str": "Mustafa Kemal Paşa Mahallesi", "_hvi_str": "%51", "_aciklama_str": "Sıcaklık: çok yüksek<br>Ağaç örtüsü: çok düşük<br>Hastaneye uzaklık: çok yakın<br>Yeşil alana uzaklık: çok uzak<br>Yapılaşma yoğunluğu: çok yoğun<br>Nüfus yoğunluğu: seyrek<br>Yaşlı nüfus oranı: orta<br>Çocuk nüfus oranı: orta<br>Sosyoekonomik gelişmişlik: düşük"}, "geometry": {"type": "LineString", "coordinates": [[30.5230262, 39.7758559], [30.5230792, 39.775986], [30.5232099, 39.7763094], [30.523383, 39.7766125], [30.5235466, 39.7769025], [30.52373, 39.777264], [30.5238756, 39.7775689], [30.5239957, 39.7778144], [30.524208, 39.7782682]]}, "bbox": [30.5230262, 39.7758559, 30.524208, 39.7782682]}, {"id": "730", "type": "Feature", "properties": {"name": "Uygur Sokak", "_mahalle_str": "Mustafa Kemal Paşa Mahallesi", "_hvi_str": "%52", "_aciklama_str": "Sıcaklık: çok yüksek<br>Ağaç örtüsü: çok düşük<br>Hastaneye uzaklık: çok yakın<br>Yeşil alana uzaklık: uzak<br>Yapılaşma yoğunluğu: çok yoğun<br>Nüfus yoğunluğu: seyrek<br>Yaşlı nüfus oranı: orta<br>Çocuk nüfus oranı: orta<br>Sosyoekonomik gelişmişlik: düşük"}, "geometry": {"type": "LineString", "coordinates": [[30.5216247, 39.7756879], [30.5218835, 39.7761713], [30.522066, 39.7764991], [30.5222524, 39.7767877], [30.5224469, 39.7770866], [30.5226786, 39.7774259], [30.5229048, 39.7777653], [30.5230843, 39.778068], [30.5233344, 39.7784648], [30.5237541, 39.7791439]]}, "bbox": [30.5216247, 39.7756879, 30.5237541, 39.7791439]}, {"id": "732", "type": "Feature", "properties": {"name": null, "_mahalle_str": "Mamure Mahallesi", "_hvi_str": "%52", "_aciklama_str": "Sıcaklık: çok yüksek<br>Ağaç örtüsü: düşük<br>Hastaneye uzaklık: çok yakın<br>Yeşil alana uzaklık: çok uzak<br>Yapılaşma yoğunluğu: çok yoğun<br>Nüfus yoğunluğu: seyrek<br>Yaşlı nüfus oranı: orta<br>Çocuk nüfus oranı: orta<br>Sosyoekonomik gelişmişlik: düşük"}, "geometry": {"type": "LineString", "coordinates": [[30.5229511, 39.7785615], [30.5233344, 39.7784648], [30.5237314, 39.7783608], [30.524208, 39.7782682], [30.5244586, 39.7781954]]}, "bbox": [30.5229511, 39.7781954, 30.5244586, 39.7785615]}, {"id": "733", "type": "Feature", "properties": {"name": "Türbetepe Sokak", "_mahalle_str": "Mamure Mahallesi", "_hvi_str": "%54", "_aciklama_str": "Sıcaklık: çok yüksek<br>Ağaç örtüsü: çok düşük<br>Hastaneye uzaklık: çok yakın<br>Yeşil alana uzaklık: çok uzak<br>Yapılaşma yoğunluğu: çok yoğun<br>Nüfus yoğunluğu: seyrek<br>Yaşlı nüfus oranı: orta<br>Çocuk nüfus oranı: orta<br>Sosyoekonomik gelişmişlik: düşük"}, "geometry": {"type": "LineString", "coordinates": [[30.5245419, 39.7780767], [30.5251641, 39.7780338], [30.5258167, 39.777969]]}, "bbox": [30.5245419, 39.777969, 30.5258167, 39.7780767]}, {"id": "734", "type": "Feature", "properties": {"name": null, "_mahalle_str": "Mamure Mahallesi", "_hvi_str": "%54", "_aciklama_str": "Sıcaklık: çok yüksek<br>Ağaç örtüsü: çok düşük<br>Hastaneye uzaklık: çok yakın<br>Yeşil alana uzaklık: çok uzak<br>Yapılaşma yoğunluğu: çok yoğun<br>Nüfus yoğunluğu: seyrek<br>Yaşlı nüfus oranı: orta<br>Çocuk nüfus oranı: orta<br>Sosyoekonomik gelişmişlik: düşük"}, "geometry": {"type": "LineString", "coordinates": [[30.5244238, 39.7777325], [30.5250856, 39.7776954], [30.5257274, 39.7776498]]}, "bbox": [30.5244238, 39.7776498, 30.5257274, 39.7777325]}, {"id": "735", "type": "Feature", "properties": {"name": "Dündar Bey Sokak", "_mahalle_str": "Işıklar Mahallesi", "_hvi_str": "%55", "_aciklama_str": "Sıcaklık: çok yüksek<br>Ağaç örtüsü: çok düşük<br>Hastaneye uzaklık: çok yakın<br>Yeşil alana uzaklık: çok uzak<br>Yapılaşma yoğunluğu: çok yoğun<br>Nüfus yoğunluğu: seyrek<br>Yaşlı nüfus oranı: orta<br>Çocuk nüfus oranı: orta<br>Sosyoekonomik gelişmişlik: düşük"}, "geometry": {"type": "LineString", "coordinates": [[30.5268196, 39.7765961], [30.5268409, 39.7769449], [30.5268806, 39.7773011], [30.5269396, 39.7776391], [30.5270045, 39.7780508], [30.5270469, 39.7783565], [30.5270576, 39.7785379], [30.527063, 39.7786492], [30.5271166, 39.7790532]]}, "bbox": [30.5268196, 39.7765961, 30.5271166, 39.7790532]}, {"id": "736", "type": "Feature", "properties": {"name": "Uluvatan Sokak", "_mahalle_str": "İhsaniye Mahallesi", "_hvi_str": "%54", "_aciklama_str": "Sıcaklık: çok yüksek<br>Ağaç örtüsü: düşük<br>Hastaneye uzaklık: çok yakın<br>Yeşil alana uzaklık: çok uzak<br>Yapılaşma yoğunluğu: çok yoğun<br>Nüfus yoğunluğu: seyrek<br>Yaşlı nüfus oranı: orta<br>Çocuk nüfus oranı: orta<br>Sosyoekonomik gelişmişlik: düşük"}, "geometry": {"type": "LineString", "coordinates": [[30.5228443, 39.7785832], [30.5220311, 39.7788306], [30.5212216, 39.7790402]]}, "bbox": [30.5212216, 39.7785832, 30.5228443, 39.7790402]}, {"id": "737", "type": "Feature", "properties": {"name": "Taşlı Sokak", "_mahalle_str": "Mustafa Kemal Paşa Mahallesi", "_hvi_str": "%51", "_aciklama_str": "Sıcaklık: yüksek<br>Ağaç örtüsü: çok düşük<br>Hastaneye uzaklık: çok yakın<br>Yeşil alana uzaklık: çok uzak<br>Yapılaşma yoğunluğu: çok yoğun<br>Nüfus yoğunluğu: seyrek<br>Yaşlı nüfus oranı: orta<br>Çocuk nüfus oranı: orta<br>Sosyoekonomik gelişmişlik: düşük"}, "geometry": {"type": "LineString", "coordinates": [[30.52421, 39.7767502], [30.5243456, 39.7767335], [30.524898, 39.776699], [30.5254449, 39.7766883]]}, "bbox": [30.52421, 39.7766883, 30.5254449, 39.7767502]}, {"id": "738", "type": "Feature", "properties": {"name": "Kurultay Sokak", "_mahalle_str": "Işıklar Mahallesi", "_hvi_str": "%54", "_aciklama_str": "Sıcaklık: çok yüksek<br>Ağaç örtüsü: çok düşük<br>Hastaneye uzaklık: çok yakın<br>Yeşil alana uzaklık: uzak<br>Yapılaşma yoğunluğu: çok yoğun<br>Nüfus yoğunluğu: seyrek<br>Yaşlı nüfus oranı: orta<br>Çocuk nüfus oranı: orta<br>Sosyoekonomik gelişmişlik: düşük"}, "geometry": {"type": "LineString", "coordinates": [[30.5275952, 39.7767982], [30.527585, 39.7769123], [30.5275772, 39.77726], [30.5275924, 39.7775686], [30.5276182, 39.7780081], [30.5276226, 39.7783181], [30.5276234, 39.7786424], [30.5276529, 39.7790518]]}, "bbox": [30.5275772, 39.7767982, 30.5276529, 39.7790518]}, {"id": "739", "type": "Feature", "properties": {"name": "Doğu Sokak", "_mahalle_str": "İhsaniye Mahallesi", "_hvi_str": "%54", "_aciklama_str": "Sıcaklık: çok yüksek<br>Ağaç örtüsü: çok düşük<br>Hastaneye uzaklık: çok yakın<br>Yeşil alana uzaklık: çok uzak<br>Yapılaşma yoğunluğu: çok yoğun<br>Nüfus yoğunluğu: seyrek<br>Yaşlı nüfus oranı: orta<br>Çocuk nüfus oranı: orta<br>Sosyoekonomik gelişmişlik: düşük"}, "geometry": {"type": "LineString", "coordinates": [[30.5224725, 39.7780027], [30.5210607, 39.7783682]]}, "bbox": [30.5210607, 39.7780027, 30.5224725, 39.7783682]}, {"id": "740", "type": "Feature", "properties": {"name": "Cumhuriyetçi Sokak", "_mahalle_str": "Mamure Mahallesi", "_hvi_str": "%53", "_aciklama_str": "Sıcaklık: çok yüksek<br>Ağaç örtüsü: çok düşük<br>Hastaneye uzaklık: çok yakın<br>Yeşil alana uzaklık: çok uzak<br>Yapılaşma yoğunluğu: çok yoğun<br>Nüfus yoğunluğu: seyrek<br>Yaşlı nüfus oranı: orta<br>Çocuk nüfus oranı: orta<br>Sosyoekonomik gelişmişlik: düşük"}, "geometry": {"type": "LineString", "coordinates": [[30.5253203, 39.7762654], [30.5254449, 39.7766883], [30.5255517, 39.7770455], [30.5256419, 39.7773627], [30.5257274, 39.7776498], [30.5257502, 39.7777257], [30.5258167, 39.777969], [30.5258653, 39.7781503], [30.5259098, 39.7783949], [30.5259334, 39.7785214], [30.5260342, 39.7790873], [30.5261553, 39.7794322]]}, "bbox": [30.5253203, 39.7762654, 30.5261553, 39.7794322]}, {"id": "741", "type": "Feature", "properties": {"name": null, "_mahalle_str": "Işıklar Mahallesi", "_hvi_str": "%51", "_aciklama_str": "Sıcaklık: yüksek<br>Ağaç örtüsü: çok düşük<br>Hastaneye uzaklık: çok yakın<br>Yeşil alana uzaklık: uzak<br>Yapılaşma yoğunluğu: çok yoğun<br>Nüfus yoğunluğu: seyrek<br>Yaşlı nüfus oranı: orta<br>Çocuk nüfus oranı: orta<br>Sosyoekonomik gelişmişlik: düşük"}, "geometry": {"type": "LineString", "coordinates": [[30.5268409, 39.7769449], [30.527585, 39.7769123]]}, "bbox": [30.5268409, 39.7769123, 30.527585, 39.7769449]}, {"id": "742", "type": "Feature", "properties": {"name": "Bozdağı Sokak", "_mahalle_str": "Işıklar Mahallesi", "_hvi_str": "%55", "_aciklama_str": "Sıcaklık: çok yüksek<br>Ağaç örtüsü: düşük<br>Hastaneye uzaklık: çok yakın<br>Yeşil alana uzaklık: çok uzak<br>Yapılaşma yoğunluğu: çok yoğun<br>Nüfus yoğunluğu: seyrek<br>Yaşlı nüfus oranı: orta<br>Çocuk nüfus oranı: orta<br>Sosyoekonomik gelişmişlik: düşük"}, "geometry": {"type": "LineString", "coordinates": [[30.5257502, 39.7777257], [30.5269396, 39.7776391], [30.5275924, 39.7775686]]}, "bbox": [30.5257502, 39.7775686, 30.5275924, 39.7777257]}, {"id": "743", "type": "Feature", "properties": {"name": "Gündoğdu Sokak", "_mahalle_str": "Işıklar Mahallesi", "_hvi_str": "%53", "_aciklama_str": "Sıcaklık: çok yüksek<br>Ağaç örtüsü: düşük<br>Hastaneye uzaklık: çok yakın<br>Yeşil alana uzaklık: uzak<br>Yapılaşma yoğunluğu: çok yoğun<br>Nüfus yoğunluğu: seyrek<br>Yaşlı nüfus oranı: orta<br>Çocuk nüfus oranı: orta<br>Sosyoekonomik gelişmişlik: düşük"}, "geometry": {"type": "LineString", "coordinates": [[30.5259334, 39.7785214], [30.5270576, 39.7785379]]}, "bbox": [30.5259334, 39.7785214, 30.5270576, 39.7785379]}, {"id": "744", "type": "Feature", "properties": {"name": "Erman Sokak", "_mahalle_str": "Mustafa Kemal Paşa Mahallesi", "_hvi_str": "%55", "_aciklama_str": "Sıcaklık: yüksek<br>Ağaç örtüsü: çok düşük<br>Hastaneye uzaklık: çok yakın<br>Yeşil alana uzaklık: çok uzak<br>Yapılaşma yoğunluğu: çok yoğun<br>Nüfus yoğunluğu: seyrek<br>Yaşlı nüfus oranı: orta<br>Çocuk nüfus oranı: orta<br>Sosyoekonomik gelişmişlik: düşük"}, "geometry": {"type": "LineString", "coordinates": [[30.5242682, 39.7771036], [30.5244586, 39.7770886], [30.5249695, 39.7770613], [30.5255517, 39.7770455], [30.5268409, 39.7769449]]}, "bbox": [30.5242682, 39.7769449, 30.5268409, 39.7771036]}, {"id": "746", "type": "Feature", "properties": {"name": "Günan Sokak", "_mahalle_str": "Mustafa Kemal Paşa Mahallesi", "_hvi_str": "%53", "_aciklama_str": "Sıcaklık: çok yüksek<br>Ağaç örtüsü: çok düşük<br>Hastaneye uzaklık: çok yakın<br>Yeşil alana uzaklık: çok uzak<br>Yapılaşma yoğunluğu: çok yoğun<br>Nüfus yoğunluğu: seyrek<br>Yaşlı nüfus oranı: orta<br>Çocuk nüfus oranı: orta<br>Sosyoekonomik gelişmişlik: düşük"}, "geometry": {"type": "LineString", "coordinates": [[30.5225142, 39.7778501], [30.5229048, 39.7777653], [30.5233024, 39.7776849], [30.5238756, 39.7775689], [30.5242525, 39.7774926]]}, "bbox": [30.5225142, 39.7774926, 30.5242525, 39.7778501]}, {"id": "747", "type": "Feature", "properties": {"name": "Şenlik Sokak", "_mahalle_str": "Mustafa Kemal Paşa Mahallesi", "_hvi_str": "%52", "_aciklama_str": "Sıcaklık: çok yüksek<br>Ağaç örtüsü: çok düşük<br>Hastaneye uzaklık: çok yakın<br>Yeşil alana uzaklık: çok uzak<br>Yapılaşma yoğunluğu: çok yoğun<br>Nüfus yoğunluğu: seyrek<br>Yaşlı nüfus oranı: orta<br>Çocuk nüfus oranı: orta<br>Sosyoekonomik gelişmişlik: düşük"}, "geometry": {"type": "LineString", "coordinates": [[30.5248041, 39.7761592], [30.524898, 39.776699], [30.5249695, 39.7770613], [30.5250362, 39.7773864], [30.5250856, 39.7776954], [30.5251641, 39.7780338], [30.5252479, 39.7784276], [30.5253776, 39.7790942]]}, "bbox": [30.5248041, 39.7761592, 30.5253776, 39.7790942]}, {"id": "748", "type": "Feature", "properties": {"name": "Yıldıztepe Sokak", "_mahalle_str": "Işıklar Mahallesi", "_hvi_str": "%54", "_aciklama_str": "Sıcaklık: çok yüksek<br>Ağaç örtüsü: orta<br>Hastaneye uzaklık: çok yakın<br>Yeşil alana uzaklık: çok uzak<br>Yapılaşma yoğunluğu: çok yoğun<br>Nüfus yoğunluğu: seyrek<br>Yaşlı nüfus oranı: orta<br>Çocuk nüfus oranı: orta<br>Sosyoekonomik gelişmişlik: düşük"}, "geometry": {"type": "LineString", "coordinates": [[30.5256419, 39.7773627], [30.5268806, 39.7773011], [30.5275772, 39.77726]]}, "bbox": [30.5256419, 39.77726, 30.5275772, 39.7773627]}, {"id": "749", "type": "Feature", "properties": {"name": "Şaltepe Sokak", "_mahalle_str": "Mamure Mahallesi", "_hvi_str": "%52", "_aciklama_str": "Sıcaklık: çok yüksek<br>Ağaç örtüsü: çok düşük<br>Hastaneye uzaklık: çok yakın<br>Yeşil alana uzaklık: çok uzak<br>Yapılaşma yoğunluğu: çok yoğun<br>Nüfus yoğunluğu: seyrek<br>Yaşlı nüfus oranı: orta<br>Çocuk nüfus oranı: orta<br>Sosyoekonomik gelişmişlik: düşük"}, "geometry": {"type": "LineString", "coordinates": [[30.5246696, 39.7785], [30.5252479, 39.7784276], [30.5259098, 39.7783949]]}, "bbox": [30.5246696, 39.7783949, 30.5259098, 39.7785]}, {"id": "750", "type": "Feature", "properties": {"name": "Ferahiye Sokak", "_mahalle_str": "Hacı Ali Bey Mahallesi", "_hvi_str": "%52", "_aciklama_str": "Sıcaklık: çok yüksek<br>Ağaç örtüsü: çok düşük<br>Hastaneye uzaklık: yakın<br>Yeşil alana uzaklık: uzak<br>Yapılaşma yoğunluğu: çok yoğun<br>Nüfus yoğunluğu: seyrek<br>Yaşlı nüfus oranı: orta<br>Çocuk nüfus oranı: orta<br>Sosyoekonomik gelişmişlik: düşük"}, "geometry": {"type": "LineString", "coordinates": [[30.5214355, 39.7796737], [30.5213182, 39.7793288], [30.5212216, 39.7790402], [30.5211245, 39.7786781], [30.5210607, 39.7783682], [30.5210419, 39.77825], [30.5208885, 39.7773257], [30.5208322, 39.7769711], [30.5208026, 39.7768062], [30.5207946, 39.7767679], [30.5207427, 39.7765135], [30.5207329, 39.7763775], [30.5207278, 39.7763324], [30.5206632, 39.7757673]]}, "bbox": [30.5206632, 39.7757673, 30.5214355, 39.7796737]}, {"id": "751", "type": "Feature", "properties": {"name": "Ertan Sokak", "_mahalle_str": "İhsaniye Mahallesi", "_hvi_str": "%54", "_aciklama_str": "Sıcaklık: çok yüksek<br>Ağaç örtüsü: düşük<br>Hastaneye uzaklık: çok yakın<br>Yeşil alana uzaklık: çok uzak<br>Yapılaşma yoğunluğu: çok yoğun<br>Nüfus yoğunluğu: seyrek<br>Yaşlı nüfus oranı: orta<br>Çocuk nüfus oranı: orta<br>Sosyoekonomik gelişmişlik: düşük"}, "geometry": {"type": "LineString", "coordinates": [[30.5213182, 39.7793288], [30.5221277, 39.7791151], [30.5230235, 39.7788611]]}, "bbox": [30.5213182, 39.7788611, 30.5230235, 39.7793288]}, {"id": "752", "type": "Feature", "properties": {"name": "Güler Sokak", "_mahalle_str": "İhsaniye Mahallesi", "_hvi_str": "%53", "_aciklama_str": "Sıcaklık: çok yüksek<br>Ağaç örtüsü: düşük<br>Hastaneye uzaklık: çok yakın<br>Yeşil alana uzaklık: çok uzak<br>Yapılaşma yoğunluğu: çok yoğun<br>Nüfus yoğunluğu: seyrek<br>Yaşlı nüfus oranı: orta<br>Çocuk nüfus oranı: orta<br>Sosyoekonomik gelişmişlik: düşük"}, "geometry": {"type": "LineString", "coordinates": [[30.5211245, 39.7786781], [30.5215891, 39.778563], [30.5215872, 39.7784801], [30.5225912, 39.7781964]]}, "bbox": [30.5211245, 39.7781964, 30.5225912, 39.7786781]}, {"id": "753", "type": "Feature", "properties": {"name": "Kayatepe Sokak", "_mahalle_str": "Işıklar Mahallesi", "_hvi_str": "%55", "_aciklama_str": "Sıcaklık: çok yüksek<br>Ağaç örtüsü: çok düşük<br>Hastaneye uzaklık: çok yakın<br>Yeşil alana uzaklık: uzak<br>Yapılaşma yoğunluğu: çok yoğun<br>Nüfus yoğunluğu: seyrek<br>Yaşlı nüfus oranı: orta<br>Çocuk nüfus oranı: orta<br>Sosyoekonomik gelişmişlik: düşük"}, "geometry": {"type": "LineString", "coordinates": [[30.5258653, 39.7781503], [30.5270045, 39.7780508], [30.5276182, 39.7780081]]}, "bbox": [30.5258653, 39.7780081, 30.5276182, 39.7781503]}, {"id": "754", "type": "Feature", "properties": {"name": "Yüksektepe Sokak", "_mahalle_str": "Mustafa Kemal Paşa Mahallesi", "_hvi_str": "%53", "_aciklama_str": "Sıcaklık: çok yüksek<br>Ağaç örtüsü: çok düşük<br>Hastaneye uzaklık: çok yakın<br>Yeşil alana uzaklık: çok uzak<br>Yapılaşma yoğunluğu: çok yoğun<br>Nüfus yoğunluğu: seyrek<br>Yaşlı nüfus oranı: orta<br>Çocuk nüfus oranı: orta<br>Sosyoekonomik gelişmişlik: düşük"}, "geometry": {"type": "LineString", "coordinates": [[30.5243432, 39.7774344], [30.5250362, 39.7773864], [30.5256419, 39.7773627]]}, "bbox": [30.5243432, 39.7773627, 30.5256419, 39.7774344]}, {"id": "758", "type": "Feature", "properties": {"name": "Çankırı Sokak", "_mahalle_str": "Hayriye Mahallesi", "_hvi_str": "%54", "_aciklama_str": "Sıcaklık: yüksek<br>Ağaç örtüsü: düşük<br>Hastaneye uzaklık: yakın<br>Yeşil alana uzaklık: çok uzak<br>Yapılaşma yoğunluğu: çok yoğun<br>Nüfus yoğunluğu: seyrek<br>Yaşlı nüfus oranı: orta<br>Çocuk nüfus oranı: orta<br>Sosyoekonomik gelişmişlik: düşük"}, "geometry": {"type": "LineString", "coordinates": [[30.5208795, 39.7820002], [30.5221108, 39.7816246]]}, "bbox": [30.5208795, 39.7816246, 30.5221108, 39.7820002]}, {"id": "759", "type": "Feature", "properties": {"name": "Kartaltepe Sokak", "_mahalle_str": "Hacı Seyit Mahallesi", "_hvi_str": "%51", "_aciklama_str": "Sıcaklık: çok yüksek<br>Ağaç örtüsü: çok düşük<br>Hastaneye uzaklık: çok yakın<br>Yeşil alana uzaklık: uzak<br>Yapılaşma yoğunluğu: çok yoğun<br>Nüfus yoğunluğu: seyrek<br>Yaşlı nüfus oranı: orta<br>Çocuk nüfus oranı: orta<br>Sosyoekonomik gelişmişlik: düşük"}, "geometry": {"type": "LineString", "coordinates": [[30.5242832, 39.780604], [30.5237371, 39.7807608], [30.5219458, 39.7811608]]}, "bbox": [30.5219458, 39.780604, 30.5242832, 39.7811608]}, {"id": "760", "type": "Feature", "properties": {"name": "Tınaztepe Sokak", "_mahalle_str": "Hacı Seyit Mahallesi", "_hvi_str": "%52", "_aciklama_str": "Sıcaklık: çok yüksek<br>Ağaç örtüsü: çok düşük<br>Hastaneye uzaklık: çok yakın<br>Yeşil alana uzaklık: uzak<br>Yapılaşma yoğunluğu: çok yoğun<br>Nüfus yoğunluğu: seyrek<br>Yaşlı nüfus oranı: orta<br>Çocuk nüfus oranı: orta<br>Sosyoekonomik gelişmişlik: düşük"}, "geometry": {"type": "LineString", "coordinates": [[30.521839, 39.7807947], [30.5240722, 39.7803253]]}, "bbox": [30.521839, 39.7803253, 30.5240722, 39.7807947]}, {"id": "761", "type": "Feature", "properties": {"name": "Ulukaya Sokak", "_mahalle_str": "Hacı Seyit Mahallesi", "_hvi_str": "%50", "_aciklama_str": "Sıcaklık: çok yüksek<br>Ağaç örtüsü: yüksek<br>Hastaneye uzaklık: yakın<br>Yeşil alana uzaklık: uzak<br>Yapılaşma yoğunluğu: çok yoğun<br>Nüfus yoğunluğu: seyrek<br>Yaşlı nüfus oranı: orta<br>Çocuk nüfus oranı: orta<br>Sosyoekonomik gelişmişlik: düşük"}, "geometry": {"type": "LineString", "coordinates": [[30.5221108, 39.7816246], [30.5224121, 39.7815531]]}, "bbox": [30.5221108, 39.7815531, 30.5224121, 39.7816246]}, {"id": "762", "type": "Feature", "properties": {"name": "Tuzcu Sokak", "_mahalle_str": "Hacı Seyit Mahallesi", "_hvi_str": "%54", "_aciklama_str": "Sıcaklık: çok yüksek<br>Ağaç örtüsü: düşük<br>Hastaneye uzaklık: çok yakın<br>Yeşil alana uzaklık: çok uzak<br>Yapılaşma yoğunluğu: çok yoğun<br>Nüfus yoğunluğu: seyrek<br>Yaşlı nüfus oranı: orta<br>Çocuk nüfus oranı: orta<br>Sosyoekonomik gelişmişlik: düşük"}, "geometry": {"type": "LineString", "coordinates": [[30.521559, 39.7800281], [30.5225475, 39.7798374], [30.5235065, 39.7796048]]}, "bbox": [30.521559, 39.7796048, 30.5235065, 39.7800281]}, {"id": "763", "type": "Feature", "properties": {"name": "Kartaltepeler Sokak", "_mahalle_str": "Hayriye Mahallesi", "_hvi_str": "%56", "_aciklama_str": "Sıcaklık: çok yüksek<br>Ağaç örtüsü: çok düşük<br>Hastaneye uzaklık: yakın<br>Yeşil alana uzaklık: çok uzak<br>Yapılaşma yoğunluğu: çok yoğun<br>Nüfus yoğunluğu: seyrek<br>Yaşlı nüfus oranı: orta<br>Çocuk nüfus oranı: orta<br>Sosyoekonomik gelişmişlik: düşük"}, "geometry": {"type": "LineString", "coordinates": [[30.520792, 39.7814401], [30.5213282, 39.7813536], [30.5215965, 39.7812835], [30.5219458, 39.7811608]]}, "bbox": [30.520792, 39.7811608, 30.5219458, 39.7814401]}, {"id": "769", "type": "Feature", "properties": {"name": "Savcıbey Sokak", "_mahalle_str": "Işıklar Mahallesi", "_hvi_str": "%52", "_aciklama_str": "Sıcaklık: çok yüksek<br>Ağaç örtüsü: çok düşük<br>Hastaneye uzaklık: çok yakın<br>Yeşil alana uzaklık: uzak<br>Yapılaşma yoğunluğu: çok yoğun<br>Nüfus yoğunluğu: seyrek<br>Yaşlı nüfus oranı: orta<br>Çocuk nüfus oranı: orta<br>Sosyoekonomik gelişmişlik: düşük"}, "geometry": {"type": "LineString", "coordinates": [[30.5286122, 39.7771123], [30.5285309, 39.7771912], [30.5285798, 39.7774703], [30.528694, 39.7779467], [30.5287631, 39.7782599], [30.5288568, 39.7787138], [30.5289683, 39.7790988]]}, "bbox": [30.5285309, 39.7771123, 30.5289683, 39.7790988]}, {"id": "782", "type": "Feature", "properties": {"name": "Yıldıztepe Sokak", "_mahalle_str": "Işıklar Mahallesi", "_hvi_str": "%51", "_aciklama_str": "Sıcaklık: çok yüksek<br>Ağaç örtüsü: çok düşük<br>Hastaneye uzaklık: çok yakın<br>Yeşil alana uzaklık: uzak<br>Yapılaşma yoğunluğu: çok yoğun<br>Nüfus yoğunluğu: seyrek<br>Yaşlı nüfus oranı: orta<br>Çocuk nüfus oranı: orta<br>Sosyoekonomik gelişmişlik: düşük"}, "geometry": {"type": "LineString", "coordinates": [[30.5275772, 39.77726], [30.5285309, 39.7771912]]}, "bbox": [30.5275772, 39.7771912, 30.5285309, 39.77726]}, {"id": "787", "type": "Feature", "properties": {"name": "Kayatepe Sokak", "_mahalle_str": "Işıklar Mahallesi", "_hvi_str": "%53", "_aciklama_str": "Sıcaklık: çok yüksek<br>Ağaç örtüsü: çok düşük<br>Hastaneye uzaklık: çok yakın<br>Yeşil alana uzaklık: uzak<br>Yapılaşma yoğunluğu: çok yoğun<br>Nüfus yoğunluğu: seyrek<br>Yaşlı nüfus oranı: orta<br>Çocuk nüfus oranı: orta<br>Sosyoekonomik gelişmişlik: düşük"}, "geometry": {"type": "LineString", "coordinates": [[30.5276182, 39.7780081], [30.528694, 39.7779467], [30.5294222, 39.7778942]]}, "bbox": [30.5276182, 39.7778942, 30.5294222, 39.7780081]}, {"id": "789", "type": "Feature", "properties": {"name": "Bozdağı Sokak", "_mahalle_str": "Işıklar Mahallesi", "_hvi_str": "%52", "_aciklama_str": "Sıcaklık: çok yüksek<br>Ağaç örtüsü: çok düşük<br>Hastaneye uzaklık: çok yakın<br>Yeşil alana uzaklık: uzak<br>Yapılaşma yoğunluğu: çok yoğun<br>Nüfus yoğunluğu: seyrek<br>Yaşlı nüfus oranı: orta<br>Çocuk nüfus oranı: orta<br>Sosyoekonomik gelişmişlik: düşük"}, "geometry": {"type": "LineString", "coordinates": [[30.5275924, 39.7775686], [30.5285798, 39.7774703]]}, "bbox": [30.5275924, 39.7774703, 30.5285798, 39.7775686]}, {"id": "790", "type": "Feature", "properties": {"name": "Sar Sokak", "_mahalle_str": "Zafer Mahallesi", "_hvi_str": "%57", "_aciklama_str": "Sıcaklık: çok yüksek<br>Ağaç örtüsü: çok düşük<br>Hastaneye uzaklık: orta<br>Yeşil alana uzaklık: orta<br>Yapılaşma yoğunluğu: çok yoğun<br>Nüfus yoğunluğu: seyrek<br>Yaşlı nüfus oranı: orta<br>Çocuk nüfus oranı: orta<br>Sosyoekonomik gelişmişlik: düşük"}, "geometry": {"type": "LineString", "coordinates": [[30.5284329, 39.7946032], [30.5281162, 39.7944721], [30.527952, 39.794408], [30.5277186, 39.794308], [30.5273267, 39.7941721], [30.5269908, 39.7940679], [30.5265885, 39.7939676], [30.5263873, 39.7939091], [30.5259469, 39.7938924], [30.5254891, 39.7938695]]}, "bbox": [30.5254891, 39.7938695, 30.5284329, 39.7946032]}, {"id": "791", "type": "Feature", "properties": {"name": "Senalp Sokak", "_mahalle_str": "Zafer Mahallesi", "_hvi_str": "%58", "_aciklama_str": "Sıcaklık: yüksek<br>Ağaç örtüsü: çok düşük<br>Hastaneye uzaklık: uzak<br>Yeşil alana uzaklık: orta<br>Yapılaşma yoğunluğu: çok yoğun<br>Nüfus yoğunluğu: seyrek<br>Yaşlı nüfus oranı: orta<br>Çocuk nüfus oranı: orta<br>Sosyoekonomik gelişmişlik: düşük"}, "geometry": {"type": "LineString", "coordinates": [[30.5276951, 39.7956649], [30.5277818, 39.7953665], [30.5279643, 39.7948125], [30.5281162, 39.7944721]]}, "bbox": [30.5276951, 39.7944721, 30.5281162, 39.7956649]}, {"id": "792", "type": "Feature", "properties": {"name": "Esenli Sokak", "_mahalle_str": "Kumlubel Mahallesi", "_hvi_str": "%55", "_aciklama_str": "Sıcaklık: çok yüksek<br>Ağaç örtüsü: çok düşük<br>Hastaneye uzaklık: uzak<br>Yeşil alana uzaklık: uzak<br>Yapılaşma yoğunluğu: yoğun<br>Nüfus yoğunluğu: seyrek<br>Yaşlı nüfus oranı: orta<br>Çocuk nüfus oranı: orta<br>Sosyoekonomik gelişmişlik: düşük"}, "geometry": {"type": "LineString", "coordinates": [[30.523791, 39.7951206], [30.5233462, 39.7950778], [30.5228825, 39.7950231], [30.5224193, 39.7949445], [30.5219859, 39.7948879], [30.5215569, 39.7948102], [30.5208438, 39.7946835], [30.5202541, 39.7945969], [30.518379, 39.7943654], [30.5181809, 39.7943174], [30.5181566, 39.794313]]}, "bbox": [30.5181566, 39.794313, 30.523791, 39.7951206]}, {"id": "794", "type": "Feature", "properties": {"name": "Varnali Sokak", "_mahalle_str": "Zafer Mahallesi", "_hvi_str": "%57", "_aciklama_str": "Sıcaklık: çok yüksek<br>Ağaç örtüsü: çok düşük<br>Hastaneye uzaklık: orta<br>Yeşil alana uzaklık: yakın<br>Yapılaşma yoğunluğu: çok yoğun<br>Nüfus yoğunluğu: seyrek<br>Yaşlı nüfus oranı: orta<br>Çocuk nüfus oranı: orta<br>Sosyoekonomik gelişmişlik: düşük"}, "geometry": {"type": "LineString", "coordinates": [[30.5290026, 39.7941498], [30.5285601, 39.7940585], [30.5274171, 39.7938068], [30.5264495, 39.793615]]}, "bbox": [30.5264495, 39.793615, 30.5290026, 39.7941498]}, {"id": "795", "type": "Feature", "properties": {"name": "Yesilisik Sokak", "_mahalle_str": "Zafer Mahallesi", "_hvi_str": "%59", "_aciklama_str": "Sıcaklık: yüksek<br>Ağaç örtüsü: çok düşük<br>Hastaneye uzaklık: uzak<br>Yeşil alana uzaklık: uzak<br>Yapılaşma yoğunluğu: çok yoğun<br>Nüfus yoğunluğu: seyrek<br>Yaşlı nüfus oranı: orta<br>Çocuk nüfus oranı: orta<br>Sosyoekonomik gelişmişlik: düşük"}, "geometry": {"type": "LineString", "coordinates": [[30.5273936, 39.7952888], [30.5275094, 39.7948633], [30.5277186, 39.794308]]}, "bbox": [30.5273936, 39.794308, 30.5277186, 39.7952888]}, {"id": "798", "type": "Feature", "properties": {"name": "Ündal Sokak", "_mahalle_str": "Şarhöyük Mahallesi", "_hvi_str": "%50", "_aciklama_str": "Sıcaklık: yüksek<br>Ağaç örtüsü: orta<br>Hastaneye uzaklık: çok yakın<br>Yeşil alana uzaklık: orta<br>Yapılaşma yoğunluğu: çok yoğun<br>Nüfus yoğunluğu: seyrek<br>Yaşlı nüfus oranı: orta<br>Çocuk nüfus oranı: orta<br>Sosyoekonomik gelişmişlik: düşük"}, "geometry": {"type": "LineString", "coordinates": [[30.5331419, 39.7880177], [30.5330387, 39.7874556]]}, "bbox": [30.5330387, 39.7874556, 30.5331419, 39.7880177]}, {"id": "803", "type": "Feature", "properties": {"name": "Sarı Sokak", "_mahalle_str": "Şarhöyük Mahallesi", "_hvi_str": "%51", "_aciklama_str": "Sıcaklık: çok yüksek<br>Ağaç örtüsü: düşük<br>Hastaneye uzaklık: çok yakın<br>Yeşil alana uzaklık: orta<br>Yapılaşma yoğunluğu: çok yoğun<br>Nüfus yoğunluğu: seyrek<br>Yaşlı nüfus oranı: orta<br>Çocuk nüfus oranı: orta<br>Sosyoekonomik gelişmişlik: düşük"}, "geometry": {"type": "LineString", "coordinates": [[30.5339078, 39.787978], [30.5339376, 39.788337], [30.5339921, 39.7886956]]}, "bbox": [30.5339078, 39.787978, 30.5339921, 39.7886956]}, {"id": "804", "type": "Feature", "properties": {"name": null, "_mahalle_str": "Şarhöyük Mahallesi", "_hvi_str": "%50", "_aciklama_str": "Sıcaklık: yüksek<br>Ağaç örtüsü: düşük<br>Hastaneye uzaklık: çok yakın<br>Yeşil alana uzaklık: yakın<br>Yapılaşma yoğunluğu: çok yoğun<br>Nüfus yoğunluğu: seyrek<br>Yaşlı nüfus oranı: orta<br>Çocuk nüfus oranı: orta<br>Sosyoekonomik gelişmişlik: düşük"}, "geometry": {"type": "LineString", "coordinates": [[30.5357471, 39.7904614], [30.5357754, 39.7903161], [30.5357896, 39.7901163], [30.5357967, 39.7897114], [30.5353954, 39.7897096]]}, "bbox": [30.5353954, 39.7897096, 30.5357967, 39.7904614]}, {"id": "810", "type": "Feature", "properties": {"name": "Gülberk Sokak", "_mahalle_str": "Şarhöyük Mahallesi", "_hvi_str": "%51", "_aciklama_str": "Sıcaklık: yüksek<br>Ağaç örtüsü: çok düşük<br>Hastaneye uzaklık: çok yakın<br>Yeşil alana uzaklık: orta<br>Yapılaşma yoğunluğu: çok yoğun<br>Nüfus yoğunluğu: seyrek<br>Yaşlı nüfus oranı: orta<br>Çocuk nüfus oranı: orta<br>Sosyoekonomik gelişmişlik: düşük"}, "geometry": {"type": "LineString", "coordinates": [[30.5361714, 39.7904727], [30.5361345, 39.7893979]]}, "bbox": [30.5361345, 39.7893979, 30.5361714, 39.7904727]}, {"id": "816", "type": "Feature", "properties": {"name": "Irmak Sokak", "_mahalle_str": "Şarhöyük Mahallesi", "_hvi_str": "%53", "_aciklama_str": "Sıcaklık: yüksek<br>Ağaç örtüsü: çok düşük<br>Hastaneye uzaklık: yakın<br>Yeşil alana uzaklık: uzak<br>Yapılaşma yoğunluğu: çok yoğun<br>Nüfus yoğunluğu: seyrek<br>Yaşlı nüfus oranı: orta<br>Çocuk nüfus oranı: orta<br>Sosyoekonomik gelişmişlik: düşük"}, "geometry": {"type": "LineString", "coordinates": [[30.5342575, 39.7862396], [30.5333356, 39.7860733]]}, "bbox": [30.5333356, 39.7860733, 30.5342575, 39.7862396]}, {"id": "817", "type": "Feature", "properties": {"name": "Sümerkan Sokak", "_mahalle_str": "Şarhöyük Mahallesi", "_hvi_str": "%51", "_aciklama_str": "Sıcaklık: yüksek<br>Ağaç örtüsü: orta<br>Hastaneye uzaklık: yakın<br>Yeşil alana uzaklık: orta<br>Yapılaşma yoğunluğu: çok yoğun<br>Nüfus yoğunluğu: seyrek<br>Yaşlı nüfus oranı: orta<br>Çocuk nüfus oranı: orta<br>Sosyoekonomik gelişmişlik: düşük"}, "geometry": {"type": "LineString", "coordinates": [[30.5331326, 39.7867336], [30.533223, 39.7864047], [30.5333356, 39.7860733], [30.5333758, 39.7859652]]}, "bbox": [30.5331326, 39.7859652, 30.5333758, 39.7867336]}, {"id": "823", "type": "Feature", "properties": {"name": "Tepekayalar Sokak", "_mahalle_str": "Şarhöyük Mahallesi", "_hvi_str": "%51", "_aciklama_str": "Sıcaklık: çok yüksek<br>Ağaç örtüsü: çok düşük<br>Hastaneye uzaklık: yakın<br>Yeşil alana uzaklık: uzak<br>Yapılaşma yoğunluğu: yoğun<br>Nüfus yoğunluğu: seyrek<br>Yaşlı nüfus oranı: orta<br>Çocuk nüfus oranı: orta<br>Sosyoekonomik gelişmişlik: düşük"}, "geometry": {"type": "LineString", "coordinates": [[30.534447, 39.7864035], [30.534843, 39.7853296]]}, "bbox": [30.534447, 39.7853296, 30.534843, 39.7864035]}, {"id": "824", "type": "Feature", "properties": {"name": "Kuşcu Sokak", "_mahalle_str": "Şarhöyük Mahallesi", "_hvi_str": "%53", "_aciklama_str": "Sıcaklık: yüksek<br>Ağaç örtüsü: çok düşük<br>Hastaneye uzaklık: yakın<br>Yeşil alana uzaklık: uzak<br>Yapılaşma yoğunluğu: çok yoğun<br>Nüfus yoğunluğu: seyrek<br>Yaşlı nüfus oranı: orta<br>Çocuk nüfus oranı: orta<br>Sosyoekonomik gelişmişlik: düşük"}, "geometry": {"type": "LineString", "coordinates": [[30.5341627, 39.7865158], [30.533223, 39.7864047]]}, "bbox": [30.533223, 39.7864047, 30.5341627, 39.7865158]}, {"id": "827", "type": "Feature", "properties": {"name": "Arkadağ Sokak", "_mahalle_str": "Şarhöyük Mahallesi", "_hvi_str": "%54", "_aciklama_str": "Sıcaklık: çok yüksek<br>Ağaç örtüsü: orta<br>Hastaneye uzaklık: yakın<br>Yeşil alana uzaklık: uzak<br>Yapılaşma yoğunluğu: çok yoğun<br>Nüfus yoğunluğu: seyrek<br>Yaşlı nüfus oranı: orta<br>Çocuk nüfus oranı: orta<br>Sosyoekonomik gelişmişlik: düşük"}, "geometry": {"type": "LineString", "coordinates": [[30.5342155, 39.7863706], [30.534447, 39.7864035], [30.5348986, 39.7865071]]}, "bbox": [30.5342155, 39.7863706, 30.5348986, 39.7865071]}, {"id": "830", "type": "Feature", "properties": {"name": "Aktuna Sokak", "_mahalle_str": "Şarhöyük Mahallesi", "_hvi_str": "%51", "_aciklama_str": "Sıcaklık: yüksek<br>Ağaç örtüsü: çok düşük<br>Hastaneye uzaklık: yakın<br>Yeşil alana uzaklık: uzak<br>Yapılaşma yoğunluğu: çok yoğun<br>Nüfus yoğunluğu: seyrek<br>Yaşlı nüfus oranı: orta<br>Çocuk nüfus oranı: orta<br>Sosyoekonomik gelişmişlik: düşük"}, "geometry": {"type": "LineString", "coordinates": [[30.5341172, 39.7879616], [30.5341115, 39.7877351], [30.5341331, 39.7873309], [30.5341492, 39.7867374], [30.5341627, 39.7865158], [30.5342155, 39.7863706], [30.5342575, 39.7862396], [30.5343763, 39.7858791], [30.5344175, 39.7857315], [30.5345962, 39.7853015]]}, "bbox": [30.5341115, 39.7853015, 30.5345962, 39.7879616]}, {"id": "838", "type": "Feature", "properties": {"name": "Işıkalp Sokak", "_mahalle_str": "Şarhöyük Mahallesi", "_hvi_str": "%51", "_aciklama_str": "Sıcaklık: orta<br>Ağaç örtüsü: düşük<br>Hastaneye uzaklık: yakın<br>Yeşil alana uzaklık: orta<br>Yapılaşma yoğunluğu: çok yoğun<br>Nüfus yoğunluğu: seyrek<br>Yaşlı nüfus oranı: orta<br>Çocuk nüfus oranı: orta<br>Sosyoekonomik gelişmişlik: düşük"}, "geometry": {"type": "LineString", "coordinates": [[30.5365432, 39.7908898], [30.5375505, 39.7909068]]}, "bbox": [30.5365432, 39.7908898, 30.5375505, 39.7909068]}, {"id": "846", "type": "Feature", "properties": {"name": "Zeki Sokak", "_mahalle_str": "Şarhöyük Mahallesi", "_hvi_str": "%51", "_aciklama_str": "Sıcaklık: orta<br>Ağaç örtüsü: düşük<br>Hastaneye uzaklık: yakın<br>Yeşil alana uzaklık: orta<br>Yapılaşma yoğunluğu: çok yoğun<br>Nüfus yoğunluğu: seyrek<br>Yaşlı nüfus oranı: orta<br>Çocuk nüfus oranı: orta<br>Sosyoekonomik gelişmişlik: düşük"}, "geometry": {"type": "LineString", "coordinates": [[30.5365292, 39.790584], [30.5375913, 39.7905799]]}, "bbox": [30.5365292, 39.7905799, 30.5375913, 39.790584]}, {"id": "849", "type": "Feature", "properties": {"name": null, "_mahalle_str": "Şarhöyük Mahallesi", "_hvi_str": "%53", "_aciklama_str": "Sıcaklık: yüksek<br>Ağaç örtüsü: çok düşük<br>Hastaneye uzaklık: yakın<br>Yeşil alana uzaklık: uzak<br>Yapılaşma yoğunluğu: çok yoğun<br>Nüfus yoğunluğu: seyrek<br>Yaşlı nüfus oranı: orta<br>Çocuk nüfus oranı: orta<br>Sosyoekonomik gelişmişlik: düşük"}, "geometry": {"type": "LineString", "coordinates": [[30.5364955, 39.7899968], [30.5369211, 39.7899556], [30.5376024, 39.789925]]}, "bbox": [30.5364955, 39.789925, 30.5376024, 39.7899968]}, {"id": "869", "type": "Feature", "properties": {"name": "Konaklar Sokak", "_mahalle_str": "Yeşiltepe Mahallesi", "_hvi_str": "%53", "_aciklama_str": "Sıcaklık: orta<br>Ağaç örtüsü: yüksek<br>Hastaneye uzaklık: orta<br>Yeşil alana uzaklık: orta<br>Yapılaşma yoğunluğu: çok yoğun<br>Nüfus yoğunluğu: seyrek<br>Yaşlı nüfus oranı: orta<br>Çocuk nüfus oranı: orta<br>Sosyoekonomik gelişmişlik: düşük"}, "geometry": {"type": "LineString", "coordinates": [[30.5033894, 39.8000924], [30.5027865, 39.7997668], [30.5023189, 39.799545], [30.5021493, 39.7994419], [30.5015931, 39.7991251], [30.5015598, 39.7991032], [30.5014843, 39.7990695], [30.5014331, 39.799047], [30.5009947, 39.7987816], [30.5009477, 39.7987551], [30.5003964, 39.7984584]]}, "bbox": [30.5003964, 39.7984584, 30.5033894, 39.8000924]}, {"id": "873", "type": "Feature", "properties": {"name": "Egenur Sokak", "_mahalle_str": "Esentepe Mahallesi", "_hvi_str": "%57", "_aciklama_str": "Sıcaklık: yüksek<br>Ağaç örtüsü: çok düşük<br>Hastaneye uzaklık: çok yakın<br>Yeşil alana uzaklık: uzak<br>Yapılaşma yoğunluğu: çok yoğun<br>Nüfus yoğunluğu: seyrek<br>Yaşlı nüfus oranı: orta<br>Çocuk nüfus oranı: orta<br>Sosyoekonomik gelişmişlik: düşük"}, "geometry": {"type": "LineString", "coordinates": [[30.5115045, 39.7969412], [30.5132532, 39.797334], [30.5136845, 39.7973735], [30.5141465, 39.7974228], [30.5144892, 39.7974879], [30.5147851, 39.797548], [30.5154876, 39.7974256]]}, "bbox": [30.5115045, 39.7969412, 30.5154876, 39.797548]}, {"id": "875", "type": "Feature", "properties": {"name": "Marmaralı Sokak", "_mahalle_str": "Sütlüce Mahallesi", "_hvi_str": "%51", "_aciklama_str": "Sıcaklık: düşük<br>Ağaç örtüsü: çok düşük<br>Hastaneye uzaklık: orta<br>Yeşil alana uzaklık: orta<br>Yapılaşma yoğunluğu: çok yoğun<br>Nüfus yoğunluğu: seyrek<br>Yaşlı nüfus oranı: orta<br>Çocuk nüfus oranı: orta<br>Sosyoekonomik gelişmişlik: düşük"}, "geometry": {"type": "LineString", "coordinates": [[30.5047031, 39.7992387], [30.506874, 39.7996741], [30.5075822, 39.799728]]}, "bbox": [30.5047031, 39.7992387, 30.5075822, 39.799728]}, {"id": "876", "type": "Feature", "properties": {"name": null, "_mahalle_str": "Esentepe Mahallesi", "_hvi_str": "%57", "_aciklama_str": "Sıcaklık: yüksek<br>Ağaç örtüsü: düşük<br>Hastaneye uzaklık: çok yakın<br>Yeşil alana uzaklık: uzak<br>Yapılaşma yoğunluğu: çok yoğun<br>Nüfus yoğunluğu: seyrek<br>Yaşlı nüfus oranı: orta<br>Çocuk nüfus oranı: orta<br>Sosyoekonomik gelişmişlik: düşük"}, "geometry": {"type": "LineString", "coordinates": [[30.5144892, 39.7974879], [30.5144076, 39.7979882], [30.5143747, 39.7986871], [30.5143556, 39.799193], [30.514261, 39.7996337], [30.5142295, 39.7999701], [30.5143418, 39.8002897], [30.5144198, 39.8005578], [30.5144822, 39.8008702], [30.5145661, 39.8012121], [30.5146566, 39.8016683], [30.5147483, 39.801963], [30.5147757, 39.8020499], [30.5148539, 39.8022601], [30.5148944, 39.8025656], [30.5149328, 39.8029185], [30.5149286, 39.8033302]]}, "bbox": [30.5142295, 39.7974879, 30.5149328, 39.8033302]}, {"id": "877", "type": "Feature", "properties": {"name": "Sırma Sokak", "_mahalle_str": "Esentepe Mahallesi", "_hvi_str": "%59", "_aciklama_str": "Sıcaklık: orta<br>Ağaç örtüsü: çok düşük<br>Hastaneye uzaklık: yakın<br>Yeşil alana uzaklık: çok uzak<br>Yapılaşma yoğunluğu: çok yoğun<br>Nüfus yoğunluğu: seyrek<br>Yaşlı nüfus oranı: orta<br>Çocuk nüfus oranı: orta<br>Sosyoekonomik gelişmişlik: düşük"}, "geometry": {"type": "LineString", "coordinates": [[30.5103886, 39.8000466], [30.5108236, 39.8001565], [30.5112779, 39.8002713], [30.5115289, 39.8003206], [30.5117609, 39.8003576], [30.5120715, 39.8003948], [30.512349, 39.8004144], [30.5125551, 39.800424], [30.5128493, 39.8004394], [30.5129903, 39.8004464], [30.5131948, 39.8004516], [30.5134532, 39.8004577], [30.5135512, 39.8004545], [30.5138556, 39.80041], [30.5143418, 39.8002897], [30.5155411, 39.8000894], [30.5156495, 39.8000761], [30.5158488, 39.8000647], [30.5160166, 39.8000769], [30.5161062, 39.8000816], [30.5162641, 39.800083], [30.5166929, 39.8000097], [30.5174418, 39.7998429]]}, "bbox": [30.5103886, 39.7998429, 30.5174418, 39.8004577]}, {"id": "878", "type": "Feature", "properties": {"name": "Yeşilmeydan Caddesi", "_mahalle_str": "Esentepe Mahallesi", "_hvi_str": "%52", "_aciklama_str": "Sıcaklık: düşük<br>Ağaç örtüsü: orta<br>Hastaneye uzaklık: yakın<br>Yeşil alana uzaklık: orta<br>Yapılaşma yoğunluğu: çok yoğun<br>Nüfus yoğunluğu: seyrek<br>Yaşlı nüfus oranı: orta<br>Çocuk nüfus oranı: orta<br>Sosyoekonomik gelişmişlik: düşük"}, "geometry": {"type": "LineString", "coordinates": [[30.5130718, 39.7948233], [30.5133721, 39.7950616], [30.5135164, 39.7952336], [30.5137909, 39.7954962], [30.5140685, 39.795767], [30.5142561, 39.7960087], [30.5145962, 39.7964374], [30.5150089, 39.796867], [30.5152208, 39.7971428], [30.5153249, 39.7972488], [30.5154876, 39.7974256], [30.5155928, 39.7975553], [30.5157194, 39.7977478], [30.5158027, 39.7978226], [30.5160131, 39.7980744], [30.5160923, 39.7981619], [30.5163397, 39.7984155], [30.5164512, 39.7985449], [30.5166142, 39.7987687], [30.5166618, 39.798824], [30.5168552, 39.7990429], [30.5169192, 39.7991377], [30.5170536, 39.7993638], [30.5171769, 39.7994732], [30.5174418, 39.7998429]]}, "bbox": [30.5130718, 39.7948233, 30.5174418, 39.7998429]}, {"id": "879", "type": "Feature", "properties": {"name": "Yaylalar sokak", "_mahalle_str": "Sütlüce Mahallesi", "_hvi_str": "%55", "_aciklama_str": "Sıcaklık: orta<br>Ağaç örtüsü: çok düşük<br>Hastaneye uzaklık: orta<br>Yeşil alana uzaklık: çok uzak<br>Yapılaşma yoğunluğu: çok yoğun<br>Nüfus yoğunluğu: seyrek<br>Yaşlı nüfus oranı: orta<br>Çocuk nüfus oranı: orta<br>Sosyoekonomik gelişmişlik: düşük"}, "geometry": {"type": "LineString", "coordinates": [[30.5075822, 39.799728], [30.5080588, 39.7997855], [30.5085004, 39.7998451], [30.5089873, 39.7999014]]}, "bbox": [30.5075822, 39.799728, 30.5089873, 39.7999014]}, {"id": "880", "type": "Feature", "properties": {"name": "Oktay Sokak", "_mahalle_str": "Esentepe Mahallesi", "_hvi_str": "%57", "_aciklama_str": "Sıcaklık: çok yüksek<br>Ağaç örtüsü: düşük<br>Hastaneye uzaklık: çok yakın<br>Yeşil alana uzaklık: uzak<br>Yapılaşma yoğunluğu: çok yoğun<br>Nüfus yoğunluğu: seyrek<br>Yaşlı nüfus oranı: orta<br>Çocuk nüfus oranı: orta<br>Sosyoekonomik gelişmişlik: düşük"}, "geometry": {"type": "LineString", "coordinates": [[30.5166045, 39.8032131], [30.5165183, 39.8029665], [30.5164945, 39.802897], [30.516424, 39.8026474], [30.5162828, 39.8023103], [30.516186, 39.801992], [30.5160894, 39.8016948], [30.5159737, 39.8014039], [30.5158394, 39.8009775], [30.5155411, 39.8000894]]}, "bbox": [30.5155411, 39.8000894, 30.5166045, 39.8032131]}, {"id": "881", "type": "Feature", "properties": {"name": "Erdem Sokak", "_mahalle_str": "Esentepe Mahallesi", "_hvi_str": "%55", "_aciklama_str": "Sıcaklık: yüksek<br>Ağaç örtüsü: düşük<br>Hastaneye uzaklık: çok yakın<br>Yeşil alana uzaklık: uzak<br>Yapılaşma yoğunluğu: çok yoğun<br>Nüfus yoğunluğu: seyrek<br>Yaşlı nüfus oranı: orta<br>Çocuk nüfus oranı: orta<br>Sosyoekonomik gelişmişlik: düşük"}, "geometry": {"type": "LineString", "coordinates": [[30.5141678, 39.796739], [30.5137797, 39.7968306], [30.5137384, 39.7969382]]}, "bbox": [30.5137384, 39.796739, 30.5141678, 39.7969382]}, {"id": "883", "type": "Feature", "properties": {"name": "Demirkapı Sokak", "_mahalle_str": "Sütlüce Mahallesi", "_hvi_str": "%51", "_aciklama_str": "Sıcaklık: yüksek<br>Ağaç örtüsü: düşük<br>Hastaneye uzaklık: orta<br>Yeşil alana uzaklık: çok yakın<br>Yapılaşma yoğunluğu: çok yoğun<br>Nüfus yoğunluğu: seyrek<br>Yaşlı nüfus oranı: orta<br>Çocuk nüfus oranı: orta<br>Sosyoekonomik gelişmişlik: düşük"}, "geometry": {"type": "LineString", "coordinates": [[30.5065083, 39.7944654], [30.5077969, 39.7946418], [30.5080209, 39.7946725]]}, "bbox": [30.5065083, 39.7944654, 30.5080209, 39.7946725]}, {"id": "885", "type": "Feature", "properties": {"name": "Doruk Sokak", "_mahalle_str": "Sütlüce Mahallesi", "_hvi_str": "%54", "_aciklama_str": "Sıcaklık: çok yüksek<br>Ağaç örtüsü: çok düşük<br>Hastaneye uzaklık: uzak<br>Yeşil alana uzaklık: orta<br>Yapılaşma yoğunluğu: çok yoğun<br>Nüfus yoğunluğu: seyrek<br>Yaşlı nüfus oranı: orta<br>Çocuk nüfus oranı: orta<br>Sosyoekonomik gelişmişlik: düşük"}, "geometry": {"type": "LineString", "coordinates": [[30.5066438, 39.7942571], [30.5053731, 39.7942632], [30.5049281, 39.7942766]]}, "bbox": [30.5049281, 39.7942571, 30.5066438, 39.7942766]}, {"id": "886", "type": "Feature", "properties": {"name": null, "_mahalle_str": "Sütlüce Mahallesi", "_hvi_str": "%54", "_aciklama_str": "Sıcaklık: yüksek<br>Ağaç örtüsü: düşük<br>Hastaneye uzaklık: uzak<br>Yeşil alana uzaklık: yakın<br>Yapılaşma yoğunluğu: çok yoğun<br>Nüfus yoğunluğu: seyrek<br>Yaşlı nüfus oranı: orta<br>Çocuk nüfus oranı: orta<br>Sosyoekonomik gelişmişlik: düşük"}, "geometry": {"type": "LineString", "coordinates": [[30.5091381, 39.8026293], [30.5087193, 39.8025769], [30.5084567, 39.802527], [30.5083277, 39.8025151], [30.5081319, 39.802513], [30.5075186, 39.8025413]]}, "bbox": [30.5075186, 39.802513, 30.5091381, 39.8026293]}, {"id": "888", "type": "Feature", "properties": {"name": "Efeoğlu Sokak", "_mahalle_str": "Esentepe Mahallesi", "_hvi_str": "%55", "_aciklama_str": "Sıcaklık: çok yüksek<br>Ağaç örtüsü: çok düşük<br>Hastaneye uzaklık: yakın<br>Yeşil alana uzaklık: uzak<br>Yapılaşma yoğunluğu: çok yoğun<br>Nüfus yoğunluğu: seyrek<br>Yaşlı nüfus oranı: orta<br>Çocuk nüfus oranı: orta<br>Sosyoekonomik gelişmişlik: düşük"}, "geometry": {"type": "LineString", "coordinates": [[30.5185656, 39.8020175], [30.5181472, 39.8021154], [30.5177717, 39.8021731], [30.517628, 39.8021906], [30.5171755, 39.8022268], [30.5168102, 39.8022561], [30.5162828, 39.8023103], [30.5158137, 39.8024081], [30.5148944, 39.8025656]]}, "bbox": [30.5148944, 39.8020175, 30.5185656, 39.8025656]}, {"id": "889", "type": "Feature", "properties": {"name": null, "_mahalle_str": "Sütlüce Mahallesi", "_hvi_str": "%55", "_aciklama_str": "Sıcaklık: yüksek<br>Ağaç örtüsü: çok düşük<br>Hastaneye uzaklık: orta<br>Yeşil alana uzaklık: çok uzak<br>Yapılaşma yoğunluğu: çok yoğun<br>Nüfus yoğunluğu: seyrek<br>Yaşlı nüfus oranı: orta<br>Çocuk nüfus oranı: orta<br>Sosyoekonomik gelişmişlik: düşük"}, "geometry": {"type": "LineString", "coordinates": [[30.5079388, 39.8003732], [30.5080588, 39.7997855], [30.5082414, 39.7991566]]}, "bbox": [30.5079388, 39.7991566, 30.5082414, 39.8003732]}, {"id": "890", "type": "Feature", "properties": {"name": null, "_mahalle_str": "Sütlüce Mahallesi", "_hvi_str": "%51", "_aciklama_str": "Sıcaklık: orta<br>Ağaç örtüsü: orta<br>Hastaneye uzaklık: uzak<br>Yeşil alana uzaklık: orta<br>Yapılaşma yoğunluğu: çok yoğun<br>Nüfus yoğunluğu: seyrek<br>Yaşlı nüfus oranı: orta<br>Çocuk nüfus oranı: orta<br>Sosyoekonomik gelişmişlik: düşük"}, "geometry": {"type": "LineString", "coordinates": [[30.5066301, 39.8029925], [30.5065029, 39.8021897], [30.5064738, 39.8019561], [30.5068148, 39.8019292], [30.5069362, 39.8019605], [30.5074724, 39.8019076], [30.5077824, 39.8019133], [30.5079111, 39.8019027], [30.5081445, 39.8018834], [30.508543, 39.8018776], [30.5086363, 39.8018805], [30.5090331, 39.8018712], [30.5095289, 39.8018978]]}, "bbox": [30.5064738, 39.8018712, 30.5095289, 39.8029925]}, {"id": "891", "type": "Feature", "properties": {"name": "Uluata Sokak", "_mahalle_str": "Sütlüce Mahallesi", "_hvi_str": "%51", "_aciklama_str": "Sıcaklık: orta<br>Ağaç örtüsü: orta<br>Hastaneye uzaklık: orta<br>Yeşil alana uzaklık: çok yakın<br>Yapılaşma yoğunluğu: çok yoğun<br>Nüfus yoğunluğu: seyrek<br>Yaşlı nüfus oranı: orta<br>Çocuk nüfus oranı: orta<br>Sosyoekonomik gelişmişlik: düşük"}, "geometry": {"type": "LineString", "coordinates": [[30.5056928, 39.7961177], [30.505852, 39.7961395], [30.5062972, 39.7962302], [30.5064971, 39.7962674], [30.5069189, 39.7963691]]}, "bbox": [30.5056928, 39.7961177, 30.5069189, 39.7963691]}, {"id": "893", "type": "Feature", "properties": {"name": "Sargın Sokak", "_mahalle_str": "Esentepe Mahallesi", "_hvi_str": "%57", "_aciklama_str": "Sıcaklık: orta<br>Ağaç örtüsü: orta<br>Hastaneye uzaklık: çok yakın<br>Yeşil alana uzaklık: uzak<br>Yapılaşma yoğunluğu: çok yoğun<br>Nüfus yoğunluğu: seyrek<br>Yaşlı nüfus oranı: orta<br>Çocuk nüfus oranı: orta<br>Sosyoekonomik gelişmişlik: düşük"}, "geometry": {"type": "LineString", "coordinates": [[30.5144822, 39.8008702], [30.5153981, 39.8007342]]}, "bbox": [30.5144822, 39.8007342, 30.5153981, 39.8008702]}, {"id": "894", "type": "Feature", "properties": {"name": "Topdemir Sokak", "_mahalle_str": "Esentepe Mahallesi", "_hvi_str": "%54", "_aciklama_str": "Sıcaklık: yüksek<br>Ağaç örtüsü: düşük<br>Hastaneye uzaklık: çok yakın<br>Yeşil alana uzaklık: orta<br>Yapılaşma yoğunluğu: çok yoğun<br>Nüfus yoğunluğu: seyrek<br>Yaşlı nüfus oranı: orta<br>Çocuk nüfus oranı: orta<br>Sosyoekonomik gelişmişlik: düşük"}, "geometry": {"type": "LineString", "coordinates": [[30.5171755, 39.8022268], [30.5169005, 39.8011866]]}, "bbox": [30.5169005, 39.8011866, 30.5171755, 39.8022268]}, {"id": "897", "type": "Feature", "properties": {"name": "Emirganlılar Sokak", "_mahalle_str": "Sütlüce Mahallesi", "_hvi_str": "%52", "_aciklama_str": "Sıcaklık: orta<br>Ağaç örtüsü: düşük<br>Hastaneye uzaklık: orta<br>Yeşil alana uzaklık: orta<br>Yapılaşma yoğunluğu: çok yoğun<br>Nüfus yoğunluğu: seyrek<br>Yaşlı nüfus oranı: orta<br>Çocuk nüfus oranı: orta<br>Sosyoekonomik gelişmişlik: düşük"}, "geometry": {"type": "LineString", "coordinates": [[30.5053324, 39.7982752], [30.5058895, 39.7984097], [30.5071739, 39.7987221], [30.5073113, 39.798702], [30.5077697, 39.7988019]]}, "bbox": [30.5053324, 39.7982752, 30.5077697, 39.7988019]}, {"id": "898", "type": "Feature", "properties": {"name": "Atalan Sokak", "_mahalle_str": "Esentepe Mahallesi", "_hvi_str": "%54", "_aciklama_str": "Sıcaklık: yüksek<br>Ağaç örtüsü: düşük<br>Hastaneye uzaklık: orta<br>Yeşil alana uzaklık: yakın<br>Yapılaşma yoğunluğu: çok yoğun<br>Nüfus yoğunluğu: seyrek<br>Yaşlı nüfus oranı: orta<br>Çocuk nüfus oranı: orta<br>Sosyoekonomik gelişmişlik: düşük"}, "geometry": {"type": "LineString", "coordinates": [[30.5118442, 39.801826], [30.5116658, 39.8026648], [30.5113657, 39.8028884], [30.5110423, 39.8031468]]}, "bbox": [30.5110423, 39.801826, 30.5118442, 39.8031468]}, {"id": "899", "type": "Feature", "properties": {"name": "Umutlu Sokak", "_mahalle_str": "Esentepe Mahallesi", "_hvi_str": "%61", "_aciklama_str": "Sıcaklık: çok yüksek<br>Ağaç örtüsü: düşük<br>Hastaneye uzaklık: çok yakın<br>Yeşil alana uzaklık: uzak<br>Yapılaşma yoğunluğu: çok yoğun<br>Nüfus yoğunluğu: seyrek<br>Yaşlı nüfus oranı: orta<br>Çocuk nüfus oranı: orta<br>Sosyoekonomik gelişmişlik: düşük"}, "geometry": {"type": "LineString", "coordinates": [[30.5147483, 39.801963], [30.5160894, 39.8016948], [30.51664, 39.8015908]]}, "bbox": [30.5147483, 39.8015908, 30.51664, 39.801963]}, {"id": "900", "type": "Feature", "properties": {"name": null, "_mahalle_str": "Esentepe Mahallesi", "_hvi_str": "%58", "_aciklama_str": "Sıcaklık: orta<br>Ağaç örtüsü: düşük<br>Hastaneye uzaklık: yakın<br>Yeşil alana uzaklık: orta<br>Yapılaşma yoğunluğu: çok yoğun<br>Nüfus yoğunluğu: seyrek<br>Yaşlı nüfus oranı: orta<br>Çocuk nüfus oranı: orta<br>Sosyoekonomik gelişmişlik: düşük"}, "geometry": {"type": "LineString", "coordinates": [[30.5123756, 39.802084], [30.5128925, 39.8020572], [30.513379, 39.8019953], [30.5135285, 39.801974], [30.5137495, 39.8019778], [30.5141068, 39.8020109], [30.5144251, 39.8020427], [30.5147757, 39.8020499]]}, "bbox": [30.5123756, 39.801974, 30.5147757, 39.802084]}, {"id": "901", "type": "Feature", "properties": {"name": null, "_mahalle_str": "Esentepe Mahallesi", "_hvi_str": "%55", "_aciklama_str": "Sıcaklık: orta<br>Ağaç örtüsü: düşük<br>Hastaneye uzaklık: orta<br>Yeşil alana uzaklık: orta<br>Yapılaşma yoğunluğu: çok yoğun<br>Nüfus yoğunluğu: seyrek<br>Yaşlı nüfus oranı: orta<br>Çocuk nüfus oranı: orta<br>Sosyoekonomik gelişmişlik: düşük"}, "geometry": {"type": "LineString", "coordinates": [[30.5120777, 39.80294], [30.5122423, 39.8026335], [30.5123756, 39.802084], [30.5124625, 39.8018525], [30.512543, 39.8016138], [30.5125551, 39.800424]]}, "bbox": [30.5120777, 39.800424, 30.5125551, 39.80294]}, {"id": "903", "type": "Feature", "properties": {"name": "Neslihan Sokak", "_mahalle_str": "Sütlüce Mahallesi", "_hvi_str": "%51", "_aciklama_str": "Sıcaklık: çok yüksek<br>Ağaç örtüsü: çok düşük<br>Hastaneye uzaklık: uzak<br>Yeşil alana uzaklık: uzak<br>Yapılaşma yoğunluğu: yoğun<br>Nüfus yoğunluğu: seyrek<br>Yaşlı nüfus oranı: orta<br>Çocuk nüfus oranı: orta<br>Sosyoekonomik gelişmişlik: düşük"}, "geometry": {"type": "LineString", "coordinates": [[30.5053731, 39.7942632], [30.5054686, 39.7938754], [30.5055279, 39.7935448]]}, "bbox": [30.5053731, 39.7935448, 30.5055279, 39.7942632]}, {"id": "904", "type": "Feature", "properties": {"name": "Cansever Sokak", "_mahalle_str": "Esentepe Mahallesi", "_hvi_str": "%58", "_aciklama_str": "Sıcaklık: orta<br>Ağaç örtüsü: düşük<br>Hastaneye uzaklık: çok yakın<br>Yeşil alana uzaklık: uzak<br>Yapılaşma yoğunluğu: çok yoğun<br>Nüfus yoğunluğu: seyrek<br>Yaşlı nüfus oranı: orta<br>Çocuk nüfus oranı: orta<br>Sosyoekonomik gelişmişlik: düşük"}, "geometry": {"type": "LineString", "coordinates": [[30.5144198, 39.8005578], [30.5152901, 39.8004322]]}, "bbox": [30.5144198, 39.8004322, 30.5152901, 39.8005578]}, {"id": "908", "type": "Feature", "properties": {"name": "Kutlutepe Sokak", "_mahalle_str": "Sütlüce Mahallesi", "_hvi_str": "%53", "_aciklama_str": "Sıcaklık: orta<br>Ağaç örtüsü: orta<br>Hastaneye uzaklık: uzak<br>Yeşil alana uzaklık: orta<br>Yapılaşma yoğunluğu: çok yoğun<br>Nüfus yoğunluğu: seyrek<br>Yaşlı nüfus oranı: orta<br>Çocuk nüfus oranı: orta<br>Sosyoekonomik gelişmişlik: düşük"}, "geometry": {"type": "LineString", "coordinates": [[30.5043402, 39.7946935], [30.5043518, 39.7946316], [30.5044875, 39.7939091]]}, "bbox": [30.5043402, 39.7939091, 30.5044875, 39.7946935]}, {"id": "909", "type": "Feature", "properties": {"name": null, "_mahalle_str": "Esentepe Mahallesi", "_hvi_str": "%58", "_aciklama_str": "Sıcaklık: yüksek<br>Ağaç örtüsü: çok düşük<br>Hastaneye uzaklık: çok yakın<br>Yeşil alana uzaklık: uzak<br>Yapılaşma yoğunluğu: çok yoğun<br>Nüfus yoğunluğu: seyrek<br>Yaşlı nüfus oranı: orta<br>Çocuk nüfus oranı: orta<br>Sosyoekonomik gelişmişlik: düşük"}, "geometry": {"type": "LineString", "coordinates": [[30.5153672, 39.7985422], [30.5154835, 39.798999], [30.5155903, 39.7993251], [30.5156407, 39.7994828], [30.5157324, 39.7997156], [30.5158488, 39.8000647]]}, "bbox": [30.5153672, 39.7985422, 30.5158488, 39.8000647]}, {"id": "910", "type": "Feature", "properties": {"name": "Nar Çiçeği Sokak", "_mahalle_str": "Sütlüce Mahallesi", "_hvi_str": "%56", "_aciklama_str": "Sıcaklık: yüksek<br>Ağaç örtüsü: düşük<br>Hastaneye uzaklık: yakın<br>Yeşil alana uzaklık: çok uzak<br>Yapılaşma yoğunluğu: çok yoğun<br>Nüfus yoğunluğu: seyrek<br>Yaşlı nüfus oranı: orta<br>Çocuk nüfus oranı: orta<br>Sosyoekonomik gelişmişlik: düşük"}, "geometry": {"type": "LineString", "coordinates": [[30.5098135, 39.7980215], [30.5096628, 39.7986701], [30.5096522, 39.7991049], [30.5094521, 39.7999508]]}, "bbox": [30.5094521, 39.7980215, 30.5098135, 39.7999508]}, {"id": "911", "type": "Feature", "properties": {"name": null, "_mahalle_str": "Esentepe Mahallesi", "_hvi_str": "%53", "_aciklama_str": "Sıcaklık: orta<br>Ağaç örtüsü: düşük<br>Hastaneye uzaklık: çok yakın<br>Yeşil alana uzaklık: orta<br>Yapılaşma yoğunluğu: çok yoğun<br>Nüfus yoğunluğu: seyrek<br>Yaşlı nüfus oranı: orta<br>Çocuk nüfus oranı: orta<br>Sosyoekonomik gelişmişlik: düşük"}, "geometry": {"type": "LineString", "coordinates": [[30.5168552, 39.7990429], [30.5155903, 39.7993251], [30.5149996, 39.7994485]]}, "bbox": [30.5149996, 39.7990429, 30.5168552, 39.7994485]}, {"id": "912", "type": "Feature", "properties": {"name": null, "_mahalle_str": "Esentepe Mahallesi", "_hvi_str": "%56", "_aciklama_str": "Sıcaklık: orta<br>Ağaç örtüsü: düşük<br>Hastaneye uzaklık: yakın<br>Yeşil alana uzaklık: çok uzak<br>Yapılaşma yoğunluğu: çok yoğun<br>Nüfus yoğunluğu: seyrek<br>Yaşlı nüfus oranı: orta<br>Çocuk nüfus oranı: orta<br>Sosyoekonomik gelişmişlik: düşük"}, "geometry": {"type": "LineString", "coordinates": [[30.5112779, 39.8002713], [30.5114554, 39.799516], [30.5114809, 39.7992196], [30.5115256, 39.7988162], [30.5115459, 39.7983959], [30.5117595, 39.7978562]]}, "bbox": [30.5112779, 39.7978562, 30.5117595, 39.8002713]}, {"id": "913", "type": "Feature", "properties": {"name": "Yalnız Sokak", "_mahalle_str": "Sütlüce Mahallesi", "_hvi_str": "%57", "_aciklama_str": "Sıcaklık: yüksek<br>Ağaç örtüsü: çok düşük<br>Hastaneye uzaklık: yakın<br>Yeşil alana uzaklık: çok uzak<br>Yapılaşma yoğunluğu: çok yoğun<br>Nüfus yoğunluğu: seyrek<br>Yaşlı nüfus oranı: orta<br>Çocuk nüfus oranı: orta<br>Sosyoekonomik gelişmişlik: düşük"}, "geometry": {"type": "LineString", "coordinates": [[30.5099516, 39.7999956], [30.5100696, 39.7991544], [30.5102194, 39.7981379]]}, "bbox": [30.5099516, 39.7981379, 30.5102194, 39.7999956]}, {"id": "914", "type": "Feature", "properties": {"name": "Emirganlılar Çıkmazı", "_mahalle_str": "Sütlüce Mahallesi", "_hvi_str": "%51", "_aciklama_str": "Sıcaklık: orta<br>Ağaç örtüsü: düşük<br>Hastaneye uzaklık: orta<br>Yeşil alana uzaklık: yakın<br>Yapılaşma yoğunluğu: çok yoğun<br>Nüfus yoğunluğu: seyrek<br>Yaşlı nüfus oranı: orta<br>Çocuk nüfus oranı: orta<br>Sosyoekonomik gelişmişlik: düşük"}, "geometry": {"type": "LineString", "coordinates": [[30.5063657, 39.7975131], [30.5061705, 39.7979306], [30.5058895, 39.7984097]]}, "bbox": [30.5058895, 39.7975131, 30.5063657, 39.7984097]}, {"id": "916", "type": "Feature", "properties": {"name": null, "_mahalle_str": "Esentepe Mahallesi", "_hvi_str": "%54", "_aciklama_str": "Sıcaklık: düşük<br>Ağaç örtüsü: düşük<br>Hastaneye uzaklık: yakın<br>Yeşil alana uzaklık: uzak<br>Yapılaşma yoğunluğu: çok yoğun<br>Nüfus yoğunluğu: seyrek<br>Yaşlı nüfus oranı: orta<br>Çocuk nüfus oranı: orta<br>Sosyoekonomik gelişmişlik: düşük"}, "geometry": {"type": "LineString", "coordinates": [[30.5145929, 39.7972595], [30.5152208, 39.7971428]]}, "bbox": [30.5145929, 39.7971428, 30.5152208, 39.7972595]}, {"id": "917", "type": "Feature", "properties": {"name": "Erdem Sokak", "_mahalle_str": "Esentepe Mahallesi", "_hvi_str": "%60", "_aciklama_str": "Sıcaklık: yüksek<br>Ağaç örtüsü: düşük<br>Hastaneye uzaklık: yakın<br>Yeşil alana uzaklık: çok uzak<br>Yapılaşma yoğunluğu: çok yoğun<br>Nüfus yoğunluğu: seyrek<br>Yaşlı nüfus oranı: orta<br>Çocuk nüfus oranı: orta<br>Sosyoekonomik gelişmişlik: düşük"}, "geometry": {"type": "LineString", "coordinates": [[30.5137384, 39.7969382], [30.5136845, 39.7973735], [30.5133927, 39.7986777], [30.513206, 39.7997559], [30.5131948, 39.8004516]]}, "bbox": [30.5131948, 39.7969382, 30.5137384, 39.8004516]}, {"id": "918", "type": "Feature", "properties": {"name": "Aydos Sokak", "_mahalle_str": "Sütlüce Mahallesi", "_hvi_str": "%54", "_aciklama_str": "Sıcaklık: yüksek<br>Ağaç örtüsü: çok düşük<br>Hastaneye uzaklık: orta<br>Yeşil alana uzaklık: yakın<br>Yapılaşma yoğunluğu: çok yoğun<br>Nüfus yoğunluğu: seyrek<br>Yaşlı nüfus oranı: orta<br>Çocuk nüfus oranı: orta<br>Sosyoekonomik gelişmişlik: düşük"}, "geometry": {"type": "LineString", "coordinates": [[30.5059857, 39.7954683], [30.507985, 39.7957074]]}, "bbox": [30.5059857, 39.7954683, 30.507985, 39.7957074]}, {"id": "919", "type": "Feature", "properties": {"name": "Şafaklı Sokak", "_mahalle_str": "Sütlüce Mahallesi", "_hvi_str": "%53", "_aciklama_str": "Sıcaklık: yüksek<br>Ağaç örtüsü: düşük<br>Hastaneye uzaklık: orta<br>Yeşil alana uzaklık: yakın<br>Yapılaşma yoğunluğu: çok yoğun<br>Nüfus yoğunluğu: seyrek<br>Yaşlı nüfus oranı: orta<br>Çocuk nüfus oranı: orta<br>Sosyoekonomik gelişmişlik: düşük"}, "geometry": {"type": "LineString", "coordinates": [[30.5057821, 39.7970083], [30.5061749, 39.7970713], [30.5070569, 39.7973099], [30.5071797, 39.7973382], [30.5073869, 39.7974101], [30.5080301, 39.7973875]]}, "bbox": [30.5057821, 39.7970083, 30.5080301, 39.7974101]}, {"id": "920", "type": "Feature", "properties": {"name": "Birgül Sokak", "_mahalle_str": "Esentepe Mahallesi", "_hvi_str": "%52", "_aciklama_str": "Sıcaklık: yüksek<br>Ağaç örtüsü: düşük<br>Hastaneye uzaklık: çok yakın<br>Yeşil alana uzaklık: uzak<br>Yapılaşma yoğunluğu: çok yoğun<br>Nüfus yoğunluğu: seyrek<br>Yaşlı nüfus oranı: orta<br>Çocuk nüfus oranı: orta<br>Sosyoekonomik gelişmişlik: düşük"}, "geometry": {"type": "LineString", "coordinates": [[30.5137466, 39.7961916], [30.5134489, 39.7962856], [30.5132318, 39.7963037], [30.5131158, 39.7962591], [30.5129903, 39.7961977], [30.5127293, 39.796127], [30.5121134, 39.7959785]]}, "bbox": [30.5121134, 39.7959785, 30.5137466, 39.7963037]}, {"id": "921", "type": "Feature", "properties": {"name": "Sakinler Sokak", "_mahalle_str": "Sütlüce Mahallesi", "_hvi_str": "%55", "_aciklama_str": "Sıcaklık: yüksek<br>Ağaç örtüsü: düşük<br>Hastaneye uzaklık: çok yakın<br>Yeşil alana uzaklık: uzak<br>Yapılaşma yoğunluğu: çok yoğun<br>Nüfus yoğunluğu: seyrek<br>Yaşlı nüfus oranı: orta<br>Çocuk nüfus oranı: orta<br>Sosyoekonomik gelişmişlik: düşük"}, "geometry": {"type": "LineString", "coordinates": [[30.5091593, 39.7973049], [30.5093361, 39.7973926], [30.5107019, 39.7979297]]}, "bbox": [30.5091593, 39.7973049, 30.5107019, 39.7979297]}, {"id": "926", "type": "Feature", "properties": {"name": null, "_mahalle_str": "Esentepe Mahallesi", "_hvi_str": "%60", "_aciklama_str": "Sıcaklık: yüksek<br>Ağaç örtüsü: düşük<br>Hastaneye uzaklık: çok yakın<br>Yeşil alana uzaklık: uzak<br>Yapılaşma yoğunluğu: çok yoğun<br>Nüfus yoğunluğu: seyrek<br>Yaşlı nüfus oranı: orta<br>Çocuk nüfus oranı: orta<br>Sosyoekonomik gelişmişlik: düşük"}, "geometry": {"type": "LineString", "coordinates": [[30.5136005, 39.8000189], [30.5142295, 39.7999701], [30.5150895, 39.7998487], [30.5157324, 39.7997156]]}, "bbox": [30.5136005, 39.7997156, 30.5157324, 39.8000189]}, {"id": "927", "type": "Feature", "properties": {"name": null, "_mahalle_str": "Sütlüce Mahallesi", "_hvi_str": "%54", "_aciklama_str": "Sıcaklık: orta<br>Ağaç örtüsü: düşük<br>Hastaneye uzaklık: uzak<br>Yeşil alana uzaklık: çok yakın<br>Yapılaşma yoğunluğu: çok yoğun<br>Nüfus yoğunluğu: seyrek<br>Yaşlı nüfus oranı: orta<br>Çocuk nüfus oranı: orta<br>Sosyoekonomik gelişmişlik: düşük"}, "geometry": {"type": "LineString", "coordinates": [[30.508565, 39.8034443], [30.5081982, 39.8033821], [30.5078777, 39.8033399]]}, "bbox": [30.5078777, 39.8033399, 30.508565, 39.8034443]}, {"id": "928", "type": "Feature", "properties": {"name": null, "_mahalle_str": "Esentepe Mahallesi", "_hvi_str": "%57", "_aciklama_str": "Sıcaklık: yüksek<br>Ağaç örtüsü: çok düşük<br>Hastaneye uzaklık: yakın<br>Yeşil alana uzaklık: çok uzak<br>Yapılaşma yoğunluğu: çok yoğun<br>Nüfus yoğunluğu: seyrek<br>Yaşlı nüfus oranı: orta<br>Çocuk nüfus oranı: orta<br>Sosyoekonomik gelişmişlik: düşük"}, "geometry": {"type": "LineString", "coordinates": [[30.5113036, 39.797749], [30.5111507, 39.7981579], [30.5111003, 39.7983225], [30.5110506, 39.7987831], [30.5110286, 39.7991944], [30.5109984, 39.7994291], [30.5108236, 39.8001565]]}, "bbox": [30.5108236, 39.797749, 30.5113036, 39.8001565]}, {"id": "929", "type": "Feature", "properties": {"name": "Aktaş Sokak", "_mahalle_str": "Esentepe Mahallesi", "_hvi_str": "%56", "_aciklama_str": "Sıcaklık: çok yüksek<br>Ağaç örtüsü: düşük<br>Hastaneye uzaklık: yakın<br>Yeşil alana uzaklık: uzak<br>Yapılaşma yoğunluğu: çok yoğun<br>Nüfus yoğunluğu: seyrek<br>Yaşlı nüfus oranı: orta<br>Çocuk nüfus oranı: orta<br>Sosyoekonomik gelişmişlik: düşük"}, "geometry": {"type": "LineString", "coordinates": [[30.5176749, 39.802416], [30.516424, 39.8026474], [30.5153162, 39.8028486], [30.5149328, 39.8029185]]}, "bbox": [30.5149328, 39.802416, 30.5176749, 39.8029185]}, {"id": "930", "type": "Feature", "properties": {"name": null, "_mahalle_str": "Esentepe Mahallesi", "_hvi_str": "%52", "_aciklama_str": "Sıcaklık: orta<br>Ağaç örtüsü: orta<br>Hastaneye uzaklık: orta<br>Yeşil alana uzaklık: yakın<br>Yapılaşma yoğunluğu: çok yoğun<br>Nüfus yoğunluğu: seyrek<br>Yaşlı nüfus oranı: orta<br>Çocuk nüfus oranı: orta<br>Sosyoekonomik gelişmişlik: düşük"}, "geometry": {"type": "LineString", "coordinates": [[30.5126326, 39.8033477], [30.5127975, 39.8031081], [30.512859, 39.8028291], [30.5129008, 39.8026044], [30.5129006, 39.8023628], [30.5128925, 39.8020572]]}, "bbox": [30.5126326, 39.8020572, 30.5129008, 39.8033477]}, {"id": "932", "type": "Feature", "properties": {"name": "İlgi Sokak", "_mahalle_str": "Sütlüce Mahallesi", "_hvi_str": "%57", "_aciklama_str": "Sıcaklık: yüksek<br>Ağaç örtüsü: çok düşük<br>Hastaneye uzaklık: uzak<br>Yeşil alana uzaklık: orta<br>Yapılaşma yoğunluğu: çok yoğun<br>Nüfus yoğunluğu: seyrek<br>Yaşlı nüfus oranı: orta<br>Çocuk nüfus oranı: orta<br>Sosyoekonomik gelişmişlik: düşük"}, "geometry": {"type": "LineString", "coordinates": [[30.5052618, 39.7950236], [30.5054282, 39.7949896], [30.5062478, 39.7949693]]}, "bbox": [30.5052618, 39.7949693, 30.5062478, 39.7950236]}, {"id": "933", "type": "Feature", "properties": {"name": "Efendi Sokak", "_mahalle_str": "Sütlüce Mahallesi", "_hvi_str": "%51", "_aciklama_str": "Sıcaklık: orta<br>Ağaç örtüsü: düşük<br>Hastaneye uzaklık: uzak<br>Yeşil alana uzaklık: orta<br>Yapılaşma yoğunluğu: yoğun<br>Nüfus yoğunluğu: seyrek<br>Yaşlı nüfus oranı: orta<br>Çocuk nüfus oranı: orta<br>Sosyoekonomik gelişmişlik: düşük"}, "geometry": {"type": "LineString", "coordinates": [[30.5034739, 39.794424], [30.503612, 39.7939721], [30.5036097, 39.7937531]]}, "bbox": [30.5034739, 39.7937531, 30.503612, 39.794424]}, {"id": "935", "type": "Feature", "properties": {"name": "Yağcı Sokak", "_mahalle_str": "Esentepe Mahallesi", "_hvi_str": "%51", "_aciklama_str": "Sıcaklık: yüksek<br>Ağaç örtüsü: çok düşük<br>Hastaneye uzaklık: çok yakın<br>Yeşil alana uzaklık: orta<br>Yapılaşma yoğunluğu: çok yoğun<br>Nüfus yoğunluğu: seyrek<br>Yaşlı nüfus oranı: orta<br>Çocuk nüfus oranı: orta<br>Sosyoekonomik gelişmişlik: düşük"}, "geometry": {"type": "LineString", "coordinates": [[30.517554, 39.8010162], [30.5179495, 39.8019158], [30.5184208, 39.8018262]]}, "bbox": [30.517554, 39.8010162, 30.5184208, 39.8019158]}, {"id": "936", "type": "Feature", "properties": {"name": "Topdere Sokak", "_mahalle_str": "Esentepe Mahallesi", "_hvi_str": "%52", "_aciklama_str": "Sıcaklık: çok yüksek<br>Ağaç örtüsü: yüksek<br>Hastaneye uzaklık: yakın<br>Yeşil alana uzaklık: uzak<br>Yapılaşma yoğunluğu: çok yoğun<br>Nüfus yoğunluğu: seyrek<br>Yaşlı nüfus oranı: orta<br>Çocuk nüfus oranı: orta<br>Sosyoekonomik gelişmişlik: düşük"}, "geometry": {"type": "LineString", "coordinates": [[30.5165183, 39.8029665], [30.5171763, 39.8028345], [30.5177414, 39.802727]]}, "bbox": [30.5165183, 39.802727, 30.5177414, 39.8029665]}, {"id": "937", "type": "Feature", "properties": {"name": "Kurtpınar Sokak", "_mahalle_str": "Esentepe Mahallesi", "_hvi_str": "%58", "_aciklama_str": "Sıcaklık: yüksek<br>Ağaç örtüsü: çok düşük<br>Hastaneye uzaklık: çok yakın<br>Yeşil alana uzaklık: çok uzak<br>Yapılaşma yoğunluğu: çok yoğun<br>Nüfus yoğunluğu: seyrek<br>Yaşlı nüfus oranı: orta<br>Çocuk nüfus oranı: orta<br>Sosyoekonomik gelişmişlik: düşük"}, "geometry": {"type": "LineString", "coordinates": [[30.5105825, 39.7987564], [30.5110506, 39.7987831], [30.5115256, 39.7988162], [30.5116789, 39.7988166], [30.51206, 39.7988706]]}, "bbox": [30.5105825, 39.7987564, 30.51206, 39.7988706]}, {"id": "938", "type": "Feature", "properties": {"name": null, "_mahalle_str": "Esentepe Mahallesi", "_hvi_str": "%57", "_aciklama_str": "Sıcaklık: orta<br>Ağaç örtüsü: düşük<br>Hastaneye uzaklık: yakın<br>Yeşil alana uzaklık: uzak<br>Yapılaşma yoğunluğu: çok yoğun<br>Nüfus yoğunluğu: seyrek<br>Yaşlı nüfus oranı: orta<br>Çocuk nüfus oranı: orta<br>Sosyoekonomik gelişmişlik: düşük"}, "geometry": {"type": "LineString", "coordinates": [[30.5117609, 39.8003576], [30.511823, 39.8000746], [30.5118827, 39.7996762], [30.51206, 39.7988706]]}, "bbox": [30.5117609, 39.7988706, 30.51206, 39.8003576]}, {"id": "939", "type": "Feature", "properties": {"name": "Cem Sultan Sokak", "_mahalle_str": "Esentepe Mahallesi", "_hvi_str": "%56", "_aciklama_str": "Sıcaklık: yüksek<br>Ağaç örtüsü: düşük<br>Hastaneye uzaklık: çok yakın<br>Yeşil alana uzaklık: çok uzak<br>Yapılaşma yoğunluğu: çok yoğun<br>Nüfus yoğunluğu: seyrek<br>Yaşlı nüfus oranı: orta<br>Çocuk nüfus oranı: orta<br>Sosyoekonomik gelişmişlik: düşük"}, "geometry": {"type": "LineString", "coordinates": [[30.5110819, 39.7973989], [30.5115879, 39.7974853], [30.5120618, 39.7975889], [30.5125701, 39.7977053], [30.5131467, 39.7978267]]}, "bbox": [30.5110819, 39.7973989, 30.5131467, 39.7978267]}, {"id": "940", "type": "Feature", "properties": {"name": null, "_mahalle_str": "Esentepe Mahallesi", "_hvi_str": "%58", "_aciklama_str": "Sıcaklık: yüksek<br>Ağaç örtüsü: çok düşük<br>Hastaneye uzaklık: çok yakın<br>Yeşil alana uzaklık: çok uzak<br>Yapılaşma yoğunluğu: çok yoğun<br>Nüfus yoğunluğu: seyrek<br>Yaşlı nüfus oranı: orta<br>Çocuk nüfus oranı: orta<br>Sosyoekonomik gelişmişlik: düşük"}, "geometry": {"type": "LineString", "coordinates": [[30.510861, 39.7976524], [30.5113036, 39.797749], [30.5117595, 39.7978562], [30.5119621, 39.7979077], [30.5125376, 39.7980507], [30.5130568, 39.7981315]]}, "bbox": [30.510861, 39.7976524, 30.5130568, 39.7981315]}, {"id": "941", "type": "Feature", "properties": {"name": "Benzer Sokak", "_mahalle_str": "Sütlüce Mahallesi", "_hvi_str": "%53", "_aciklama_str": "Sıcaklık: orta<br>Ağaç örtüsü: düşük<br>Hastaneye uzaklık: orta<br>Yeşil alana uzaklık: uzak<br>Yapılaşma yoğunluğu: çok yoğun<br>Nüfus yoğunluğu: seyrek<br>Yaşlı nüfus oranı: orta<br>Çocuk nüfus oranı: orta<br>Sosyoekonomik gelişmişlik: düşük"}, "geometry": {"type": "LineString", "coordinates": [[30.506874, 39.7996741], [30.5070348, 39.7992631], [30.5071184, 39.7990001], [30.5071739, 39.7987221]]}, "bbox": [30.506874, 39.7987221, 30.5071739, 39.7996741]}, {"id": "942", "type": "Feature", "properties": {"name": null, "_mahalle_str": "Esentepe Mahallesi", "_hvi_str": "%58", "_aciklama_str": "Sıcaklık: orta<br>Ağaç örtüsü: düşük<br>Hastaneye uzaklık: yakın<br>Yeşil alana uzaklık: uzak<br>Yapılaşma yoğunluğu: çok yoğun<br>Nüfus yoğunluğu: seyrek<br>Yaşlı nüfus oranı: orta<br>Çocuk nüfus oranı: orta<br>Sosyoekonomik gelişmişlik: düşük"}, "geometry": {"type": "LineString", "coordinates": [[30.5130079, 39.8016339], [30.5129903, 39.8004464]]}, "bbox": [30.5129903, 39.8004464, 30.5130079, 39.8016339]}, {"id": "943", "type": "Feature", "properties": {"name": null, "_mahalle_str": "Esentepe Mahallesi", "_hvi_str": "%52", "_aciklama_str": "Sıcaklık: yüksek<br>Ağaç örtüsü: orta<br>Hastaneye uzaklık: çok yakın<br>Yeşil alana uzaklık: orta<br>Yapılaşma yoğunluğu: çok yoğun<br>Nüfus yoğunluğu: seyrek<br>Yaşlı nüfus oranı: orta<br>Çocuk nüfus oranı: orta<br>Sosyoekonomik gelişmişlik: düşük"}, "geometry": {"type": "LineString", "coordinates": [[30.5165232, 39.8007972], [30.5162641, 39.800083], [30.5160644, 39.799563], [30.5165067, 39.7994791], [30.5170536, 39.7993638]]}, "bbox": [30.5160644, 39.7993638, 30.5170536, 39.8007972]}, {"id": "945", "type": "Feature", "properties": {"name": "Emreler Sokak", "_mahalle_str": "Sütlüce Mahallesi", "_hvi_str": "%52", "_aciklama_str": "Sıcaklık: yüksek<br>Ağaç örtüsü: düşük<br>Hastaneye uzaklık: orta<br>Yeşil alana uzaklık: çok yakın<br>Yapılaşma yoğunluğu: çok yoğun<br>Nüfus yoğunluğu: seyrek<br>Yaşlı nüfus oranı: orta<br>Çocuk nüfus oranı: orta<br>Sosyoekonomik gelişmişlik: düşük"}, "geometry": {"type": "LineString", "coordinates": [[30.5063314, 39.7948109], [30.5077011, 39.7950011], [30.5079865, 39.7950332]]}, "bbox": [30.5063314, 39.7948109, 30.5079865, 39.7950332]}, {"id": "946", "type": "Feature", "properties": {"name": "Çelikhan Sokak", "_mahalle_str": "Esentepe Mahallesi", "_hvi_str": "%59", "_aciklama_str": "Sıcaklık: yüksek<br>Ağaç örtüsü: düşük<br>Hastaneye uzaklık: çok yakın<br>Yeşil alana uzaklık: uzak<br>Yapılaşma yoğunluğu: çok yoğun<br>Nüfus yoğunluğu: seyrek<br>Yaşlı nüfus oranı: orta<br>Çocuk nüfus oranı: orta<br>Sosyoekonomik gelişmişlik: düşük"}, "geometry": {"type": "LineString", "coordinates": [[30.5145661, 39.8012121], [30.515504, 39.8010713]]}, "bbox": [30.5145661, 39.8010713, 30.515504, 39.8012121]}, {"id": "949", "type": "Feature", "properties": {"name": null, "_mahalle_str": "Esentepe Mahallesi", "_hvi_str": "%59", "_aciklama_str": "Sıcaklık: yüksek<br>Ağaç örtüsü: düşük<br>Hastaneye uzaklık: yakın<br>Yeşil alana uzaklık: uzak<br>Yapılaşma yoğunluğu: çok yoğun<br>Nüfus yoğunluğu: seyrek<br>Yaşlı nüfus oranı: orta<br>Çocuk nüfus oranı: orta<br>Sosyoekonomik gelişmişlik: düşük"}, "geometry": {"type": "LineString", "coordinates": [[30.5141105, 39.8016652], [30.5138556, 39.80041]]}, "bbox": [30.5138556, 39.80041, 30.5141105, 39.8016652]}, {"id": "950", "type": "Feature", "properties": {"name": null, "_mahalle_str": "Esentepe Mahallesi", "_hvi_str": "%60", "_aciklama_str": "Sıcaklık: yüksek<br>Ağaç örtüsü: düşük<br>Hastaneye uzaklık: yakın<br>Yeşil alana uzaklık: çok uzak<br>Yapılaşma yoğunluğu: çok yoğun<br>Nüfus yoğunluğu: seyrek<br>Yaşlı nüfus oranı: orta<br>Çocuk nüfus oranı: orta<br>Sosyoekonomik gelişmişlik: düşük"}, "geometry": {"type": "LineString", "coordinates": [[30.5135512, 39.8004545], [30.5136005, 39.8000189], [30.5138672, 39.7987665], [30.5141465, 39.7974228]]}, "bbox": [30.5135512, 39.7974228, 30.5141465, 39.8004545]}, {"id": "951", "type": "Feature", "properties": {"name": "Çifteler Sokak", "_mahalle_str": "Esentepe Mahallesi", "_hvi_str": "%51", "_aciklama_str": "Sıcaklık: orta<br>Ağaç örtüsü: düşük<br>Hastaneye uzaklık: uzak<br>Yeşil alana uzaklık: çok yakın<br>Yapılaşma yoğunluğu: çok yoğun<br>Nüfus yoğunluğu: seyrek<br>Yaşlı nüfus oranı: orta<br>Çocuk nüfus oranı: orta<br>Sosyoekonomik gelişmişlik: düşük"}, "geometry": {"type": "LineString", "coordinates": [[30.5093004, 39.8023506], [30.510132, 39.8024388], [30.5104359, 39.802478], [30.5106041, 39.8025068], [30.5108204, 39.8025164], [30.5109951, 39.8026397], [30.5113657, 39.8028884], [30.5120007, 39.8033409], [30.5121966, 39.8034921]]}, "bbox": [30.5093004, 39.8023506, 30.5121966, 39.8034921]}, {"id": "953", "type": "Feature", "properties": {"name": "Kıymaz Sokak", "_mahalle_str": "Esentepe Mahallesi", "_hvi_str": "%59", "_aciklama_str": "Sıcaklık: çok yüksek<br>Ağaç örtüsü: orta<br>Hastaneye uzaklık: yakın<br>Yeşil alana uzaklık: uzak<br>Yapılaşma yoğunluğu: çok yoğun<br>Nüfus yoğunluğu: seyrek<br>Yaşlı nüfus oranı: orta<br>Çocuk nüfus oranı: orta<br>Sosyoekonomik gelişmişlik: düşük"}, "geometry": {"type": "LineString", "coordinates": [[30.5148539, 39.8022601], [30.5153489, 39.8021729], [30.516186, 39.801992], [30.5167134, 39.8019067]]}, "bbox": [30.5148539, 39.8019067, 30.5167134, 39.8022601]}, {"id": "955", "type": "Feature", "properties": {"name": null, "_mahalle_str": "Sütlüce Mahallesi", "_hvi_str": "%54", "_aciklama_str": "Sıcaklık: yüksek<br>Ağaç örtüsü: çok düşük<br>Hastaneye uzaklık: orta<br>Yeşil alana uzaklık: uzak<br>Yapılaşma yoğunluğu: çok yoğun<br>Nüfus yoğunluğu: seyrek<br>Yaşlı nüfus oranı: orta<br>Çocuk nüfus oranı: orta<br>Sosyoekonomik gelişmişlik: düşük"}, "geometry": {"type": "LineString", "coordinates": [[30.5075173, 39.8003392], [30.5079388, 39.8003732], [30.5083389, 39.8004305], [30.5088185, 39.8004711], [30.510148, 39.8006256]]}, "bbox": [30.5075173, 39.8003392, 30.510148, 39.8006256]}, {"id": "956", "type": "Feature", "properties": {"name": "Ali Fuat Sokak", "_mahalle_str": "Sütlüce Mahallesi", "_hvi_str": "%51", "_aciklama_str": "Sıcaklık: düşük<br>Ağaç örtüsü: çok düşük<br>Hastaneye uzaklık: uzak<br>Yeşil alana uzaklık: orta<br>Yapılaşma yoğunluğu: çok yoğun<br>Nüfus yoğunluğu: seyrek<br>Yaşlı nüfus oranı: orta<br>Çocuk nüfus oranı: orta<br>Sosyoekonomik gelişmişlik: düşük"}, "geometry": {"type": "LineString", "coordinates": [[30.5038317, 39.7945307], [30.5038488, 39.7944684], [30.5039955, 39.7939332]]}, "bbox": [30.5038317, 39.7939332, 30.5039955, 39.7945307]}, {"id": "957", "type": "Feature", "properties": {"name": "Onan Sokak", "_mahalle_str": "Esentepe Mahallesi", "_hvi_str": "%54", "_aciklama_str": "Sıcaklık: yüksek<br>Ağaç örtüsü: düşük<br>Hastaneye uzaklık: çok yakın<br>Yeşil alana uzaklık: uzak<br>Yapılaşma yoğunluğu: çok yoğun<br>Nüfus yoğunluğu: seyrek<br>Yaşlı nüfus oranı: orta<br>Çocuk nüfus oranı: orta<br>Sosyoekonomik gelişmişlik: düşük"}, "geometry": {"type": "LineString", "coordinates": [[30.5118265, 39.7964529], [30.5127611, 39.7966865], [30.5133057, 39.7968362], [30.5137384, 39.7969382]]}, "bbox": [30.5118265, 39.7964529, 30.5137384, 39.7969382]}, {"id": "958", "type": "Feature", "properties": {"name": "Yaylalar Sokak", "_mahalle_str": "Sütlüce Mahallesi", "_hvi_str": "%56", "_aciklama_str": "Sıcaklık: yüksek<br>Ağaç örtüsü: çok düşük<br>Hastaneye uzaklık: yakın<br>Yeşil alana uzaklık: çok uzak<br>Yapılaşma yoğunluğu: çok yoğun<br>Nüfus yoğunluğu: seyrek<br>Yaşlı nüfus oranı: orta<br>Çocuk nüfus oranı: orta<br>Sosyoekonomik gelişmişlik: düşük"}, "geometry": {"type": "LineString", "coordinates": [[30.5077969, 39.7986818], [30.5092431, 39.7990692], [30.5096522, 39.7991049], [30.5100696, 39.7991544], [30.5105716, 39.7992035]]}, "bbox": [30.5077969, 39.7986818, 30.5105716, 39.7992035]}, {"id": "959", "type": "Feature", "properties": {"name": null, "_mahalle_str": "Esentepe Mahallesi", "_hvi_str": "%59", "_aciklama_str": "Sıcaklık: yüksek<br>Ağaç örtüsü: çok düşük<br>Hastaneye uzaklık: yakın<br>Yeşil alana uzaklık: uzak<br>Yapılaşma yoğunluğu: çok yoğun<br>Nüfus yoğunluğu: seyrek<br>Yaşlı nüfus oranı: orta<br>Çocuk nüfus oranı: orta<br>Sosyoekonomik gelişmişlik: düşük"}, "geometry": {"type": "LineString", "coordinates": [[30.5150387, 39.7995725], [30.5149996, 39.7994485], [30.5149645, 39.79928], [30.5149422, 39.7990205], [30.5149012, 39.7985847], [30.5148473, 39.7982646], [30.5147447, 39.7979345]]}, "bbox": [30.5147447, 39.7979345, 30.5150387, 39.7995725]}, {"id": "961", "type": "Feature", "properties": {"name": "Gülün Sokak", "_mahalle_str": "Sütlüce Mahallesi", "_hvi_str": "%54", "_aciklama_str": "Sıcaklık: yüksek<br>Ağaç örtüsü: düşük<br>Hastaneye uzaklık: yakın<br>Yeşil alana uzaklık: uzak<br>Yapılaşma yoğunluğu: çok yoğun<br>Nüfus yoğunluğu: seyrek<br>Yaşlı nüfus oranı: orta<br>Çocuk nüfus oranı: orta<br>Sosyoekonomik gelişmişlik: düşük"}, "geometry": {"type": "LineString", "coordinates": [[30.5090525, 39.796909], [30.5091896, 39.7962748], [30.5097784, 39.7954551]]}, "bbox": [30.5090525, 39.7954551, 30.5097784, 39.796909]}, {"id": "963", "type": "Feature", "properties": {"name": "Öz Sokak", "_mahalle_str": "Sütlüce Mahallesi", "_hvi_str": "%53", "_aciklama_str": "Sıcaklık: çok yüksek<br>Ağaç örtüsü: düşük<br>Hastaneye uzaklık: orta<br>Yeşil alana uzaklık: çok yakın<br>Yapılaşma yoğunluğu: çok yoğun<br>Nüfus yoğunluğu: seyrek<br>Yaşlı nüfus oranı: orta<br>Çocuk nüfus oranı: orta<br>Sosyoekonomik gelişmişlik: düşük"}, "geometry": {"type": "LineString", "coordinates": [[30.5061673, 39.7951366], [30.5074935, 39.7953152], [30.5080119, 39.7953703]]}, "bbox": [30.5061673, 39.7951366, 30.5080119, 39.7953703]}, {"id": "964", "type": "Feature", "properties": {"name": null, "_mahalle_str": "Esentepe Mahallesi", "_hvi_str": "%53", "_aciklama_str": "Sıcaklık: orta<br>Ağaç örtüsü: düşük<br>Hastaneye uzaklık: orta<br>Yeşil alana uzaklık: yakın<br>Yapılaşma yoğunluğu: çok yoğun<br>Nüfus yoğunluğu: seyrek<br>Yaşlı nüfus oranı: orta<br>Çocuk nüfus oranı: orta<br>Sosyoekonomik gelişmişlik: düşük"}, "geometry": {"type": "LineString", "coordinates": [[30.5138379, 39.8033711], [30.5137495, 39.8019778]]}, "bbox": [30.5137495, 39.8019778, 30.5138379, 39.8033711]}, {"id": "965", "type": "Feature", "properties": {"name": null, "_mahalle_str": "Esentepe Mahallesi", "_hvi_str": "%59", "_aciklama_str": "Sıcaklık: orta<br>Ağaç örtüsü: çok düşük<br>Hastaneye uzaklık: yakın<br>Yeşil alana uzaklık: çok uzak<br>Yapılaşma yoğunluğu: çok yoğun<br>Nüfus yoğunluğu: seyrek<br>Yaşlı nüfus oranı: orta<br>Çocuk nüfus oranı: orta<br>Sosyoekonomik gelişmişlik: düşük"}, "geometry": {"type": "LineString", "coordinates": [[30.512349, 39.8004144], [30.512407, 39.7997527], [30.5124239, 39.7993201], [30.5126391, 39.7985604]]}, "bbox": [30.512349, 39.7985604, 30.5126391, 39.8004144]}, {"id": "967", "type": "Feature", "properties": {"name": null, "_mahalle_str": "Sütlüce Mahallesi", "_hvi_str": "%55", "_aciklama_str": "Sıcaklık: çok yüksek<br>Ağaç örtüsü: düşük<br>Hastaneye uzaklık: uzak<br>Yeşil alana uzaklık: orta<br>Yapılaşma yoğunluğu: çok yoğun<br>Nüfus yoğunluğu: seyrek<br>Yaşlı nüfus oranı: orta<br>Çocuk nüfus oranı: orta<br>Sosyoekonomik gelişmişlik: düşük"}, "geometry": {"type": "LineString", "coordinates": [[30.507433, 39.8012398], [30.5079553, 39.8013116], [30.5086536, 39.801404], [30.5087337, 39.8014171], [30.5092925, 39.801462], [30.5096915, 39.8015037]]}, "bbox": [30.507433, 39.8012398, 30.5096915, 39.8015037]}, {"id": "968", "type": "Feature", "properties": {"name": null, "_mahalle_str": "Sütlüce Mahallesi", "_hvi_str": "%55", "_aciklama_str": "Sıcaklık: yüksek<br>Ağaç örtüsü: çok düşük<br>Hastaneye uzaklık: orta<br>Yeşil alana uzaklık: çok uzak<br>Yapılaşma yoğunluğu: çok yoğun<br>Nüfus yoğunluğu: seyrek<br>Yaşlı nüfus oranı: orta<br>Çocuk nüfus oranı: orta<br>Sosyoekonomik gelişmişlik: düşük"}, "geometry": {"type": "LineString", "coordinates": [[30.5083389, 39.8004305], [30.5085004, 39.7998451], [30.5087156, 39.7992695]]}, "bbox": [30.5083389, 39.7992695, 30.5087156, 39.8004305]}, {"id": "971", "type": "Feature", "properties": {"name": "Denet Sokak", "_mahalle_str": "Sütlüce Mahallesi", "_hvi_str": "%57", "_aciklama_str": "Sıcaklık: çok yüksek<br>Ağaç örtüsü: çok düşük<br>Hastaneye uzaklık: uzak<br>Yeşil alana uzaklık: orta<br>Yapılaşma yoğunluğu: çok yoğun<br>Nüfus yoğunluğu: seyrek<br>Yaşlı nüfus oranı: orta<br>Çocuk nüfus oranı: orta<br>Sosyoekonomik gelişmişlik: düşük"}, "geometry": {"type": "LineString", "coordinates": [[30.5048231, 39.7946215], [30.5064385, 39.7946001]]}, "bbox": [30.5048231, 39.7946001, 30.5064385, 39.7946215]}, {"id": "972", "type": "Feature", "properties": {"name": "Özenler Sokak", "_mahalle_str": "Esentepe Mahallesi", "_hvi_str": "%53", "_aciklama_str": "Sıcaklık: orta<br>Ağaç örtüsü: çok düşük<br>Hastaneye uzaklık: uzak<br>Yeşil alana uzaklık: çok yakın<br>Yapılaşma yoğunluğu: çok yoğun<br>Nüfus yoğunluğu: seyrek<br>Yaşlı nüfus oranı: orta<br>Çocuk nüfus oranı: orta<br>Sosyoekonomik gelişmişlik: düşük"}, "geometry": {"type": "LineString", "coordinates": [[30.5109487, 39.8021906], [30.5108204, 39.8025164], [30.5106482, 39.8028976], [30.5105719, 39.8030294], [30.5103979, 39.8033809]]}, "bbox": [30.5103979, 39.8021906, 30.5109487, 39.8033809]}, {"id": "974", "type": "Feature", "properties": {"name": "Hüdaverdi Sokak", "_mahalle_str": "Sütlüce Mahallesi", "_hvi_str": "%53", "_aciklama_str": "Sıcaklık: yüksek<br>Ağaç örtüsü: düşük<br>Hastaneye uzaklık: uzak<br>Yeşil alana uzaklık: uzak<br>Yapılaşma yoğunluğu: çok yoğun<br>Nüfus yoğunluğu: seyrek<br>Yaşlı nüfus oranı: orta<br>Çocuk nüfus oranı: orta<br>Sosyoekonomik gelişmişlik: düşük"}, "geometry": {"type": "LineString", "coordinates": [[30.5047606, 39.7948532], [30.5048231, 39.7946215], [30.5049281, 39.7942766], [30.5050148, 39.7939233], [30.505017, 39.7938503], [30.5050639, 39.7936294]]}, "bbox": [30.5047606, 39.7936294, 30.5050639, 39.7948532]}, {"id": "975", "type": "Feature", "properties": {"name": "Sakinler Sokak", "_mahalle_str": "Sütlüce Mahallesi", "_hvi_str": "%54", "_aciklama_str": "Sıcaklık: yüksek<br>Ağaç örtüsü: orta<br>Hastaneye uzaklık: yakın<br>Yeşil alana uzaklık: uzak<br>Yapılaşma yoğunluğu: çok yoğun<br>Nüfus yoğunluğu: seyrek<br>Yaşlı nüfus oranı: orta<br>Çocuk nüfus oranı: orta<br>Sosyoekonomik gelişmişlik: düşük"}, "geometry": {"type": "LineString", "coordinates": [[30.5091593, 39.7973049], [30.5089811, 39.7972185], [30.5086746, 39.7971419], [30.5085197, 39.7971397]]}, "bbox": [30.5085197, 39.7971397, 30.5091593, 39.7973049]}, {"id": "976", "type": "Feature", "properties": {"name": "Kanallı Sokak", "_mahalle_str": "Sütlüce Mahallesi", "_hvi_str": "%51", "_aciklama_str": "Sıcaklık: orta<br>Ağaç örtüsü: orta<br>Hastaneye uzaklık: uzak<br>Yeşil alana uzaklık: orta<br>Yapılaşma yoğunluğu: çok yoğun<br>Nüfus yoğunluğu: seyrek<br>Yaşlı nüfus oranı: orta<br>Çocuk nüfus oranı: orta<br>Sosyoekonomik gelişmişlik: düşük"}, "geometry": {"type": "LineString", "coordinates": [[30.5068437, 39.7931572], [30.5058287, 39.7934819], [30.5055279, 39.7935448], [30.5050639, 39.7936294], [30.5042856, 39.7936995], [30.5036097, 39.7937531], [30.5033525, 39.7938273], [30.5032609, 39.7939762], [30.5032118, 39.7941212], [30.5032546, 39.7942097], [30.5032671, 39.7942356], [30.5034739, 39.794424], [30.5038317, 39.7945307], [30.5040425, 39.7945982], [30.5043402, 39.7946935], [30.504448, 39.7947344], [30.5047606, 39.7948532], [30.5051761, 39.7949855], [30.5052618, 39.7950236], [30.5053799, 39.7950762], [30.5055427, 39.7952571], [30.5056071, 39.7955374], [30.5056286, 39.7959207], [30.5057179, 39.7960159]]}, "bbox": [30.5032118, 39.7931572, 30.5068437, 39.7960159]}, {"id": "977", "type": "Feature", "properties": {"name": "Şener Sokak", "_mahalle_str": "Sütlüce Mahallesi", "_hvi_str": "%51", "_aciklama_str": "Sıcaklık: yüksek<br>Ağaç örtüsü: çok düşük<br>Hastaneye uzaklık: orta<br>Yeşil alana uzaklık: yakın<br>Yapılaşma yoğunluğu: çok yoğun<br>Nüfus yoğunluğu: seyrek<br>Yaşlı nüfus oranı: orta<br>Çocuk nüfus oranı: orta<br>Sosyoekonomik gelişmişlik: düşük"}, "geometry": {"type": "LineString", "coordinates": [[30.5082669, 39.7948112], [30.5085927, 39.7943528], [30.5089455, 39.7938632]]}, "bbox": [30.5082669, 39.7938632, 30.5089455, 39.7948112]}, {"id": "978", "type": "Feature", "properties": {"name": "İyiler Sokak", "_mahalle_str": "Esentepe Mahallesi", "_hvi_str": "%55", "_aciklama_str": "Sıcaklık: yüksek<br>Ağaç örtüsü: orta<br>Hastaneye uzaklık: yakın<br>Yeşil alana uzaklık: uzak<br>Yapılaşma yoğunluğu: çok yoğun<br>Nüfus yoğunluğu: seyrek<br>Yaşlı nüfus oranı: orta<br>Çocuk nüfus oranı: orta<br>Sosyoekonomik gelişmişlik: düşük"}, "geometry": {"type": "LineString", "coordinates": [[30.5131135, 39.7955696], [30.5135562, 39.7959381], [30.5137466, 39.7961916], [30.5141678, 39.796739], [30.5143169, 39.7968964], [30.5145929, 39.7972595], [30.5147851, 39.797548], [30.5150701, 39.7978787]]}, "bbox": [30.5131135, 39.7955696, 30.5150701, 39.7978787]}, {"id": "979", "type": "Feature", "properties": {"name": "Ulubatlı Hasan Sokak", "_mahalle_str": "Esentepe Mahallesi", "_hvi_str": "%51", "_aciklama_str": "Sıcaklık: orta<br>Ağaç örtüsü: düşük<br>Hastaneye uzaklık: uzak<br>Yeşil alana uzaklık: çok yakın<br>Yapılaşma yoğunluğu: çok yoğun<br>Nüfus yoğunluğu: seyrek<br>Yaşlı nüfus oranı: orta<br>Çocuk nüfus oranı: orta<br>Sosyoekonomik gelişmişlik: düşük"}, "geometry": {"type": "LineString", "coordinates": [[30.5095037, 39.8041401], [30.508423, 39.8036003]]}, "bbox": [30.508423, 39.8036003, 30.5095037, 39.8041401]}, {"id": "980", "type": "Feature", "properties": {"name": "Cesur Sokak", "_mahalle_str": "Sütlüce Mahallesi", "_hvi_str": "%54", "_aciklama_str": "Sıcaklık: yüksek<br>Ağaç örtüsü: çok düşük<br>Hastaneye uzaklık: orta<br>Yeşil alana uzaklık: orta<br>Yapılaşma yoğunluğu: çok yoğun<br>Nüfus yoğunluğu: seyrek<br>Yaşlı nüfus oranı: orta<br>Çocuk nüfus oranı: orta<br>Sosyoekonomik gelişmişlik: düşük"}, "geometry": {"type": "LineString", "coordinates": [[30.5058193, 39.797409], [30.5058842, 39.7974255], [30.5063657, 39.7975131], [30.5069605, 39.7976768], [30.5073111, 39.7977882], [30.5080125, 39.79786]]}, "bbox": [30.5058193, 39.797409, 30.5080125, 39.79786]}, {"id": "982", "type": "Feature", "properties": {"name": null, "_mahalle_str": "Sütlüce Mahallesi", "_hvi_str": "%56", "_aciklama_str": "Sıcaklık: orta<br>Ağaç örtüsü: çok düşük<br>Hastaneye uzaklık: yakın<br>Yeşil alana uzaklık: uzak<br>Yapılaşma yoğunluğu: çok yoğun<br>Nüfus yoğunluğu: seyrek<br>Yaşlı nüfus oranı: orta<br>Çocuk nüfus oranı: orta<br>Sosyoekonomik gelişmişlik: düşük"}, "geometry": {"type": "LineString", "coordinates": [[30.5077155, 39.7990593], [30.5082414, 39.7991566], [30.5087156, 39.7992695], [30.5091631, 39.7993731]]}, "bbox": [30.5077155, 39.7990593, 30.5091631, 39.7993731]}, {"id": "983", "type": "Feature", "properties": {"name": "Yüce Sokak", "_mahalle_str": "Esentepe Mahallesi", "_hvi_str": "%59", "_aciklama_str": "Sıcaklık: orta<br>Ağaç örtüsü: çok düşük<br>Hastaneye uzaklık: yakın<br>Yeşil alana uzaklık: çok uzak<br>Yapılaşma yoğunluğu: çok yoğun<br>Nüfus yoğunluğu: seyrek<br>Yaşlı nüfus oranı: orta<br>Çocuk nüfus oranı: orta<br>Sosyoekonomik gelişmişlik: düşük"}, "geometry": {"type": "LineString", "coordinates": [[30.5128493, 39.8004394], [30.512849, 39.799728], [30.5129495, 39.79862], [30.5130568, 39.7981315], [30.5131467, 39.7978267], [30.5132532, 39.797334], [30.5133057, 39.7968362]]}, "bbox": [30.512849, 39.7968362, 30.5133057, 39.8004394]}, {"id": "984", "type": "Feature", "properties": {"name": null, "_mahalle_str": "Esentepe Mahallesi", "_hvi_str": "%56", "_aciklama_str": "Sıcaklık: yüksek<br>Ağaç örtüsü: düşük<br>Hastaneye uzaklık: çok yakın<br>Yeşil alana uzaklık: çok uzak<br>Yapılaşma yoğunluğu: çok yoğun<br>Nüfus yoğunluğu: seyrek<br>Yaşlı nüfus oranı: orta<br>Çocuk nüfus oranı: orta<br>Sosyoekonomik gelişmişlik: düşük"}, "geometry": {"type": "LineString", "coordinates": [[30.5119621, 39.7979077], [30.5120618, 39.7975889]]}, "bbox": [30.5119621, 39.7975889, 30.5120618, 39.7979077]}, {"id": "985", "type": "Feature", "properties": {"name": null, "_mahalle_str": "Esentepe Mahallesi", "_hvi_str": "%60", "_aciklama_str": "Sıcaklık: yüksek<br>Ağaç örtüsü: çok düşük<br>Hastaneye uzaklık: çok yakın<br>Yeşil alana uzaklık: uzak<br>Yapılaşma yoğunluğu: çok yoğun<br>Nüfus yoğunluğu: seyrek<br>Yaşlı nüfus oranı: orta<br>Çocuk nüfus oranı: orta<br>Sosyoekonomik gelişmişlik: düşük"}, "geometry": {"type": "LineString", "coordinates": [[30.514261, 39.7996337], [30.5145585, 39.7996385], [30.5150387, 39.7995725], [30.5156407, 39.7994828]]}, "bbox": [30.514261, 39.7994828, 30.5156407, 39.7996385]}, {"id": "986", "type": "Feature", "properties": {"name": null, "_mahalle_str": "Sütlüce Mahallesi", "_hvi_str": "%50", "_aciklama_str": "Sıcaklık: düşük<br>Ağaç örtüsü: orta<br>Hastaneye uzaklık: uzak<br>Yeşil alana uzaklık: yakın<br>Yapılaşma yoğunluğu: çok yoğun<br>Nüfus yoğunluğu: seyrek<br>Yaşlı nüfus oranı: orta<br>Çocuk nüfus oranı: orta<br>Sosyoekonomik gelişmişlik: düşük"}, "geometry": {"type": "LineString", "coordinates": [[30.5074986, 39.8029292], [30.5070845, 39.8029565], [30.5069651, 39.8029664], [30.506829, 39.8029808], [30.5066301, 39.8029925]]}, "bbox": [30.5066301, 39.8029292, 30.5074986, 39.8029925]}, {"id": "989", "type": "Feature", "properties": {"name": null, "_mahalle_str": "Esentepe Mahallesi", "_hvi_str": "%56", "_aciklama_str": "Sıcaklık: orta<br>Ağaç örtüsü: çok düşük<br>Hastaneye uzaklık: yakın<br>Yeşil alana uzaklık: uzak<br>Yapılaşma yoğunluğu: çok yoğun<br>Nüfus yoğunluğu: seyrek<br>Yaşlı nüfus oranı: orta<br>Çocuk nüfus oranı: orta<br>Sosyoekonomik gelişmişlik: düşük"}, "geometry": {"type": "LineString", "coordinates": [[30.5105682, 39.7993276], [30.5109984, 39.7994291], [30.5114554, 39.799516]]}, "bbox": [30.5105682, 39.7993276, 30.5114554, 39.799516]}, {"id": "990", "type": "Feature", "properties": {"name": "İnce Elli Sokak", "_mahalle_str": "Sütlüce Mahallesi", "_hvi_str": "%53", "_aciklama_str": "Sıcaklık: yüksek<br>Ağaç örtüsü: düşük<br>Hastaneye uzaklık: yakın<br>Yeşil alana uzaklık: orta<br>Yapılaşma yoğunluğu: çok yoğun<br>Nüfus yoğunluğu: seyrek<br>Yaşlı nüfus oranı: orta<br>Çocuk nüfus oranı: orta<br>Sosyoekonomik gelişmişlik: düşük"}, "geometry": {"type": "LineString", "coordinates": [[30.507944, 39.7967867], [30.5080267, 39.7966238], [30.5081542, 39.7963806], [30.5083569, 39.795701], [30.5085074, 39.7954087], [30.5087953, 39.7950317]]}, "bbox": [30.507944, 39.7950317, 30.5087953, 39.7967867]}, {"id": "991", "type": "Feature", "properties": {"name": null, "_mahalle_str": "Esentepe Mahallesi", "_hvi_str": "%52", "_aciklama_str": "Sıcaklık: yüksek<br>Ağaç örtüsü: orta<br>Hastaneye uzaklık: çok yakın<br>Yeşil alana uzaklık: uzak<br>Yapılaşma yoğunluğu: çok yoğun<br>Nüfus yoğunluğu: seyrek<br>Yaşlı nüfus oranı: orta<br>Çocuk nüfus oranı: orta<br>Sosyoekonomik gelişmişlik: düşük"}, "geometry": {"type": "LineString", "coordinates": [[30.5127611, 39.7966865], [30.5129903, 39.7961977]]}, "bbox": [30.5127611, 39.7961977, 30.5129903, 39.7966865]}, {"id": "996", "type": "Feature", "properties": {"name": "Meral Sokak", "_mahalle_str": "Sütlüce Mahallesi", "_hvi_str": "%51", "_aciklama_str": "Sıcaklık: yüksek<br>Ağaç örtüsü: çok düşük<br>Hastaneye uzaklık: çok yakın<br>Yeşil alana uzaklık: orta<br>Yapılaşma yoğunluğu: çok yoğun<br>Nüfus yoğunluğu: seyrek<br>Yaşlı nüfus oranı: orta<br>Çocuk nüfus oranı: orta<br>Sosyoekonomik gelişmişlik: düşük"}, "geometry": {"type": "LineString", "coordinates": [[30.5123579, 39.7955543], [30.5117913, 39.7952678], [30.5113207, 39.7950561], [30.5108975, 39.7948245], [30.510418, 39.794598], [30.5099776, 39.794352], [30.5094329, 39.7941236]]}, "bbox": [30.5094329, 39.7941236, 30.5123579, 39.7955543]}, {"id": "999", "type": "Feature", "properties": {"name": "Mizan Sokak", "_mahalle_str": "Esentepe Mahallesi", "_hvi_str": "%56", "_aciklama_str": "Sıcaklık: yüksek<br>Ağaç örtüsü: çok düşük<br>Hastaneye uzaklık: orta<br>Yeşil alana uzaklık: çok yakın<br>Yapılaşma yoğunluğu: çok yoğun<br>Nüfus yoğunluğu: seyrek<br>Yaşlı nüfus oranı: orta<br>Çocuk nüfus oranı: orta<br>Sosyoekonomik gelişmişlik: düşük"}, "geometry": {"type": "LineString", "coordinates": [[30.5096489, 39.8016584], [30.5113796, 39.8017907], [30.5118442, 39.801826], [30.5124625, 39.8018525]]}, "bbox": [30.5096489, 39.8016584, 30.5124625, 39.8018525]}, {"id": "1000", "type": "Feature", "properties": {"name": null, "_mahalle_str": "Esentepe Mahallesi", "_hvi_str": "%53", "_aciklama_str": "Sıcaklık: yüksek<br>Ağaç örtüsü: düşük<br>Hastaneye uzaklık: orta<br>Yeşil alana uzaklık: yakın<br>Yapılaşma yoğunluğu: çok yoğun<br>Nüfus yoğunluğu: seyrek<br>Yaşlı nüfus oranı: orta<br>Çocuk nüfus oranı: orta<br>Sosyoekonomik gelişmişlik: düşük"}, "geometry": {"type": "LineString", "coordinates": [[30.5141068, 39.8020109], [30.5141992, 39.8033568]]}, "bbox": [30.5141068, 39.8020109, 30.5141992, 39.8033568]}, {"id": "1001", "type": "Feature", "properties": {"name": "Gökdere Sokak", "_mahalle_str": "Sütlüce Mahallesi", "_hvi_str": "%52", "_aciklama_str": "Sıcaklık: yüksek<br>Ağaç örtüsü: düşük<br>Hastaneye uzaklık: çok yakın<br>Yeşil alana uzaklık: uzak<br>Yapılaşma yoğunluğu: çok yoğun<br>Nüfus yoğunluğu: seyrek<br>Yaşlı nüfus oranı: orta<br>Çocuk nüfus oranı: orta<br>Sosyoekonomik gelişmişlik: düşük"}, "geometry": {"type": "LineString", "coordinates": [[30.50878, 39.7985362], [30.5089442, 39.7977715], [30.5091593, 39.7973049], [30.5093665, 39.7970095], [30.5095464, 39.7967049], [30.5097928, 39.7962959], [30.5102592, 39.795669], [30.5108975, 39.7948245], [30.5113868, 39.7941393]]}, "bbox": [30.50878, 39.7941393, 30.5113868, 39.7985362]}, {"id": "1003", "type": "Feature", "properties": {"name": null, "_mahalle_str": "Esentepe Mahallesi", "_hvi_str": "%57", "_aciklama_str": "Sıcaklık: orta<br>Ağaç örtüsü: düşük<br>Hastaneye uzaklık: yakın<br>Yeşil alana uzaklık: uzak<br>Yapılaşma yoğunluğu: çok yoğun<br>Nüfus yoğunluğu: seyrek<br>Yaşlı nüfus oranı: orta<br>Çocuk nüfus oranı: orta<br>Sosyoekonomik gelişmişlik: düşük"}, "geometry": {"type": "LineString", "coordinates": [[30.5157194, 39.7977478], [30.5150701, 39.7978787], [30.5147447, 39.7979345], [30.5144076, 39.7979882]]}, "bbox": [30.5144076, 39.7977478, 30.5157194, 39.7979882]}, {"id": "1005", "type": "Feature", "properties": {"name": "Mercan Dağı Sokak", "_mahalle_str": "Sütlüce Mahallesi", "_hvi_str": "%53", "_aciklama_str": "Sıcaklık: yüksek<br>Ağaç örtüsü: çok düşük<br>Hastaneye uzaklık: orta<br>Yeşil alana uzaklık: çok yakın<br>Yapılaşma yoğunluğu: çok yoğun<br>Nüfus yoğunluğu: seyrek<br>Yaşlı nüfus oranı: orta<br>Çocuk nüfus oranı: orta<br>Sosyoekonomik gelişmişlik: düşük"}, "geometry": {"type": "LineString", "coordinates": [[30.5058295, 39.7957655], [30.5062234, 39.7958196], [30.5070522, 39.7959335], [30.5075443, 39.7960012], [30.5079843, 39.7960616]]}, "bbox": [30.5058295, 39.7957655, 30.5079843, 39.7960616]}, {"id": "1006", "type": "Feature", "properties": {"name": "Camitepe Sokak", "_mahalle_str": "Sütlüce Mahallesi", "_hvi_str": "%53", "_aciklama_str": "Sıcaklık: orta<br>Ağaç örtüsü: orta<br>Hastaneye uzaklık: uzak<br>Yeşil alana uzaklık: yakın<br>Yapılaşma yoğunluğu: çok yoğun<br>Nüfus yoğunluğu: seyrek<br>Yaşlı nüfus oranı: orta<br>Çocuk nüfus oranı: orta<br>Sosyoekonomik gelişmişlik: düşük"}, "geometry": {"type": "LineString", "coordinates": [[30.5074938, 39.8030016], [30.5077309, 39.8029715], [30.5080165, 39.802953], [30.5082638, 39.8029704], [30.5086913, 39.8030497], [30.5088741, 39.8030977]]}, "bbox": [30.5074938, 39.802953, 30.5088741, 39.8030977]}, {"id": "1008", "type": "Feature", "properties": {"name": "Demirkapı Sokak", "_mahalle_str": "Sütlüce Mahallesi", "_hvi_str": "%54", "_aciklama_str": "Sıcaklık: yüksek<br>Ağaç örtüsü: çok düşük<br>Hastaneye uzaklık: çok yakın<br>Yeşil alana uzaklık: uzak<br>Yapılaşma yoğunluğu: çok yoğun<br>Nüfus yoğunluğu: seyrek<br>Yaşlı nüfus oranı: orta<br>Çocuk nüfus oranı: orta<br>Sosyoekonomik gelişmişlik: düşük"}, "geometry": {"type": "LineString", "coordinates": [[30.5080202, 39.7947173], [30.5082669, 39.7948112], [30.5087953, 39.7950317], [30.5093233, 39.7952478], [30.5097784, 39.7954551], [30.5102592, 39.795669], [30.510752, 39.7958724], [30.5112236, 39.7960697], [30.511882, 39.7963685]]}, "bbox": [30.5080202, 39.7947173, 30.511882, 39.7963685]}, {"id": "1009", "type": "Feature", "properties": {"name": "Egemenlik Sokak", "_mahalle_str": "Esentepe Mahallesi", "_hvi_str": "%57", "_aciklama_str": "Sıcaklık: yüksek<br>Ağaç örtüsü: düşük<br>Hastaneye uzaklık: yakın<br>Yeşil alana uzaklık: uzak<br>Yapılaşma yoğunluğu: çok yoğun<br>Nüfus yoğunluğu: seyrek<br>Yaşlı nüfus oranı: orta<br>Çocuk nüfus oranı: orta<br>Sosyoekonomik gelişmişlik: düşük"}, "geometry": {"type": "LineString", "coordinates": [[30.5097637, 39.8013476], [30.5114147, 39.8014978], [30.511965, 39.8015479], [30.512543, 39.8016138], [30.5130079, 39.8016339], [30.5134686, 39.8016407], [30.5141105, 39.8016652], [30.5146566, 39.8016683], [30.5155133, 39.8015096], [30.5156264, 39.8014838], [30.5159737, 39.8014039], [30.5165585, 39.8012733], [30.5169005, 39.8011866], [30.5172298, 39.8011018], [30.517554, 39.8010162], [30.5179578, 39.8009406]]}, "bbox": [30.5097637, 39.8009406, 30.5179578, 39.8016683]}, {"id": "1011", "type": "Feature", "properties": {"name": "Köşe Sokak", "_mahalle_str": "Esentepe Mahallesi", "_hvi_str": "%57", "_aciklama_str": "Sıcaklık: yüksek<br>Ağaç örtüsü: düşük<br>Hastaneye uzaklık: orta<br>Yeşil alana uzaklık: yakın<br>Yapılaşma yoğunluğu: çok yoğun<br>Nüfus yoğunluğu: seyrek<br>Yaşlı nüfus oranı: orta<br>Çocuk nüfus oranı: orta<br>Sosyoekonomik gelişmişlik: düşük"}, "geometry": {"type": "LineString", "coordinates": [[30.5115289, 39.8003206], [30.5114914, 39.800708], [30.5114531, 39.8010937], [30.5114147, 39.8014978], [30.5113796, 39.8017907], [30.5112891, 39.8023948]]}, "bbox": [30.5112891, 39.8003206, 30.5115289, 39.8023948]}, {"id": "1013", "type": "Feature", "properties": {"name": "Şafak Bey Sokak", "_mahalle_str": "Sütlüce Mahallesi", "_hvi_str": "%55", "_aciklama_str": "Sıcaklık: yüksek<br>Ağaç örtüsü: çok düşük<br>Hastaneye uzaklık: çok yakın<br>Yeşil alana uzaklık: uzak<br>Yapılaşma yoğunluğu: çok yoğun<br>Nüfus yoğunluğu: seyrek<br>Yaşlı nüfus oranı: orta<br>Çocuk nüfus oranı: orta<br>Sosyoekonomik gelişmişlik: düşük"}, "geometry": {"type": "LineString", "coordinates": [[30.5108888, 39.7976169], [30.5093665, 39.7970095], [30.5090525, 39.796909]]}, "bbox": [30.5090525, 39.796909, 30.5108888, 39.7976169]}, {"id": "1015", "type": "Feature", "properties": {"name": "Parlar Sokak", "_mahalle_str": "Sütlüce Mahallesi", "_hvi_str": "%56", "_aciklama_str": "Sıcaklık: yüksek<br>Ağaç örtüsü: düşük<br>Hastaneye uzaklık: çok yakın<br>Yeşil alana uzaklık: uzak<br>Yapılaşma yoğunluğu: çok yoğun<br>Nüfus yoğunluğu: seyrek<br>Yaşlı nüfus oranı: orta<br>Çocuk nüfus oranı: orta<br>Sosyoekonomik gelişmişlik: düşük"}, "geometry": {"type": "LineString", "coordinates": [[30.5089442, 39.7977715], [30.5093819, 39.7978893], [30.5098135, 39.7980215], [30.5102194, 39.7981379], [30.5106308, 39.7982587]]}, "bbox": [30.5089442, 39.7977715, 30.5106308, 39.7982587]}, {"id": "1016", "type": "Feature", "properties": {"name": null, "_mahalle_str": "Esentepe Mahallesi", "_hvi_str": "%55", "_aciklama_str": "Sıcaklık: yüksek<br>Ağaç örtüsü: düşük<br>Hastaneye uzaklık: çok yakın<br>Yeşil alana uzaklık: uzak<br>Yapılaşma yoğunluğu: çok yoğun<br>Nüfus yoğunluğu: seyrek<br>Yaşlı nüfus oranı: orta<br>Çocuk nüfus oranı: orta<br>Sosyoekonomik gelişmişlik: düşük"}, "geometry": {"type": "LineString", "coordinates": [[30.5137797, 39.7968306], [30.5135509, 39.7965885], [30.5134489, 39.7962856]]}, "bbox": [30.5134489, 39.7962856, 30.5137797, 39.7968306]}, {"id": "1017", "type": "Feature", "properties": {"name": null, "_mahalle_str": "Sütlüce Mahallesi", "_hvi_str": "%52", "_aciklama_str": "Sıcaklık: orta<br>Ağaç örtüsü: düşük<br>Hastaneye uzaklık: uzak<br>Yeşil alana uzaklık: çok yakın<br>Yapılaşma yoğunluğu: çok yoğun<br>Nüfus yoğunluğu: seyrek<br>Yaşlı nüfus oranı: orta<br>Çocuk nüfus oranı: orta<br>Sosyoekonomik gelişmişlik: düşük"}, "geometry": {"type": "LineString", "coordinates": [[30.5074318, 39.8035957], [30.508285, 39.8037206]]}, "bbox": [30.5074318, 39.8035957, 30.508285, 39.8037206]}, {"id": "1020", "type": "Feature", "properties": {"name": null, "_mahalle_str": "Esentepe Mahallesi", "_hvi_str": "%51", "_aciklama_str": "Sıcaklık: yüksek<br>Ağaç örtüsü: orta<br>Hastaneye uzaklık: orta<br>Yeşil alana uzaklık: yakın<br>Yapılaşma yoğunluğu: çok yoğun<br>Nüfus yoğunluğu: seyrek<br>Yaşlı nüfus oranı: orta<br>Çocuk nüfus oranı: orta<br>Sosyoekonomik gelişmişlik: düşük"}, "geometry": {"type": "LineString", "coordinates": [[30.5145705, 39.803814], [30.5145511, 39.8033455], [30.5144613, 39.8022742], [30.5144251, 39.8020427]]}, "bbox": [30.5144251, 39.8020427, 30.5145705, 39.803814]}, {"id": "1023", "type": "Feature", "properties": {"name": "Lüleciler Sokak", "_mahalle_str": "Esentepe Mahallesi", "_hvi_str": "%55", "_aciklama_str": "Sıcaklık: orta<br>Ağaç örtüsü: orta<br>Hastaneye uzaklık: çok yakın<br>Yeşil alana uzaklık: orta<br>Yapılaşma yoğunluğu: çok yoğun<br>Nüfus yoğunluğu: seyrek<br>Yaşlı nüfus oranı: orta<br>Çocuk nüfus oranı: orta<br>Sosyoekonomik gelişmişlik: düşük"}, "geometry": {"type": "LineString", "coordinates": [[30.5168102, 39.8022561], [30.5167134, 39.8019067], [30.51664, 39.8015908], [30.5165585, 39.8012733]]}, "bbox": [30.5165585, 39.8012733, 30.5168102, 39.8022561]}, {"id": "1024", "type": "Feature", "properties": {"name": "Kalyoncu Sokak", "_mahalle_str": "Sütlüce Mahallesi", "_hvi_str": "%56", "_aciklama_str": "Sıcaklık: yüksek<br>Ağaç örtüsü: düşük<br>Hastaneye uzaklık: yakın<br>Yeşil alana uzaklık: uzak<br>Yapılaşma yoğunluğu: çok yoğun<br>Nüfus yoğunluğu: seyrek<br>Yaşlı nüfus oranı: orta<br>Çocuk nüfus oranı: orta<br>Sosyoekonomik gelişmişlik: düşük"}, "geometry": {"type": "LineString", "coordinates": [[30.5091907, 39.7986084], [30.5093819, 39.7978893]]}, "bbox": [30.5091907, 39.7978893, 30.5093819, 39.7986084]}, {"id": "1025", "type": "Feature", "properties": {"name": "Uyum Sokak", "_mahalle_str": "Sütlüce Mahallesi", "_hvi_str": "%55", "_aciklama_str": "Sıcaklık: yüksek<br>Ağaç örtüsü: düşük<br>Hastaneye uzaklık: çok yakın<br>Yeşil alana uzaklık: çok uzak<br>Yapılaşma yoğunluğu: çok yoğun<br>Nüfus yoğunluğu: seyrek<br>Yaşlı nüfus oranı: orta<br>Çocuk nüfus oranı: orta<br>Sosyoekonomik gelişmişlik: düşük"}, "geometry": {"type": "LineString", "coordinates": [[30.5111637, 39.7973], [30.5105503, 39.797061], [30.5100399, 39.7968743], [30.5095464, 39.7967049]]}, "bbox": [30.5095464, 39.7967049, 30.5111637, 39.7973]}, {"id": "1046", "type": "Feature", "properties": {"name": null, "_mahalle_str": "Şirintepe Mahallesi", "_hvi_str": "%52", "_aciklama_str": "Sıcaklık: yüksek<br>Ağaç örtüsü: düşük<br>Hastaneye uzaklık: orta<br>Yeşil alana uzaklık: orta<br>Yapılaşma yoğunluğu: çok yoğun<br>Nüfus yoğunluğu: seyrek<br>Yaşlı nüfus oranı: orta<br>Çocuk nüfus oranı: orta<br>Sosyoekonomik gelişmişlik: düşük"}, "geometry": {"type": "LineString", "coordinates": [[30.4816689, 39.7917515], [30.4812706, 39.7923542], [30.4809223, 39.7927592], [30.4808696, 39.7928603], [30.480691, 39.7930822], [30.480527, 39.7932631], [30.4804735, 39.7933429], [30.4803516, 39.7935068], [30.4801867, 39.7937374], [30.479904, 39.7942122]]}, "bbox": [30.479904, 39.7917515, 30.4816689, 39.7942122]}, {"id": "1049", "type": "Feature", "properties": {"name": "Köy Yolu Sokak", "_mahalle_str": "Şirintepe Mahallesi", "_hvi_str": "%56", "_aciklama_str": "Sıcaklık: yüksek<br>Ağaç örtüsü: çok düşük<br>Hastaneye uzaklık: orta<br>Yeşil alana uzaklık: orta<br>Yapılaşma yoğunluğu: çok yoğun<br>Nüfus yoğunluğu: seyrek<br>Yaşlı nüfus oranı: orta<br>Çocuk nüfus oranı: orta<br>Sosyoekonomik gelişmişlik: düşük"}, "geometry": {"type": "LineString", "coordinates": [[30.4775865, 39.7936228], [30.4778903, 39.7936782], [30.4780421, 39.7937118], [30.4781303, 39.7937343], [30.4783904, 39.7937996], [30.4785899, 39.7938478], [30.4789793, 39.7939651], [30.4793836, 39.7940793], [30.4795075, 39.7941089], [30.4796797, 39.794149], [30.479904, 39.7942122], [30.4801095, 39.7942713], [30.4804652, 39.7943253], [30.480551, 39.7943377], [30.4806273, 39.7943518], [30.4808752, 39.7943955], [30.4813917, 39.7944312], [30.4817002, 39.7944512], [30.4821893, 39.794502], [30.4830479, 39.7946354], [30.4835414, 39.7946968], [30.4838127, 39.7947414], [30.4838748, 39.7947519], [30.484143, 39.7947948], [30.4842377, 39.7948102], [30.4846932, 39.7948864]]}, "bbox": [30.4775865, 39.7936228, 30.4846932, 39.7948864]}, {"id": "1083", "type": "Feature", "properties": {"name": "Erkara Sokak", "_mahalle_str": "Şirintepe Mahallesi", "_hvi_str": "%53", "_aciklama_str": "Sıcaklık: yüksek<br>Ağaç örtüsü: düşük<br>Hastaneye uzaklık: orta<br>Yeşil alana uzaklık: uzak<br>Yapılaşma yoğunluğu: çok yoğun<br>Nüfus yoğunluğu: seyrek<br>Yaşlı nüfus oranı: orta<br>Çocuk nüfus oranı: orta<br>Sosyoekonomik gelişmişlik: düşük"}, "geometry": {"type": "LineString", "coordinates": [[30.4850186, 39.7978884], [30.4847539, 39.7978674], [30.4843578, 39.7978643], [30.4839287, 39.797883], [30.4834618, 39.7979057], [30.4832902, 39.7979016], [30.4830544, 39.7978976], [30.4828439, 39.7978943], [30.4827231, 39.7978901], [30.4825962, 39.7978807], [30.4824386, 39.7978732], [30.4822384, 39.7978536], [30.4817639, 39.7978069]]}, "bbox": [30.4817639, 39.7978069, 30.4850186, 39.7979057]}, {"id": "1170", "type": "Feature", "properties": {"name": null, "_mahalle_str": "Karapınar Mahallesi", "_hvi_str": "%52", "_aciklama_str": "Sıcaklık: orta<br>Ağaç örtüsü: orta<br>Hastaneye uzaklık: uzak<br>Yeşil alana uzaklık: uzak<br>Yapılaşma yoğunluğu: çok yoğun<br>Nüfus yoğunluğu: çok yoğun<br>Yaşlı nüfus oranı: orta<br>Çocuk nüfus oranı: orta<br>Sosyoekonomik gelişmişlik: çok yüksek"}, "geometry": {"type": "LineString", "coordinates": [[30.5320592, 39.7616866], [30.5319374, 39.761558], [30.5318118, 39.7614772], [30.5315701, 39.7613119], [30.5313231, 39.7612228], [30.531214, 39.7611741], [30.5306007, 39.7609864], [30.5305284, 39.7609524], [30.5305087, 39.7609503], [30.5303889, 39.7609317], [30.5302695, 39.760929], [30.5302065, 39.7609276], [30.5300648, 39.7609763], [30.5299544, 39.7610142], [30.5297787, 39.7612131], [30.5296701, 39.7612823], [30.5296104, 39.7613045], [30.5294652, 39.7612995], [30.5291368, 39.7612507], [30.5290245, 39.7612093]]}, "bbox": [30.5290245, 39.7609276, 30.5320592, 39.7616866]}, {"id": "1231", "type": "Feature", "properties": {"name": "Gümüşlü Sokak", "_mahalle_str": "Yenidoğan Mahallesi", "_hvi_str": "%53", "_aciklama_str": "Sıcaklık: yüksek<br>Ağaç örtüsü: düşük<br>Hastaneye uzaklık: orta<br>Yeşil alana uzaklık: uzak<br>Yapılaşma yoğunluğu: çok yoğun<br>Nüfus yoğunluğu: çok yoğun<br>Yaşlı nüfus oranı: orta<br>Çocuk nüfus oranı: orta<br>Sosyoekonomik gelişmişlik: çok yüksek"}, "geometry": {"type": "LineString", "coordinates": [[30.5490333, 39.7629877], [30.5496682, 39.7630062], [30.5500222, 39.7629732], [30.5504138, 39.7629031], [30.5509745, 39.7627669]]}, "bbox": [30.5490333, 39.7627669, 30.5509745, 39.7630062]}, {"id": "1232", "type": "Feature", "properties": {"name": "Er Sokak", "_mahalle_str": "Huzur Mahallesi", "_hvi_str": "%55", "_aciklama_str": "Sıcaklık: çok yüksek<br>Ağaç örtüsü: düşük<br>Hastaneye uzaklık: orta<br>Yeşil alana uzaklık: uzak<br>Yapılaşma yoğunluğu: çok yoğun<br>Nüfus yoğunluğu: çok yoğun<br>Yaşlı nüfus oranı: orta<br>Çocuk nüfus oranı: orta<br>Sosyoekonomik gelişmişlik: çok yüksek"}, "geometry": {"type": "LineString", "coordinates": [[30.5505212, 39.7614639], [30.548688, 39.7621813], [30.5481755, 39.7623676], [30.5472542, 39.7626434], [30.5466806, 39.7628125]]}, "bbox": [30.5466806, 39.7614639, 30.5505212, 39.7628125]}, {"id": "1233", "type": "Feature", "properties": {"name": "Özkardeş Sokak", "_mahalle_str": "Yenidoğan Mahallesi", "_hvi_str": "%54", "_aciklama_str": "Sıcaklık: yüksek<br>Ağaç örtüsü: çok düşük<br>Hastaneye uzaklık: orta<br>Yeşil alana uzaklık: uzak<br>Yapılaşma yoğunluğu: çok yoğun<br>Nüfus yoğunluğu: çok yoğun<br>Yaşlı nüfus oranı: orta<br>Çocuk nüfus oranı: orta<br>Sosyoekonomik gelişmişlik: çok yüksek"}, "geometry": {"type": "LineString", "coordinates": [[30.5482057, 39.7641832], [30.5490057, 39.7641922], [30.5513085, 39.7642542]]}, "bbox": [30.5482057, 39.7641832, 30.5513085, 39.7642542]}, {"id": "1234", "type": "Feature", "properties": {"name": "Taşıt Sokak", "_mahalle_str": "Yenidoğan Mahallesi", "_hvi_str": "%56", "_aciklama_str": "Sıcaklık: çok yüksek<br>Ağaç örtüsü: çok düşük<br>Hastaneye uzaklık: uzak<br>Yeşil alana uzaklık: uzak<br>Yapılaşma yoğunluğu: çok yoğun<br>Nüfus yoğunluğu: çok yoğun<br>Yaşlı nüfus oranı: orta<br>Çocuk nüfus oranı: orta<br>Sosyoekonomik gelişmişlik: çok yüksek"}, "geometry": {"type": "LineString", "coordinates": [[30.5484523, 39.7635882], [30.5490202, 39.7635971], [30.5498935, 39.7636371], [30.5503494, 39.7636248], [30.5507518, 39.7635753], [30.5511901, 39.7634883]]}, "bbox": [30.5484523, 39.7634883, 30.5511901, 39.7636371]}, {"id": "1236", "type": "Feature", "properties": {"name": "Fatih Bey Sokak", "_mahalle_str": "Yenidoğan Mahallesi", "_hvi_str": "%55", "_aciklama_str": "Sıcaklık: yüksek<br>Ağaç örtüsü: düşük<br>Hastaneye uzaklık: orta<br>Yeşil alana uzaklık: uzak<br>Yapılaşma yoğunluğu: çok yoğun<br>Nüfus yoğunluğu: çok yoğun<br>Yaşlı nüfus oranı: orta<br>Çocuk nüfus oranı: orta<br>Sosyoekonomik gelişmişlik: çok yüksek"}, "geometry": {"type": "LineString", "coordinates": [[30.5484263, 39.763879], [30.549016, 39.76388], [30.5512306, 39.7639479]]}, "bbox": [30.5484263, 39.763879, 30.5512306, 39.7639479]}, {"id": "1241", "type": "Feature", "properties": {"name": "Çeşmeler Sokak", "_mahalle_str": "Yenidoğan Mahallesi", "_hvi_str": "%53", "_aciklama_str": "Sıcaklık: çok yüksek<br>Ağaç örtüsü: çok düşük<br>Hastaneye uzaklık: orta<br>Yeşil alana uzaklık: uzak<br>Yapılaşma yoğunluğu: çok yoğun<br>Nüfus yoğunluğu: çok yoğun<br>Yaşlı nüfus oranı: orta<br>Çocuk nüfus oranı: orta<br>Sosyoekonomik gelişmişlik: çok yüksek"}, "geometry": {"type": "LineString", "coordinates": [[30.5489935, 39.7658796], [30.5489971, 39.7651379], [30.5489998, 39.7648349], [30.5490005, 39.7645082], [30.5490057, 39.7641922], [30.549016, 39.76388], [30.5490202, 39.7635971], [30.549031, 39.7632798], [30.5490333, 39.7629877], [30.5490155, 39.7629362]]}, "bbox": [30.5489935, 39.7629362, 30.5490333, 39.7658796]}, {"id": "1244", "type": "Feature", "properties": {"name": "Baharyeli Sokak", "_mahalle_str": "Yenidoğan Mahallesi", "_hvi_str": "%56", "_aciklama_str": "Sıcaklık: çok yüksek<br>Ağaç örtüsü: çok düşük<br>Hastaneye uzaklık: uzak<br>Yeşil alana uzaklık: uzak<br>Yapılaşma yoğunluğu: çok yoğun<br>Nüfus yoğunluğu: çok yoğun<br>Yaşlı nüfus oranı: orta<br>Çocuk nüfus oranı: orta<br>Sosyoekonomik gelişmişlik: çok yüksek"}, "geometry": {"type": "LineString", "coordinates": [[30.5484638, 39.7632552], [30.549031, 39.7632798], [30.549813, 39.7633279], [30.5502153, 39.763299], [30.5505694, 39.7632413], [30.551063, 39.7631711]]}, "bbox": [30.5484638, 39.7631711, 30.551063, 39.7633279]}, {"id": "1245", "type": "Feature", "properties": {"name": "Güzelcan Sokak", "_mahalle_str": "Erenköy Mahallesi", "_hvi_str": "%55", "_aciklama_str": "Sıcaklık: yüksek<br>Ağaç örtüsü: düşük<br>Hastaneye uzaklık: yakın<br>Yeşil alana uzaklık: çok uzak<br>Yapılaşma yoğunluğu: çok yoğun<br>Nüfus yoğunluğu: çok yoğun<br>Yaşlı nüfus oranı: orta<br>Çocuk nüfus oranı: orta<br>Sosyoekonomik gelişmişlik: çok yüksek"}, "geometry": {"type": "LineString", "coordinates": [[30.5491613, 39.760136], [30.5492928, 39.7598944], [30.5495265, 39.7594777], [30.5497346, 39.7590806], [30.5499498, 39.758686], [30.5500272, 39.7586399]]}, "bbox": [30.5491613, 39.7586399, 30.5500272, 39.760136]}, {"id": "1247", "type": "Feature", "properties": {"name": null, "_mahalle_str": "Erenköy Mahallesi", "_hvi_str": "%59", "_aciklama_str": "Sıcaklık: çok yüksek<br>Ağaç örtüsü: orta<br>Hastaneye uzaklık: uzak<br>Yeşil alana uzaklık: uzak<br>Yapılaşma yoğunluğu: çok yoğun<br>Nüfus yoğunluğu: çok yoğun<br>Yaşlı nüfus oranı: orta<br>Çocuk nüfus oranı: orta<br>Sosyoekonomik gelişmişlik: çok yüksek"}, "geometry": {"type": "LineString", "coordinates": [[30.5496937, 39.753644], [30.549273, 39.7535332], [30.5493079, 39.75346], [30.5493039, 39.7534126], [30.5492435, 39.7533672], [30.5488211, 39.7532312], [30.5485382, 39.7531491], [30.5484196, 39.7531225], [30.547206, 39.7528465]]}, "bbox": [30.547206, 39.7528465, 30.5496937, 39.753644]}, {"id": "1248", "type": "Feature", "properties": {"name": "Kırbaşı Caddesi", "_mahalle_str": "Erenköy Mahallesi", "_hvi_str": "%55", "_aciklama_str": "Sıcaklık: yüksek<br>Ağaç örtüsü: düşük<br>Hastaneye uzaklık: yakın<br>Yeşil alana uzaklık: uzak<br>Yapılaşma yoğunluğu: çok yoğun<br>Nüfus yoğunluğu: çok yoğun<br>Yaşlı nüfus oranı: orta<br>Çocuk nüfus oranı: orta<br>Sosyoekonomik gelişmişlik: çok yüksek"}, "geometry": {"type": "LineString", "coordinates": [[30.553101, 39.7601737], [30.5525221, 39.7599856], [30.5520274, 39.7598036], [30.5514542, 39.759422], [30.5513766, 39.7593828], [30.5509773, 39.7591671], [30.5508469, 39.7590955], [30.5500272, 39.7586399], [30.5495584, 39.7581015], [30.5491305, 39.7575297]]}, "bbox": [30.5491305, 39.7575297, 30.553101, 39.7601737]}, {"id": "1249", "type": "Feature", "properties": {"name": "Aklar Sokak", "_mahalle_str": "Erenköy Mahallesi", "_hvi_str": "%54", "_aciklama_str": "Sıcaklık: yüksek<br>Ağaç örtüsü: çok düşük<br>Hastaneye uzaklık: yakın<br>Yeşil alana uzaklık: uzak<br>Yapılaşma yoğunluğu: çok yoğun<br>Nüfus yoğunluğu: çok yoğun<br>Yaşlı nüfus oranı: orta<br>Çocuk nüfus oranı: orta<br>Sosyoekonomik gelişmişlik: çok yüksek"}, "geometry": {"type": "LineString", "coordinates": [[30.5500357, 39.7608536], [30.55023, 39.7606477], [30.5505778, 39.7602766], [30.5508531, 39.7599632], [30.5510803, 39.7596828], [30.5513766, 39.7593828]]}, "bbox": [30.5500357, 39.7593828, 30.5513766, 39.7608536]}, {"id": "1250", "type": "Feature", "properties": {"name": "Aykan Sokak", "_mahalle_str": "Erenköy Mahallesi", "_hvi_str": "%52", "_aciklama_str": "Sıcaklık: yüksek<br>Ağaç örtüsü: çok düşük<br>Hastaneye uzaklık: yakın<br>Yeşil alana uzaklık: uzak<br>Yapılaşma yoğunluğu: çok yoğun<br>Nüfus yoğunluğu: çok yoğun<br>Yaşlı nüfus oranı: orta<br>Çocuk nüfus oranı: orta<br>Sosyoekonomik gelişmişlik: çok yüksek"}, "geometry": {"type": "LineString", "coordinates": [[30.5528629, 39.7606118], [30.5518065, 39.7600503], [30.5514026, 39.7598422], [30.5510803, 39.7596828], [30.5497346, 39.7590806], [30.5484886, 39.7587719]]}, "bbox": [30.5484886, 39.7587719, 30.5528629, 39.7606118]}, {"id": "1251", "type": "Feature", "properties": {"name": "Fındık Sokak", "_mahalle_str": "Huzur Mahallesi", "_hvi_str": "%55", "_aciklama_str": "Sıcaklık: çok yüksek<br>Ağaç örtüsü: düşük<br>Hastaneye uzaklık: yakın<br>Yeşil alana uzaklık: uzak<br>Yapılaşma yoğunluğu: çok yoğun<br>Nüfus yoğunluğu: çok yoğun<br>Yaşlı nüfus oranı: orta<br>Çocuk nüfus oranı: orta<br>Sosyoekonomik gelişmişlik: çok yüksek"}, "geometry": {"type": "LineString", "coordinates": [[30.5486598, 39.7601113], [30.5489937, 39.7606824], [30.5493397, 39.7612247], [30.549494, 39.7614649], [30.5489723, 39.7616587]]}, "bbox": [30.5486598, 39.7601113, 30.549494, 39.7616587]}, {"id": "1252", "type": "Feature", "properties": {"name": null, "_mahalle_str": "Erenköy Mahallesi", "_hvi_str": "%53", "_aciklama_str": "Sıcaklık: yüksek<br>Ağaç örtüsü: orta<br>Hastaneye uzaklık: yakın<br>Yeşil alana uzaklık: uzak<br>Yapılaşma yoğunluğu: çok yoğun<br>Nüfus yoğunluğu: çok yoğun<br>Yaşlı nüfus oranı: orta<br>Çocuk nüfus oranı: orta<br>Sosyoekonomik gelişmişlik: çok yüksek"}, "geometry": {"type": "LineString", "coordinates": [[30.5481421, 39.7593814], [30.548056, 39.7591455], [30.5479232, 39.7588214], [30.5478487, 39.7584599], [30.5478115, 39.7577461], [30.5478191, 39.7571679], [30.5479966, 39.7567683], [30.5482312, 39.7563235], [30.5484165, 39.7559227], [30.5486378, 39.7554466], [30.5491693, 39.7543532], [30.5493535, 39.7540381], [30.5494971, 39.7538815]]}, "bbox": [30.5478115, 39.7538815, 30.5494971, 39.7593814]}, {"id": "1253", "type": "Feature", "properties": {"name": "Yüceler Sokak", "_mahalle_str": "Huzur Mahallesi", "_hvi_str": "%57", "_aciklama_str": "Sıcaklık: çok yüksek<br>Ağaç örtüsü: düşük<br>Hastaneye uzaklık: çok yakın<br>Yeşil alana uzaklık: çok uzak<br>Yapılaşma yoğunluğu: çok yoğun<br>Nüfus yoğunluğu: çok yoğun<br>Yaşlı nüfus oranı: orta<br>Çocuk nüfus oranı: orta<br>Sosyoekonomik gelişmişlik: çok yüksek"}, "geometry": {"type": "LineString", "coordinates": [[30.5477599, 39.7604525], [30.5481984, 39.7602876], [30.5486598, 39.7601113], [30.5489843, 39.7599752]]}, "bbox": [30.5477599, 39.7599752, 30.5489843, 39.7604525]}, {"id": "1254", "type": "Feature", "properties": {"name": "Gümüşçü Sokak", "_mahalle_str": "Huzur Mahallesi", "_hvi_str": "%56", "_aciklama_str": "Sıcaklık: çok yüksek<br>Ağaç örtüsü: düşük<br>Hastaneye uzaklık: yakın<br>Yeşil alana uzaklık: çok uzak<br>Yapılaşma yoğunluğu: çok yoğun<br>Nüfus yoğunluğu: çok yoğun<br>Yaşlı nüfus oranı: orta<br>Çocuk nüfus oranı: orta<br>Sosyoekonomik gelişmişlik: çok yüksek"}, "geometry": {"type": "LineString", "coordinates": [[30.548688, 39.7621813], [30.5483647, 39.761601], [30.5480535, 39.7609907], [30.5477599, 39.7604525], [30.5475641, 39.7600453]]}, "bbox": [30.5475641, 39.7600453, 30.548688, 39.7621813]}, {"id": "1255", "type": "Feature", "properties": {"name": "Şahinci Sokak", "_mahalle_str": "Huzur Mahallesi", "_hvi_str": "%56", "_aciklama_str": "Sıcaklık: yüksek<br>Ağaç örtüsü: orta<br>Hastaneye uzaklık: çok yakın<br>Yeşil alana uzaklık: çok uzak<br>Yapılaşma yoğunluğu: çok yoğun<br>Nüfus yoğunluğu: çok yoğun<br>Yaşlı nüfus oranı: orta<br>Çocuk nüfus oranı: orta<br>Sosyoekonomik gelişmişlik: çok yüksek"}, "geometry": {"type": "LineString", "coordinates": [[30.5486356, 39.7596824], [30.5479691, 39.759934], [30.5475641, 39.7600453], [30.5470451, 39.7601628], [30.5462566, 39.7603666], [30.5456337, 39.7605386], [30.5452963, 39.7606487]]}, "bbox": [30.5452963, 39.7596824, 30.5486356, 39.7606487]}, {"id": "1256", "type": "Feature", "properties": {"name": null, "_mahalle_str": "Erenköy Mahallesi", "_hvi_str": "%54", "_aciklama_str": "Sıcaklık: yüksek<br>Ağaç örtüsü: düşük<br>Hastaneye uzaklık: çok yakın<br>Yeşil alana uzaklık: çok uzak<br>Yapılaşma yoğunluğu: çok yoğun<br>Nüfus yoğunluğu: çok yoğun<br>Yaşlı nüfus oranı: orta<br>Çocuk nüfus oranı: orta<br>Sosyoekonomik gelişmişlik: çok yüksek"}, "geometry": {"type": "LineString", "coordinates": [[30.5499498, 39.758686], [30.5482551, 39.7582487]]}, "bbox": [30.5482551, 39.7582487, 30.5499498, 39.758686]}, {"id": "1258", "type": "Feature", "properties": {"name": null, "_mahalle_str": "Erenköy Mahallesi", "_hvi_str": "%52", "_aciklama_str": "Sıcaklık: yüksek<br>Ağaç örtüsü: orta<br>Hastaneye uzaklık: çok yakın<br>Yeşil alana uzaklık: çok uzak<br>Yapılaşma yoğunluğu: çok yoğun<br>Nüfus yoğunluğu: çok yoğun<br>Yaşlı nüfus oranı: orta<br>Çocuk nüfus oranı: orta<br>Sosyoekonomik gelişmişlik: çok yüksek"}, "geometry": {"type": "LineString", "coordinates": [[30.5485394, 39.7573775], [30.5483693, 39.7578189], [30.5482551, 39.7582487], [30.5484886, 39.7587719], [30.5486948, 39.7592846]]}, "bbox": [30.5482551, 39.7573775, 30.5486948, 39.7592846]}, {"id": "1260", "type": "Feature", "properties": {"name": "Şair Nedim Sokak", "_mahalle_str": "Huzur Mahallesi", "_hvi_str": "%58", "_aciklama_str": "Sıcaklık: yüksek<br>Ağaç örtüsü: orta<br>Hastaneye uzaklık: yakın<br>Yeşil alana uzaklık: çok uzak<br>Yapılaşma yoğunluğu: çok yoğun<br>Nüfus yoğunluğu: çok yoğun<br>Yaşlı nüfus oranı: orta<br>Çocuk nüfus oranı: orta<br>Sosyoekonomik gelişmişlik: çok yüksek"}, "geometry": {"type": "LineString", "coordinates": [[30.5458569, 39.7595426], [30.545887, 39.7596047], [30.5460651, 39.7599718], [30.5462566, 39.7603666], [30.5463345, 39.7605272], [30.5464234, 39.7607106], [30.5466057, 39.7610864]]}, "bbox": [30.5458569, 39.7595426, 30.5466057, 39.7610864]}, {"id": "1261", "type": "Feature", "properties": {"name": "Yunus Sokak", "_mahalle_str": "Huzur Mahallesi", "_hvi_str": "%56", "_aciklama_str": "Sıcaklık: çok yüksek<br>Ağaç örtüsü: orta<br>Hastaneye uzaklık: yakın<br>Yeşil alana uzaklık: çok uzak<br>Yapılaşma yoğunluğu: çok yoğun<br>Nüfus yoğunluğu: çok yoğun<br>Yaşlı nüfus oranı: orta<br>Çocuk nüfus oranı: orta<br>Sosyoekonomik gelişmişlik: çok yüksek"}, "geometry": {"type": "LineString", "coordinates": [[30.5467232, 39.7594205], [30.54686, 39.7597649], [30.5470451, 39.7601628], [30.5471926, 39.7605092], [30.5475252, 39.761136], [30.5478518, 39.7617986], [30.5481755, 39.7623676]]}, "bbox": [30.5467232, 39.7594205, 30.5481755, 39.7623676]}, {"id": "1262", "type": "Feature", "properties": {"name": "Tekiner Sokak", "_mahalle_str": "Huzur Mahallesi", "_hvi_str": "%56", "_aciklama_str": "Sıcaklık: çok yüksek<br>Ağaç örtüsü: çok düşük<br>Hastaneye uzaklık: yakın<br>Yeşil alana uzaklık: uzak<br>Yapılaşma yoğunluğu: çok yoğun<br>Nüfus yoğunluğu: çok yoğun<br>Yaşlı nüfus oranı: orta<br>Çocuk nüfus oranı: orta<br>Sosyoekonomik gelişmişlik: çok yüksek"}, "geometry": {"type": "LineString", "coordinates": [[30.5500921, 39.7609278], [30.5493397, 39.7612247], [30.5488341, 39.7614278], [30.5483647, 39.761601], [30.5478518, 39.7617986]]}, "bbox": [30.5478518, 39.7609278, 30.5500921, 39.7617986]}, {"id": "1264", "type": "Feature", "properties": {"name": null, "_mahalle_str": "Erenköy Mahallesi", "_hvi_str": "%58", "_aciklama_str": "Sıcaklık: yüksek<br>Ağaç örtüsü: düşük<br>Hastaneye uzaklık: orta<br>Yeşil alana uzaklık: çok uzak<br>Yapılaşma yoğunluğu: çok yoğun<br>Nüfus yoğunluğu: çok yoğun<br>Yaşlı nüfus oranı: orta<br>Çocuk nüfus oranı: orta<br>Sosyoekonomik gelişmişlik: çok yüksek"}, "geometry": {"type": "LineString", "coordinates": [[30.554372, 39.756599], [30.5542341, 39.7565495], [30.5541473, 39.7565495], [30.5540678, 39.7565495], [30.5539099, 39.7566347], [30.5538335, 39.7566762], [30.5537406, 39.7567268], [30.5536929, 39.7567184], [30.5528562, 39.7565687], [30.5527642, 39.7565907], [30.5522408, 39.7564297], [30.5510818, 39.7560761], [30.5510112, 39.7560559], [30.5498441, 39.755745], [30.5492574, 39.7555923], [30.5491622, 39.7555689], [30.5486378, 39.7554466], [30.5480404, 39.7553096], [30.5479755, 39.7552947], [30.5473828, 39.7551602], [30.5467161, 39.7550121], [30.5466714, 39.7550033], [30.5454592, 39.7547891]]}, "bbox": [30.5454592, 39.7547891, 30.554372, 39.7567268]}, {"id": "1265", "type": "Feature", "properties": {"name": "Aydıntepe Sokak", "_mahalle_str": "Huzur Mahallesi", "_hvi_str": "%57", "_aciklama_str": "Sıcaklık: çok yüksek<br>Ağaç örtüsü: düşük<br>Hastaneye uzaklık: yakın<br>Yeşil alana uzaklık: çok uzak<br>Yapılaşma yoğunluğu: çok yoğun<br>Nüfus yoğunluğu: çok yoğun<br>Yaşlı nüfus oranı: orta<br>Çocuk nüfus oranı: orta<br>Sosyoekonomik gelişmişlik: çok yüksek"}, "geometry": {"type": "LineString", "coordinates": [[30.5469747, 39.7612984], [30.5475252, 39.761136], [30.5480535, 39.7609907], [30.5485351, 39.760836], [30.5489937, 39.7606824], [30.54951, 39.7605154]]}, "bbox": [30.5469747, 39.7605154, 30.54951, 39.7612984]}, {"id": "1267", "type": "Feature", "properties": {"name": "Tekiner Sokak", "_mahalle_str": "Huzur Mahallesi", "_hvi_str": "%57", "_aciklama_str": "Sıcaklık: yüksek<br>Ağaç örtüsü: düşük<br>Hastaneye uzaklık: orta<br>Yeşil alana uzaklık: çok uzak<br>Yapılaşma yoğunluğu: çok yoğun<br>Nüfus yoğunluğu: çok yoğun<br>Yaşlı nüfus oranı: orta<br>Çocuk nüfus oranı: orta<br>Sosyoekonomik gelişmişlik: çok yüksek"}, "geometry": {"type": "LineString", "coordinates": [[30.5478518, 39.7617986], [30.5476721, 39.7618636], [30.5473991, 39.7619484], [30.5469293, 39.7621336], [30.5463546, 39.7623979], [30.5459051, 39.7625993]]}, "bbox": [30.5459051, 39.7617986, 30.5478518, 39.7625993]}, {"id": "1268", "type": "Feature", "properties": {"name": "Yıldızlar Sokak", "_mahalle_str": "Huzur Mahallesi", "_hvi_str": "%57", "_aciklama_str": "Sıcaklık: yüksek<br>Ağaç örtüsü: yüksek<br>Hastaneye uzaklık: orta<br>Yeşil alana uzaklık: çok uzak<br>Yapılaşma yoğunluğu: çok yoğun<br>Nüfus yoğunluğu: çok yoğun<br>Yaşlı nüfus oranı: orta<br>Çocuk nüfus oranı: orta<br>Sosyoekonomik gelişmişlik: çok yüksek"}, "geometry": {"type": "LineString", "coordinates": [[30.5430659, 39.7590862], [30.5430892, 39.7594686], [30.5430827, 39.7599242], [30.5430896, 39.7600385], [30.5431128, 39.7605986]]}, "bbox": [30.5430659, 39.7590862, 30.5431128, 39.7605986]}, {"id": "1269", "type": "Feature", "properties": {"name": "Huzur Kent Sokak", "_mahalle_str": "Huzur Mahallesi", "_hvi_str": "%54", "_aciklama_str": "Sıcaklık: çok yüksek<br>Ağaç örtüsü: düşük<br>Hastaneye uzaklık: orta<br>Yeşil alana uzaklık: çok uzak<br>Yapılaşma yoğunluğu: yoğun<br>Nüfus yoğunluğu: çok yoğun<br>Yaşlı nüfus oranı: orta<br>Çocuk nüfus oranı: orta<br>Sosyoekonomik gelişmişlik: çok yüksek"}, "geometry": {"type": "LineString", "coordinates": [[30.5465261, 39.7635622], [30.5459051, 39.7625993]]}, "bbox": [30.5459051, 39.7625993, 30.5465261, 39.7635622]}, {"id": "1270", "type": "Feature", "properties": {"name": "Mevlevi Sokak", "_mahalle_str": "Huzur Mahallesi", "_hvi_str": "%55", "_aciklama_str": "Sıcaklık: yüksek<br>Ağaç örtüsü: yüksek<br>Hastaneye uzaklık: yakın<br>Yeşil alana uzaklık: çok uzak<br>Yapılaşma yoğunluğu: çok yoğun<br>Nüfus yoğunluğu: çok yoğun<br>Yaşlı nüfus oranı: orta<br>Çocuk nüfus oranı: orta<br>Sosyoekonomik gelişmişlik: çok yüksek"}, "geometry": {"type": "LineString", "coordinates": [[30.5430892, 39.7594686], [30.5439134, 39.7592585], [30.5447707, 39.7590141]]}, "bbox": [30.5430892, 39.7590141, 30.5447707, 39.7594686]}, {"id": "1271", "type": "Feature", "properties": {"name": null, "_mahalle_str": "Erenköy Mahallesi", "_hvi_str": "%57", "_aciklama_str": "Sıcaklık: çok yüksek<br>Ağaç örtüsü: orta<br>Hastaneye uzaklık: orta<br>Yeşil alana uzaklık: uzak<br>Yapılaşma yoğunluğu: çok yoğun<br>Nüfus yoğunluğu: çok yoğun<br>Yaşlı nüfus oranı: orta<br>Çocuk nüfus oranı: orta<br>Sosyoekonomik gelişmişlik: çok yüksek"}, "geometry": {"type": "LineString", "coordinates": [[30.5517914, 39.7587168], [30.5514542, 39.759422]]}, "bbox": [30.5514542, 39.7587168, 30.5517914, 39.759422]}, {"id": "1272", "type": "Feature", "properties": {"name": null, "_mahalle_str": "Huzur Mahallesi", "_hvi_str": "%59", "_aciklama_str": "Sıcaklık: çok yüksek<br>Ağaç örtüsü: çok düşük<br>Hastaneye uzaklık: orta<br>Yeşil alana uzaklık: çok uzak<br>Yapılaşma yoğunluğu: çok yoğun<br>Nüfus yoğunluğu: çok yoğun<br>Yaşlı nüfus oranı: orta<br>Çocuk nüfus oranı: orta<br>Sosyoekonomik gelişmişlik: çok yüksek"}, "geometry": {"type": "LineString", "coordinates": [[30.5484861, 39.7631095], [30.5485273, 39.7629792]]}, "bbox": [30.5484861, 39.7629792, 30.5485273, 39.7631095]}, {"id": "1273", "type": "Feature", "properties": {"name": null, "_mahalle_str": "Erenköy Mahallesi", "_hvi_str": "%57", "_aciklama_str": "Sıcaklık: çok yüksek<br>Ağaç örtüsü: düşük<br>Hastaneye uzaklık: orta<br>Yeşil alana uzaklık: uzak<br>Yapılaşma yoğunluğu: çok yoğun<br>Nüfus yoğunluğu: çok yoğun<br>Yaşlı nüfus oranı: orta<br>Çocuk nüfus oranı: orta<br>Sosyoekonomik gelişmişlik: çok yüksek"}, "geometry": {"type": "LineString", "coordinates": [[30.5495584, 39.7581015], [30.5512132, 39.7585669], [30.5512441, 39.758576], [30.5517914, 39.7587168], [30.5524418, 39.7588787], [30.553316, 39.7591172]]}, "bbox": [30.5495584, 39.7581015, 30.553316, 39.7591172]}, {"id": "1274", "type": "Feature", "properties": {"name": null, "_mahalle_str": "Erenköy Mahallesi", "_hvi_str": "%55", "_aciklama_str": "Sıcaklık: çok yüksek<br>Ağaç örtüsü: düşük<br>Hastaneye uzaklık: yakın<br>Yeşil alana uzaklık: uzak<br>Yapılaşma yoğunluğu: çok yoğun<br>Nüfus yoğunluğu: çok yoğun<br>Yaşlı nüfus oranı: orta<br>Çocuk nüfus oranı: orta<br>Sosyoekonomik gelişmişlik: çok yüksek"}, "geometry": {"type": "LineString", "coordinates": [[30.5534121, 39.7587056], [30.5526252, 39.7584862], [30.5514304, 39.7581572], [30.5502312, 39.7578285], [30.5501642, 39.7578107], [30.5491305, 39.7575297], [30.5489921, 39.757489], [30.5489208, 39.7574711], [30.5485394, 39.7573775], [30.5478191, 39.7571679]]}, "bbox": [30.5478191, 39.7571679, 30.5534121, 39.7587056]}, {"id": "1275", "type": "Feature", "properties": {"name": "Işıktaş Sokak", "_mahalle_str": "Erenköy Mahallesi", "_hvi_str": "%53", "_aciklama_str": "Sıcaklık: çok yüksek<br>Ağaç örtüsü: çok düşük<br>Hastaneye uzaklık: orta<br>Yeşil alana uzaklık: uzak<br>Yapılaşma yoğunluğu: çok yoğun<br>Nüfus yoğunluğu: çok yoğun<br>Yaşlı nüfus oranı: orta<br>Çocuk nüfus oranı: orta<br>Sosyoekonomik gelişmişlik: çok yüksek"}, "geometry": {"type": "LineString", "coordinates": [[30.5522487, 39.7593036], [30.553278, 39.7596087]]}, "bbox": [30.5522487, 39.7593036, 30.553278, 39.7596087]}, {"id": "1276", "type": "Feature", "properties": {"name": "Uğursal Sokak", "_mahalle_str": "Huzur Mahallesi", "_hvi_str": "%59", "_aciklama_str": "Sıcaklık: yüksek<br>Ağaç örtüsü: düşük<br>Hastaneye uzaklık: yakın<br>Yeşil alana uzaklık: çok uzak<br>Yapılaşma yoğunluğu: çok yoğun<br>Nüfus yoğunluğu: çok yoğun<br>Yaşlı nüfus oranı: orta<br>Çocuk nüfus oranı: orta<br>Sosyoekonomik gelişmişlik: çok yüksek"}, "geometry": {"type": "LineString", "coordinates": [[30.5469293, 39.7621336], [30.5463343, 39.7612018]]}, "bbox": [30.5463343, 39.7612018, 30.5469293, 39.7621336]}, {"id": "1278", "type": "Feature", "properties": {"name": "Neşe Sokak", "_mahalle_str": "Huzur Mahallesi", "_hvi_str": "%53", "_aciklama_str": "Sıcaklık: yüksek<br>Ağaç örtüsü: yüksek<br>Hastaneye uzaklık: orta<br>Yeşil alana uzaklık: çok uzak<br>Yapılaşma yoğunluğu: çok yoğun<br>Nüfus yoğunluğu: çok yoğun<br>Yaşlı nüfus oranı: orta<br>Çocuk nüfus oranı: orta<br>Sosyoekonomik gelişmişlik: çok yüksek"}, "geometry": {"type": "LineString", "coordinates": [[30.5433132, 39.7631455], [30.5432105, 39.7629642], [30.5431886, 39.7628476], [30.542924, 39.7621027], [30.542903, 39.7620453], [30.5427531, 39.761635], [30.5425433, 39.7610512], [30.5424639, 39.7606392], [30.5424602, 39.7600292], [30.5424227, 39.7592812]]}, "bbox": [30.5424227, 39.7592812, 30.5433132, 39.7631455]}, {"id": "1279", "type": "Feature", "properties": {"name": "Çalışkan Sokak", "_mahalle_str": "Erenköy Mahallesi", "_hvi_str": "%55", "_aciklama_str": "Sıcaklık: yüksek<br>Ağaç örtüsü: düşük<br>Hastaneye uzaklık: orta<br>Yeşil alana uzaklık: uzak<br>Yapılaşma yoğunluğu: çok yoğun<br>Nüfus yoğunluğu: çok yoğun<br>Yaşlı nüfus oranı: orta<br>Çocuk nüfus oranı: orta<br>Sosyoekonomik gelişmişlik: çok yüksek"}, "geometry": {"type": "LineString", "coordinates": [[30.5520274, 39.7598036], [30.5522487, 39.7593036], [30.5524418, 39.7588787], [30.5526252, 39.7584862]]}, "bbox": [30.5520274, 39.7584862, 30.5526252, 39.7598036]}, {"id": "1281", "type": "Feature", "properties": {"name": "Eregüneş Sokak", "_mahalle_str": "Huzur Mahallesi", "_hvi_str": "%57", "_aciklama_str": "Sıcaklık: yüksek<br>Ağaç örtüsü: düşük<br>Hastaneye uzaklık: yakın<br>Yeşil alana uzaklık: çok uzak<br>Yapılaşma yoğunluğu: çok yoğun<br>Nüfus yoğunluğu: çok yoğun<br>Yaşlı nüfus oranı: orta<br>Çocuk nüfus oranı: orta<br>Sosyoekonomik gelişmişlik: çok yüksek"}, "geometry": {"type": "LineString", "coordinates": [[30.5446205, 39.7599566], [30.545887, 39.7596047]]}, "bbox": [30.5446205, 39.7596047, 30.545887, 39.7599566]}, {"id": "1282", "type": "Feature", "properties": {"name": "Kayalıdere Sokak", "_mahalle_str": "Huzur Mahallesi", "_hvi_str": "%55", "_aciklama_str": "Sıcaklık: yüksek<br>Ağaç örtüsü: yüksek<br>Hastaneye uzaklık: orta<br>Yeşil alana uzaklık: çok uzak<br>Yapılaşma yoğunluğu: çok yoğun<br>Nüfus yoğunluğu: çok yoğun<br>Yaşlı nüfus oranı: orta<br>Çocuk nüfus oranı: orta<br>Sosyoekonomik gelişmişlik: çok yüksek"}, "geometry": {"type": "LineString", "coordinates": [[30.5430896, 39.7600385], [30.5433671, 39.7600113], [30.5438308, 39.7600994], [30.5449, 39.7604785], [30.5451245, 39.7605489], [30.5452963, 39.7606487], [30.5455618, 39.7609134], [30.5456413, 39.7610208], [30.5457659, 39.7612657], [30.5457829, 39.761298], [30.545839, 39.7614044], [30.5458749, 39.7615761], [30.5460001, 39.7618029], [30.5461986, 39.7621723], [30.5463546, 39.7623979], [30.5466806, 39.7628125], [30.5468198, 39.7631913], [30.5468505, 39.7634756]]}, "bbox": [30.5430896, 39.7600113, 30.5468505, 39.7634756]}, {"id": "1283", "type": "Feature", "properties": {"name": "Şekersoy Sokak", "_mahalle_str": "Huzur Mahallesi", "_hvi_str": "%60", "_aciklama_str": "Sıcaklık: çok yüksek<br>Ağaç örtüsü: yüksek<br>Hastaneye uzaklık: yakın<br>Yeşil alana uzaklık: çok uzak<br>Yapılaşma yoğunluğu: çok yoğun<br>Nüfus yoğunluğu: çok yoğun<br>Yaşlı nüfus oranı: orta<br>Çocuk nüfus oranı: orta<br>Sosyoekonomik gelişmişlik: çok yüksek"}, "geometry": {"type": "LineString", "coordinates": [[30.5464234, 39.7607106], [30.5471926, 39.7605092]]}, "bbox": [30.5464234, 39.7605092, 30.5471926, 39.7607106]}, {"id": "1284", "type": "Feature", "properties": {"name": "Şenoğlu Sokak", "_mahalle_str": "Huzur Mahallesi", "_hvi_str": "%54", "_aciklama_str": "Sıcaklık: yüksek<br>Ağaç örtüsü: yüksek<br>Hastaneye uzaklık: çok yakın<br>Yeşil alana uzaklık: çok uzak<br>Yapılaşma yoğunluğu: çok yoğun<br>Nüfus yoğunluğu: çok yoğun<br>Yaşlı nüfus oranı: orta<br>Çocuk nüfus oranı: orta<br>Sosyoekonomik gelişmişlik: çok yüksek"}, "geometry": {"type": "LineString", "coordinates": [[30.5451081, 39.7602416], [30.5460651, 39.7599718], [30.54686, 39.7597649], [30.5477587, 39.7595048], [30.5480831, 39.7593546]]}, "bbox": [30.5451081, 39.7593546, 30.5480831, 39.7602416]}, {"id": "1285", "type": "Feature", "properties": {"name": "Ulu Sokak", "_mahalle_str": "Huzur Mahallesi", "_hvi_str": "%57", "_aciklama_str": "Sıcaklık: yüksek<br>Ağaç örtüsü: yüksek<br>Hastaneye uzaklık: yakın<br>Yeşil alana uzaklık: çok uzak<br>Yapılaşma yoğunluğu: çok yoğun<br>Nüfus yoğunluğu: çok yoğun<br>Yaşlı nüfus oranı: orta<br>Çocuk nüfus oranı: orta<br>Sosyoekonomik gelişmişlik: çok yüksek"}, "geometry": {"type": "LineString", "coordinates": [[30.5456413, 39.7610208], [30.5463345, 39.7605272]]}, "bbox": [30.5456413, 39.7605272, 30.5463345, 39.7610208]}, {"id": "1286", "type": "Feature", "properties": {"name": "Kayalıdere Sokak", "_mahalle_str": "Huzur Mahallesi", "_hvi_str": "%57", "_aciklama_str": "Sıcaklık: orta<br>Ağaç örtüsü: düşük<br>Hastaneye uzaklık: orta<br>Yeşil alana uzaklık: çok uzak<br>Yapılaşma yoğunluğu: çok yoğun<br>Nüfus yoğunluğu: çok yoğun<br>Yaşlı nüfus oranı: orta<br>Çocuk nüfus oranı: orta<br>Sosyoekonomik gelişmişlik: çok yüksek"}, "geometry": {"type": "LineString", "coordinates": [[30.5411459, 39.7598821], [30.5413107, 39.759909], [30.5414067, 39.759908], [30.5417077, 39.7599048], [30.5417581, 39.7599609], [30.5418371, 39.759975], [30.5419759, 39.7599997], [30.5424602, 39.7600292], [30.5430896, 39.7600385]]}, "bbox": [30.5411459, 39.7598821, 30.5430896, 39.7600385]}, {"id": "1287", "type": "Feature", "properties": {"name": null, "_mahalle_str": "Erenköy Mahallesi", "_hvi_str": "%53", "_aciklama_str": "Sıcaklık: yüksek<br>Ağaç örtüsü: düşük<br>Hastaneye uzaklık: çok yakın<br>Yeşil alana uzaklık: çok uzak<br>Yapılaşma yoğunluğu: çok yoğun<br>Nüfus yoğunluğu: çok yoğun<br>Yaşlı nüfus oranı: orta<br>Çocuk nüfus oranı: orta<br>Sosyoekonomik gelişmişlik: çok yüksek"}, "geometry": {"type": "LineString", "coordinates": [[30.5495584, 39.7581015], [30.548987, 39.7579648], [30.5483693, 39.7578189], [30.5478115, 39.7577461]]}, "bbox": [30.5478115, 39.7577461, 30.5495584, 39.7581015]}, {"id": "1288", "type": "Feature", "properties": {"name": "Bekan Sokak", "_mahalle_str": "Huzur Mahallesi", "_hvi_str": "%59", "_aciklama_str": "Sıcaklık: yüksek<br>Ağaç örtüsü: düşük<br>Hastaneye uzaklık: yakın<br>Yeşil alana uzaklık: çok uzak<br>Yapılaşma yoğunluğu: çok yoğun<br>Nüfus yoğunluğu: çok yoğun<br>Yaşlı nüfus oranı: orta<br>Çocuk nüfus oranı: orta<br>Sosyoekonomik gelişmişlik: çok yüksek"}, "geometry": {"type": "LineString", "coordinates": [[30.5468138, 39.7610014], [30.5469747, 39.7612984], [30.5473991, 39.7619484]]}, "bbox": [30.5468138, 39.7610014, 30.5473991, 39.7619484]}, {"id": "1289", "type": "Feature", "properties": {"name": "Durusoylu Sokak", "_mahalle_str": "Huzur Mahallesi", "_hvi_str": "%57", "_aciklama_str": "Sıcaklık: yüksek<br>Ağaç örtüsü: orta<br>Hastaneye uzaklık: yakın<br>Yeşil alana uzaklık: çok uzak<br>Yapılaşma yoğunluğu: çok yoğun<br>Nüfus yoğunluğu: çok yoğun<br>Yaşlı nüfus oranı: orta<br>Çocuk nüfus oranı: orta<br>Sosyoekonomik gelişmişlik: çok yüksek"}, "geometry": {"type": "LineString", "coordinates": [[30.545839, 39.7614044], [30.5463343, 39.7612018], [30.5466057, 39.7610864], [30.5468138, 39.7610014], [30.5469916, 39.7609482]]}, "bbox": [30.545839, 39.7609482, 30.5469916, 39.7614044]}, {"id": "1290", "type": "Feature", "properties": {"name": "Sunan Sokak", "_mahalle_str": "Huzur Mahallesi", "_hvi_str": "%57", "_aciklama_str": "Sıcaklık: yüksek<br>Ağaç örtüsü: orta<br>Hastaneye uzaklık: yakın<br>Yeşil alana uzaklık: çok uzak<br>Yapılaşma yoğunluğu: çok yoğun<br>Nüfus yoğunluğu: çok yoğun<br>Yaşlı nüfus oranı: orta<br>Çocuk nüfus oranı: orta<br>Sosyoekonomik gelişmişlik: çok yüksek"}, "geometry": {"type": "LineString", "coordinates": [[30.5456337, 39.7605386], [30.5451081, 39.7602416], [30.5446205, 39.7599566], [30.5440856, 39.7596593], [30.5439134, 39.7592585]]}, "bbox": [30.5439134, 39.7592585, 30.5456337, 39.7605386]}, {"id": "1291", "type": "Feature", "properties": {"name": "Cumhur Sokak", "_mahalle_str": "Huzur Mahallesi", "_hvi_str": "%57", "_aciklama_str": "Sıcaklık: yüksek<br>Ağaç örtüsü: orta<br>Hastaneye uzaklık: yakın<br>Yeşil alana uzaklık: çok uzak<br>Yapılaşma yoğunluğu: çok yoğun<br>Nüfus yoğunluğu: çok yoğun<br>Yaşlı nüfus oranı: orta<br>Çocuk nüfus oranı: orta<br>Sosyoekonomik gelişmişlik: çok yüksek"}, "geometry": {"type": "LineString", "coordinates": [[30.5430827, 39.7599242], [30.5440856, 39.7596593], [30.5452294, 39.7593708]]}, "bbox": [30.5430827, 39.7593708, 30.5452294, 39.7599242]}, {"id": "1306", "type": "Feature", "properties": {"name": null, "_mahalle_str": "Gündoğdu Mahallesi", "_hvi_str": "%51", "_aciklama_str": "Sıcaklık: yüksek<br>Ağaç örtüsü: yüksek<br>Hastaneye uzaklık: çok uzak<br>Yeşil alana uzaklık: çok uzak<br>Yapılaşma yoğunluğu: orta<br>Nüfus yoğunluğu: çok yoğun<br>Yaşlı nüfus oranı: orta<br>Çocuk nüfus oranı: orta<br>Sosyoekonomik gelişmişlik: çok yüksek"}, "geometry": {"type": "LineString", "coordinates": [[30.5599582, 39.7712336], [30.5604471, 39.7711352], [30.5605735, 39.7711468], [30.560671, 39.7711639], [30.5608582, 39.7711935], [30.5610492, 39.7712237], [30.5611351, 39.771235], [30.5613057, 39.7712573], [30.5613876, 39.7712667], [30.561658, 39.7712979], [30.5617712, 39.7713138], [30.5620979, 39.7713598], [30.5622054, 39.7713738], [30.5624144, 39.771401], [30.5625378, 39.7714154], [30.562706, 39.7714361], [30.5630099, 39.7714567], [30.563121, 39.771457], [30.563439, 39.7714484], [30.5635678, 39.7714402], [30.5636712, 39.7714316], [30.5640454, 39.7714003], [30.56435, 39.7713748], [30.5644787, 39.771365], [30.5647819, 39.7713418], [30.5648799, 39.7713313], [30.5651948, 39.7712981], [30.5658546, 39.7712208], [30.5663873, 39.7711601], [30.566921, 39.7711112], [30.5674514, 39.7710693], [30.5679635, 39.7710274], [30.5685641, 39.7709893], [30.5690069, 39.7709715], [30.5694791, 39.7709453], [30.5699298, 39.7709251], [30.5703662, 39.7709023], [30.5709835, 39.7708887], [30.5715646, 39.7708563], [30.5721032, 39.7708682], [30.5727054, 39.7708803], [30.5730601, 39.7708939], [30.5741196, 39.7709433], [30.5748384, 39.7709475], [30.5754178, 39.7709269], [30.5756255, 39.7709193], [30.5759264, 39.7709223], [30.5762507, 39.7709629], [30.5768206, 39.7711454], [30.5771129, 39.7711846], [30.5775716, 39.7712072], [30.578226, 39.771234], [30.5790754, 39.7712903], [30.5798675, 39.7713247], [30.5802984, 39.7713212], [30.5807741, 39.7712732], [30.5812221, 39.7712814], [30.5819856, 39.7713027], [30.5828045, 39.7713371], [30.5832552, 39.7713763], [30.5835841, 39.7714161], [30.5840491, 39.7715433], [30.5845212, 39.7716773], [30.5848189, 39.7717474], [30.5849369, 39.7717391], [30.5849879, 39.7716938], [30.5849664, 39.7716319], [30.5844166, 39.7707722], [30.5841474, 39.7703008], [30.582995, 39.7684674], [30.5820526, 39.7669011], [30.5810816, 39.7653528], [30.5802484, 39.7639996], [30.579724, 39.7628978], [30.5794115, 39.7624368], [30.5790443, 39.7618216], [30.5790086, 39.7617092], [30.5789227, 39.7615389], [30.5788463, 39.7613752]]}, "bbox": [30.5599582, 39.7613752, 30.5849879, 39.7717474]}, {"id": "1337", "type": "Feature", "properties": {"name": null, "_mahalle_str": "Yenidoğan Mahallesi", "_hvi_str": "%52", "_aciklama_str": "Sıcaklık: çok yüksek<br>Ağaç örtüsü: çok düşük<br>Hastaneye uzaklık: uzak<br>Yeşil alana uzaklık: çok yakın<br>Yapılaşma yoğunluğu: yoğun<br>Nüfus yoğunluğu: çok yoğun<br>Yaşlı nüfus oranı: orta<br>Çocuk nüfus oranı: orta<br>Sosyoekonomik gelişmişlik: çok yüksek"}, "geometry": {"type": "LineString", "coordinates": [[30.5571998, 39.7638077], [30.5569311, 39.7632901], [30.5566844, 39.7628077], [30.556561, 39.7625314], [30.556325, 39.7620696]]}, "bbox": [30.556325, 39.7620696, 30.5571998, 39.7638077]}, {"id": "1338", "type": "Feature", "properties": {"name": null, "_mahalle_str": "Yenidoğan Mahallesi", "_hvi_str": "%54", "_aciklama_str": "Sıcaklık: çok yüksek<br>Ağaç örtüsü: çok düşük<br>Hastaneye uzaklık: orta<br>Yeşil alana uzaklık: yakın<br>Yapılaşma yoğunluğu: çok yoğun<br>Nüfus yoğunluğu: çok yoğun<br>Yaşlı nüfus oranı: orta<br>Çocuk nüfus oranı: orta<br>Sosyoekonomik gelişmişlik: çok yüksek"}, "geometry": {"type": "LineString", "coordinates": [[30.556046, 39.7603582], [30.5562499, 39.7607788], [30.5565878, 39.7614675], [30.5568185, 39.761917], [30.5570331, 39.7623665], [30.5571886, 39.7626592], [30.5574408, 39.7631417], [30.5576743, 39.7636734]]}, "bbox": [30.556046, 39.7603582, 30.5576743, 39.7636734]}, {"id": "1340", "type": "Feature", "properties": {"name": null, "_mahalle_str": "Yenidoğan Mahallesi", "_hvi_str": "%55", "_aciklama_str": "Sıcaklık: çok yüksek<br>Ağaç örtüsü: çok düşük<br>Hastaneye uzaklık: orta<br>Yeşil alana uzaklık: yakın<br>Yapılaşma yoğunluğu: çok yoğun<br>Nüfus yoğunluğu: çok yoğun<br>Yaşlı nüfus oranı: orta<br>Çocuk nüfus oranı: orta<br>Sosyoekonomik gelişmişlik: çok yüksek"}, "geometry": {"type": "LineString", "coordinates": [[30.5585458, 39.7627829], [30.5583366, 39.7623458], [30.5581918, 39.7620613], [30.5579611, 39.7615953]]}, "bbox": [30.5579611, 39.7615953, 30.5585458, 39.7627829]}, {"id": "1341", "type": "Feature", "properties": {"name": null, "_mahalle_str": "Yenidoğan Mahallesi", "_hvi_str": "%57", "_aciklama_str": "Sıcaklık: çok yüksek<br>Ağaç örtüsü: çok düşük<br>Hastaneye uzaklık: yakın<br>Yeşil alana uzaklık: çok yakın<br>Yapılaşma yoğunluğu: çok yoğun<br>Nüfus yoğunluğu: çok yoğun<br>Yaşlı nüfus oranı: orta<br>Çocuk nüfus oranı: orta<br>Sosyoekonomik gelişmişlik: çok yüksek"}, "geometry": {"type": "LineString", "coordinates": [[30.5572959, 39.7605067], [30.5576285, 39.7611953]]}, "bbox": [30.5572959, 39.7605067, 30.5576285, 39.7611953]}, {"id": "1342", "type": "Feature", "properties": {"name": null, "_mahalle_str": "Yenidoğan Mahallesi", "_hvi_str": "%52", "_aciklama_str": "Sıcaklık: çok yüksek<br>Ağaç örtüsü: çok düşük<br>Hastaneye uzaklık: çok yakın<br>Yeşil alana uzaklık: orta<br>Yapılaşma yoğunluğu: çok yoğun<br>Nüfus yoğunluğu: çok yoğun<br>Yaşlı nüfus oranı: orta<br>Çocuk nüfus oranı: orta<br>Sosyoekonomik gelişmişlik: çok yüksek"}, "geometry": {"type": "LineString", "coordinates": [[30.5569236, 39.7600865], [30.5567439, 39.7598535], [30.5564945, 39.7595752], [30.5562504, 39.7593216], [30.5560929, 39.7591767], [30.5560565, 39.7591305]]}, "bbox": [30.5560565, 39.7591305, 30.5569236, 39.7600865]}, {"id": "1343", "type": "Feature", "properties": {"name": null, "_mahalle_str": "Yenidoğan Mahallesi", "_hvi_str": "%59", "_aciklama_str": "Sıcaklık: çok yüksek<br>Ağaç örtüsü: çok düşük<br>Hastaneye uzaklık: orta<br>Yeşil alana uzaklık: orta<br>Yapılaşma yoğunluğu: çok yoğun<br>Nüfus yoğunluğu: çok yoğun<br>Yaşlı nüfus oranı: orta<br>Çocuk nüfus oranı: orta<br>Sosyoekonomik gelişmişlik: çok yüksek"}, "geometry": {"type": "LineString", "coordinates": [[30.5554699, 39.7605216], [30.5556509, 39.7609371], [30.5556657, 39.7609711], [30.5558239, 39.7612862], [30.5558427, 39.7613237], [30.5560117, 39.7616412]]}, "bbox": [30.5554699, 39.7605216, 30.5560117, 39.7616412]}, {"id": "1344", "type": "Feature", "properties": {"name": null, "_mahalle_str": "Yenidoğan Mahallesi", "_hvi_str": "%54", "_aciklama_str": "Sıcaklık: çok yüksek<br>Ağaç örtüsü: çok düşük<br>Hastaneye uzaklık: uzak<br>Yeşil alana uzaklık: yakın<br>Yapılaşma yoğunluğu: yoğun<br>Nüfus yoğunluğu: çok yoğun<br>Yaşlı nüfus oranı: orta<br>Çocuk nüfus oranı: orta<br>Sosyoekonomik gelişmişlik: çok yüksek"}, "geometry": {"type": "LineString", "coordinates": [[30.5558153, 39.7631005], [30.5566844, 39.7628077]]}, "bbox": [30.5558153, 39.7628077, 30.5566844, 39.7631005]}, {"id": "1345", "type": "Feature", "properties": {"name": null, "_mahalle_str": "Yenidoğan Mahallesi", "_hvi_str": "%57", "_aciklama_str": "Sıcaklık: çok yüksek<br>Ağaç örtüsü: çok düşük<br>Hastaneye uzaklık: orta<br>Yeşil alana uzaklık: yakın<br>Yapılaşma yoğunluğu: çok yoğun<br>Nüfus yoğunluğu: çok yoğun<br>Yaşlı nüfus oranı: orta<br>Çocuk nüfus oranı: orta<br>Sosyoekonomik gelişmişlik: çok yüksek"}, "geometry": {"type": "LineString", "coordinates": [[30.5556437, 39.7627994], [30.556561, 39.7625314]]}, "bbox": [30.5556437, 39.7625314, 30.556561, 39.7627994]}, {"id": "1346", "type": "Feature", "properties": {"name": null, "_mahalle_str": "Yenidoğan Mahallesi", "_hvi_str": "%56", "_aciklama_str": "Sıcaklık: çok yüksek<br>Ağaç örtüsü: çok düşük<br>Hastaneye uzaklık: orta<br>Yeşil alana uzaklık: yakın<br>Yapılaşma yoğunluğu: çok yoğun<br>Nüfus yoğunluğu: çok yoğun<br>Yaşlı nüfus oranı: orta<br>Çocuk nüfus oranı: orta<br>Sosyoekonomik gelişmişlik: çok yüksek"}, "geometry": {"type": "LineString", "coordinates": [[30.5571886, 39.7626592], [30.5583366, 39.7623458]]}, "bbox": [30.5571886, 39.7623458, 30.5583366, 39.7626592]}, {"id": "1347", "type": "Feature", "properties": {"name": null, "_mahalle_str": "Yenidoğan Mahallesi", "_hvi_str": "%54", "_aciklama_str": "Sıcaklık: çok yüksek<br>Ağaç örtüsü: çok düşük<br>Hastaneye uzaklık: yakın<br>Yeşil alana uzaklık: yakın<br>Yapılaşma yoğunluğu: çok yoğun<br>Nüfus yoğunluğu: çok yoğun<br>Yaşlı nüfus oranı: orta<br>Çocuk nüfus oranı: orta<br>Sosyoekonomik gelişmişlik: çok yüksek"}, "geometry": {"type": "LineString", "coordinates": [[30.554147, 39.7608943], [30.5545609, 39.7607791], [30.5546886, 39.7607429], [30.5554699, 39.7605216], [30.5555933, 39.7604804], [30.556046, 39.7603582], [30.5569236, 39.7600865], [30.5574354, 39.7599469]]}, "bbox": [30.554147, 39.7599469, 30.5574354, 39.7608943]}, {"id": "1348", "type": "Feature", "properties": {"name": null, "_mahalle_str": "Yenidoğan Mahallesi", "_hvi_str": "%51", "_aciklama_str": "Sıcaklık: çok yüksek<br>Ağaç örtüsü: düşük<br>Hastaneye uzaklık: uzak<br>Yeşil alana uzaklık: yakın<br>Yapılaşma yoğunluğu: yoğun<br>Nüfus yoğunluğu: çok yoğun<br>Yaşlı nüfus oranı: orta<br>Çocuk nüfus oranı: orta<br>Sosyoekonomik gelişmişlik: çok yüksek"}, "geometry": {"type": "LineString", "coordinates": [[30.5560299, 39.7635458], [30.5558153, 39.7631005], [30.5556437, 39.7627994], [30.5554184, 39.7623335]]}, "bbox": [30.5554184, 39.7623335, 30.5560299, 39.7635458]}, {"id": "1349", "type": "Feature", "properties": {"name": null, "_mahalle_str": "Yenidoğan Mahallesi", "_hvi_str": "%54", "_aciklama_str": "Sıcaklık: çok yüksek<br>Ağaç örtüsü: çok düşük<br>Hastaneye uzaklık: yakın<br>Yeşil alana uzaklık: çok yakın<br>Yapılaşma yoğunluğu: çok yoğun<br>Nüfus yoğunluğu: çok yoğun<br>Yaşlı nüfus oranı: orta<br>Çocuk nüfus oranı: orta<br>Sosyoekonomik gelişmişlik: çok yüksek"}, "geometry": {"type": "LineString", "coordinates": [[30.5577144, 39.7603386], [30.5572959, 39.7605067], [30.5568185, 39.7606221], [30.5562499, 39.7607788]]}, "bbox": [30.5562499, 39.7603386, 30.5577144, 39.7607788]}, {"id": "1350", "type": "Feature", "properties": {"name": null, "_mahalle_str": "Yenidoğan Mahallesi", "_hvi_str": "%58", "_aciklama_str": "Sıcaklık: çok yüksek<br>Ağaç örtüsü: çok düşük<br>Hastaneye uzaklık: orta<br>Yeşil alana uzaklık: yakın<br>Yapılaşma yoğunluğu: çok yoğun<br>Nüfus yoğunluğu: çok yoğun<br>Yaşlı nüfus oranı: orta<br>Çocuk nüfus oranı: orta<br>Sosyoekonomik gelişmişlik: çok yüksek"}, "geometry": {"type": "LineString", "coordinates": [[30.55489, 39.762451], [30.5554184, 39.7623335], [30.556325, 39.7620696], [30.5568185, 39.761917], [30.5579611, 39.7615953], [30.55846, 39.7614273]]}, "bbox": [30.55489, 39.7614273, 30.55846, 39.762451]}, {"id": "1351", "type": "Feature", "properties": {"name": null, "_mahalle_str": "Yenidoğan Mahallesi", "_hvi_str": "%56", "_aciklama_str": "Sıcaklık: çok yüksek<br>Ağaç örtüsü: çok düşük<br>Hastaneye uzaklık: orta<br>Yeşil alana uzaklık: orta<br>Yapılaşma yoğunluğu: çok yoğun<br>Nüfus yoğunluğu: çok yoğun<br>Yaşlı nüfus oranı: orta<br>Çocuk nüfus oranı: orta<br>Sosyoekonomik gelişmişlik: çok yüksek"}, "geometry": {"type": "LineString", "coordinates": [[30.5538187, 39.7622884], [30.5541207, 39.7621917], [30.5546915, 39.762018], [30.555092, 39.7619213], [30.5552416, 39.7618757], [30.5560117, 39.7616412], [30.5565878, 39.7614675], [30.5571404, 39.761319], [30.5576285, 39.7611953], [30.5581918, 39.7610397]]}, "bbox": [30.5538187, 39.7610397, 30.5581918, 39.7622884]}, {"id": "1352", "type": "Feature", "properties": {"name": null, "_mahalle_str": "Yenidoğan Mahallesi", "_hvi_str": "%58", "_aciklama_str": "Sıcaklık: çok yüksek<br>Ağaç örtüsü: çok düşük<br>Hastaneye uzaklık: orta<br>Yeşil alana uzaklık: yakın<br>Yapılaşma yoğunluğu: çok yoğun<br>Nüfus yoğunluğu: çok yoğun<br>Yaşlı nüfus oranı: orta<br>Çocuk nüfus oranı: orta<br>Sosyoekonomik gelişmişlik: çok yüksek"}, "geometry": {"type": "LineString", "coordinates": [[30.5570331, 39.7623665], [30.5581918, 39.7620613]]}, "bbox": [30.5570331, 39.7620613, 30.5581918, 39.7623665]}, {"id": "1353", "type": "Feature", "properties": {"name": null, "_mahalle_str": "Yenidoğan Mahallesi", "_hvi_str": "%53", "_aciklama_str": "Sıcaklık: çok yüksek<br>Ağaç örtüsü: yüksek<br>Hastaneye uzaklık: yakın<br>Yeşil alana uzaklık: çok yakın<br>Yapılaşma yoğunluğu: çok yoğun<br>Nüfus yoğunluğu: çok yoğun<br>Yaşlı nüfus oranı: orta<br>Çocuk nüfus oranı: orta<br>Sosyoekonomik gelişmişlik: çok yüksek"}, "geometry": {"type": "LineString", "coordinates": [[30.5568185, 39.7606221], [30.5571404, 39.761319]]}, "bbox": [30.5568185, 39.7606221, 30.5571404, 39.761319]}, {"id": "1540", "type": "Feature", "properties": {"name": "Yörükçü Sokak", "_mahalle_str": "Şirintepe Mahallesi", "_hvi_str": "%53", "_aciklama_str": "Sıcaklık: yüksek<br>Ağaç örtüsü: düşük<br>Hastaneye uzaklık: orta<br>Yeşil alana uzaklık: orta<br>Yapılaşma yoğunluğu: çok yoğun<br>Nüfus yoğunluğu: seyrek<br>Yaşlı nüfus oranı: orta<br>Çocuk nüfus oranı: orta<br>Sosyoekonomik gelişmişlik: düşük"}, "geometry": {"type": "LineString", "coordinates": [[30.4734951, 39.7937378], [30.4740749, 39.7932896]]}, "bbox": [30.4734951, 39.7932896, 30.4740749, 39.7937378]}, {"id": "1542", "type": "Feature", "properties": {"name": "Yörükçüler Sokak", "_mahalle_str": "Şirintepe Mahallesi", "_hvi_str": "%51", "_aciklama_str": "Sıcaklık: yüksek<br>Ağaç örtüsü: düşük<br>Hastaneye uzaklık: orta<br>Yeşil alana uzaklık: yakın<br>Yapılaşma yoğunluğu: çok yoğun<br>Nüfus yoğunluğu: seyrek<br>Yaşlı nüfus oranı: orta<br>Çocuk nüfus oranı: orta<br>Sosyoekonomik gelişmişlik: düşük"}, "geometry": {"type": "LineString", "coordinates": [[30.4727479, 39.7942057], [30.4733897, 39.7936966]]}, "bbox": [30.4727479, 39.7936966, 30.4733897, 39.7942057]}, {"id": "1543", "type": "Feature", "properties": {"name": null, "_mahalle_str": "Şirintepe Mahallesi", "_hvi_str": "%55", "_aciklama_str": "Sıcaklık: yüksek<br>Ağaç örtüsü: çok düşük<br>Hastaneye uzaklık: orta<br>Yeşil alana uzaklık: uzak<br>Yapılaşma yoğunluğu: çok yoğun<br>Nüfus yoğunluğu: seyrek<br>Yaşlı nüfus oranı: orta<br>Çocuk nüfus oranı: orta<br>Sosyoekonomik gelişmişlik: düşük"}, "geometry": {"type": "LineString", "coordinates": [[30.4821035, 39.7948441], [30.4829648, 39.7949769]]}, "bbox": [30.4821035, 39.7948441, 30.4829648, 39.7949769]}, {"id": "1544", "type": "Feature", "properties": {"name": "Barışık Sokak", "_mahalle_str": "Şirintepe Mahallesi", "_hvi_str": "%56", "_aciklama_str": "Sıcaklık: yüksek<br>Ağaç örtüsü: çok düşük<br>Hastaneye uzaklık: uzak<br>Yeşil alana uzaklık: orta<br>Yapılaşma yoğunluğu: çok yoğun<br>Nüfus yoğunluğu: seyrek<br>Yaşlı nüfus oranı: orta<br>Çocuk nüfus oranı: orta<br>Sosyoekonomik gelişmişlik: düşük"}, "geometry": {"type": "LineString", "coordinates": [[30.4791924, 39.7923808], [30.4773044, 39.793417]]}, "bbox": [30.4773044, 39.7923808, 30.4791924, 39.793417]}, {"id": "1545", "type": "Feature", "properties": {"name": "Abadan Sokak", "_mahalle_str": "Şirintepe Mahallesi", "_hvi_str": "%52", "_aciklama_str": "Sıcaklık: yüksek<br>Ağaç örtüsü: çok düşük<br>Hastaneye uzaklık: orta<br>Yeşil alana uzaklık: orta<br>Yapılaşma yoğunluğu: çok yoğun<br>Nüfus yoğunluğu: seyrek<br>Yaşlı nüfus oranı: orta<br>Çocuk nüfus oranı: orta<br>Sosyoekonomik gelişmişlik: düşük"}, "geometry": {"type": "LineString", "coordinates": [[30.473806, 39.7931009], [30.474292, 39.7925704], [30.4750118, 39.7917948]]}, "bbox": [30.473806, 39.7917948, 30.4750118, 39.7931009]}, {"id": "1548", "type": "Feature", "properties": {"name": "Akarsu Sokak", "_mahalle_str": "Şirintepe Mahallesi", "_hvi_str": "%52", "_aciklama_str": "Sıcaklık: yüksek<br>Ağaç örtüsü: düşük<br>Hastaneye uzaklık: orta<br>Yeşil alana uzaklık: orta<br>Yapılaşma yoğunluğu: çok yoğun<br>Nüfus yoğunluğu: seyrek<br>Yaşlı nüfus oranı: orta<br>Çocuk nüfus oranı: orta<br>Sosyoekonomik gelişmişlik: düşük"}, "geometry": {"type": "LineString", "coordinates": [[30.4753198, 39.7920252], [30.4745514, 39.792783], [30.4740588, 39.7932778]]}, "bbox": [30.4740588, 39.7920252, 30.4753198, 39.7932778]}, {"id": "1549", "type": "Feature", "properties": {"name": "Özgür Sokak", "_mahalle_str": "Şirintepe Mahallesi", "_hvi_str": "%52", "_aciklama_str": "Sıcaklık: yüksek<br>Ağaç örtüsü: düşük<br>Hastaneye uzaklık: orta<br>Yeşil alana uzaklık: yakın<br>Yapılaşma yoğunluğu: çok yoğun<br>Nüfus yoğunluğu: seyrek<br>Yaşlı nüfus oranı: orta<br>Çocuk nüfus oranı: orta<br>Sosyoekonomik gelişmişlik: düşük"}, "geometry": {"type": "LineString", "coordinates": [[30.4754645, 39.7921325], [30.474723, 39.7928872], [30.4742368, 39.7933961]]}, "bbox": [30.4742368, 39.7921325, 30.4754645, 39.7933961]}, {"id": "1552", "type": "Feature", "properties": {"name": "Erkanat Sokak", "_mahalle_str": "Şirintepe Mahallesi", "_hvi_str": "%51", "_aciklama_str": "Sıcaklık: yüksek<br>Ağaç örtüsü: düşük<br>Hastaneye uzaklık: orta<br>Yeşil alana uzaklık: orta<br>Yapılaşma yoğunluğu: çok yoğun<br>Nüfus yoğunluğu: seyrek<br>Yaşlı nüfus oranı: orta<br>Çocuk nüfus oranı: orta<br>Sosyoekonomik gelişmişlik: düşük"}, "geometry": {"type": "LineString", "coordinates": [[30.4761767, 39.7948344], [30.4758019, 39.7945473], [30.4754371, 39.7942477], [30.4750493, 39.793974], [30.4749624, 39.7939078], [30.4745983, 39.7936484], [30.4743123, 39.793456], [30.4742368, 39.7933961], [30.4740749, 39.7932896], [30.4740588, 39.7932778], [30.473806, 39.7931009], [30.4737212, 39.7930444], [30.4734549, 39.7928759], [30.4731695, 39.7926654], [30.4730432, 39.7925732], [30.4728454, 39.792416], [30.4726179, 39.7922437], [30.4724174, 39.7920572], [30.4722539, 39.7919052], [30.4717418, 39.7914288]]}, "bbox": [30.4717418, 39.7914288, 30.4761767, 39.7948344]}, {"id": "1554", "type": "Feature", "properties": {"name": "Arabacı Sokak", "_mahalle_str": "Şirintepe Mahallesi", "_hvi_str": "%51", "_aciklama_str": "Sıcaklık: yüksek<br>Ağaç örtüsü: düşük<br>Hastaneye uzaklık: orta<br>Yeşil alana uzaklık: orta<br>Yapılaşma yoğunluğu: çok yoğun<br>Nüfus yoğunluğu: seyrek<br>Yaşlı nüfus oranı: orta<br>Çocuk nüfus oranı: orta<br>Sosyoekonomik gelişmişlik: düşük"}, "geometry": {"type": "LineString", "coordinates": [[30.4721503, 39.7938147], [30.4727116, 39.793368], [30.4734549, 39.7928759]]}, "bbox": [30.4721503, 39.7928759, 30.4734549, 39.7938147]}, {"id": "1555", "type": "Feature", "properties": {"name": "Ortanca Sokak", "_mahalle_str": "Şirintepe Mahallesi", "_hvi_str": "%51", "_aciklama_str": "Sıcaklık: yüksek<br>Ağaç örtüsü: çok düşük<br>Hastaneye uzaklık: orta<br>Yeşil alana uzaklık: yakın<br>Yapılaşma yoğunluğu: çok yoğun<br>Nüfus yoğunluğu: seyrek<br>Yaşlı nüfus oranı: orta<br>Çocuk nüfus oranı: orta<br>Sosyoekonomik gelişmişlik: düşük"}, "geometry": {"type": "LineString", "coordinates": [[30.480691, 39.7930822], [30.4796382, 39.7927066], [30.4793941, 39.7926097]]}, "bbox": [30.4793941, 39.7926097, 30.480691, 39.7930822]}, {"id": "1557", "type": "Feature", "properties": {"name": "Yusuf Pehlivan Sokak", "_mahalle_str": "Şirintepe Mahallesi", "_hvi_str": "%51", "_aciklama_str": "Sıcaklık: yüksek<br>Ağaç örtüsü: çok düşük<br>Hastaneye uzaklık: uzak<br>Yeşil alana uzaklık: yakın<br>Yapılaşma yoğunluğu: çok yoğun<br>Nüfus yoğunluğu: seyrek<br>Yaşlı nüfus oranı: orta<br>Çocuk nüfus oranı: orta<br>Sosyoekonomik gelişmişlik: düşük"}, "geometry": {"type": "LineString", "coordinates": [[30.4730732, 39.7944185], [30.4737699, 39.7938766], [30.4743123, 39.793456]]}, "bbox": [30.4730732, 39.793456, 30.4743123, 39.7944185]}, {"id": "1559", "type": "Feature", "properties": {"name": "Volkan Sokak", "_mahalle_str": "Şirintepe Mahallesi", "_hvi_str": "%55", "_aciklama_str": "Sıcaklık: yüksek<br>Ağaç örtüsü: çok düşük<br>Hastaneye uzaklık: uzak<br>Yeşil alana uzaklık: orta<br>Yapılaşma yoğunluğu: çok yoğun<br>Nüfus yoğunluğu: seyrek<br>Yaşlı nüfus oranı: orta<br>Çocuk nüfus oranı: orta<br>Sosyoekonomik gelişmişlik: düşük"}, "geometry": {"type": "LineString", "coordinates": [[30.4777241, 39.7922367], [30.4778948, 39.7924352], [30.4780849, 39.7926377]]}, "bbox": [30.4777241, 39.7922367, 30.4780849, 39.7926377]}, {"id": "1560", "type": "Feature", "properties": {"name": "Lale Şah Sokak", "_mahalle_str": "Şirintepe Mahallesi", "_hvi_str": "%52", "_aciklama_str": "Sıcaklık: yüksek<br>Ağaç örtüsü: düşük<br>Hastaneye uzaklık: orta<br>Yeşil alana uzaklık: orta<br>Yapılaşma yoğunluğu: çok yoğun<br>Nüfus yoğunluğu: seyrek<br>Yaşlı nüfus oranı: orta<br>Çocuk nüfus oranı: orta<br>Sosyoekonomik gelişmişlik: düşük"}, "geometry": {"type": "LineString", "coordinates": [[30.4724397, 39.7940034], [30.4730913, 39.7935521], [30.4737212, 39.7930444]]}, "bbox": [30.4724397, 39.7930444, 30.4737212, 39.7940034]}, {"id": "1561", "type": "Feature", "properties": {"name": "Arabacı Sokak", "_mahalle_str": "Şirintepe Mahallesi", "_hvi_str": "%50", "_aciklama_str": "Sıcaklık: yüksek<br>Ağaç örtüsü: düşük<br>Hastaneye uzaklık: orta<br>Yeşil alana uzaklık: yakın<br>Yapılaşma yoğunluğu: çok yoğun<br>Nüfus yoğunluğu: seyrek<br>Yaşlı nüfus oranı: orta<br>Çocuk nüfus oranı: orta<br>Sosyoekonomik gelişmişlik: düşük"}, "geometry": {"type": "LineString", "coordinates": [[30.4746958, 39.7915842], [30.4741937, 39.7921072], [30.4734549, 39.7928759]]}, "bbox": [30.4734549, 39.7915842, 30.4746958, 39.7928759]}, {"id": "1563", "type": "Feature", "properties": {"name": "Çavuşzade Sokak", "_mahalle_str": "Şirintepe Mahallesi", "_hvi_str": "%55", "_aciklama_str": "Sıcaklık: yüksek<br>Ağaç örtüsü: çok düşük<br>Hastaneye uzaklık: uzak<br>Yeşil alana uzaklık: orta<br>Yapılaşma yoğunluğu: çok yoğun<br>Nüfus yoğunluğu: seyrek<br>Yaşlı nüfus oranı: orta<br>Çocuk nüfus oranı: orta<br>Sosyoekonomik gelişmişlik: düşük"}, "geometry": {"type": "LineString", "coordinates": [[30.4770335, 39.793223], [30.4780849, 39.7926377], [30.4789257, 39.7921689]]}, "bbox": [30.4770335, 39.7921689, 30.4789257, 39.793223]}, {"id": "1564", "type": "Feature", "properties": {"name": "Kurucu Sokak", "_mahalle_str": "Şirintepe Mahallesi", "_hvi_str": "%57", "_aciklama_str": "Sıcaklık: yüksek<br>Ağaç örtüsü: düşük<br>Hastaneye uzaklık: uzak<br>Yeşil alana uzaklık: orta<br>Yapılaşma yoğunluğu: çok yoğun<br>Nüfus yoğunluğu: seyrek<br>Yaşlı nüfus oranı: orta<br>Çocuk nüfus oranı: orta<br>Sosyoekonomik gelişmişlik: düşük"}, "geometry": {"type": "LineString", "coordinates": [[30.4781303, 39.7937343], [30.4772671, 39.7945015]]}, "bbox": [30.4772671, 39.7937343, 30.4781303, 39.7945015]}, {"id": "1565", "type": "Feature", "properties": {"name": "Evci Sokak", "_mahalle_str": "Şirintepe Mahallesi", "_hvi_str": "%52", "_aciklama_str": "Sıcaklık: yüksek<br>Ağaç örtüsü: çok düşük<br>Hastaneye uzaklık: uzak<br>Yeşil alana uzaklık: yakın<br>Yapılaşma yoğunluğu: çok yoğun<br>Nüfus yoğunluğu: seyrek<br>Yaşlı nüfus oranı: orta<br>Çocuk nüfus oranı: orta<br>Sosyoekonomik gelişmişlik: düşük"}, "geometry": {"type": "LineString", "coordinates": [[30.4769475, 39.7915883], [30.4772269, 39.7920177], [30.47746, 39.7923619]]}, "bbox": [30.4769475, 39.7915883, 30.47746, 39.7923619]}, {"id": "1569", "type": "Feature", "properties": {"name": "Biçerler Sokak", "_mahalle_str": "Şirintepe Mahallesi", "_hvi_str": "%54", "_aciklama_str": "Sıcaklık: orta<br>Ağaç örtüsü: yüksek<br>Hastaneye uzaklık: uzak<br>Yeşil alana uzaklık: orta<br>Yapılaşma yoğunluğu: çok yoğun<br>Nüfus yoğunluğu: seyrek<br>Yaşlı nüfus oranı: orta<br>Çocuk nüfus oranı: orta<br>Sosyoekonomik gelişmişlik: düşük"}, "geometry": {"type": "LineString", "coordinates": [[30.4776202, 39.7958499], [30.477666, 39.7957374], [30.4780431, 39.7951623], [30.4781265, 39.7950342], [30.4783846, 39.7946377]]}, "bbox": [30.4776202, 39.7946377, 30.4783846, 39.7958499]}, {"id": "1577", "type": "Feature", "properties": {"name": "Kirazbakan Sokak", "_mahalle_str": "Şirintepe Mahallesi", "_hvi_str": "%54", "_aciklama_str": "Sıcaklık: orta<br>Ağaç örtüsü: düşük<br>Hastaneye uzaklık: yakın<br>Yeşil alana uzaklık: uzak<br>Yapılaşma yoğunluğu: çok yoğun<br>Nüfus yoğunluğu: seyrek<br>Yaşlı nüfus oranı: orta<br>Çocuk nüfus oranı: orta<br>Sosyoekonomik gelişmişlik: düşük"}, "geometry": {"type": "LineString", "coordinates": [[30.484143, 39.7947948], [30.4839931, 39.7952274], [30.4839391, 39.7954786], [30.4838753, 39.7958124], [30.4838739, 39.7962515], [30.4839111, 39.7973002], [30.4839287, 39.797883], [30.4839478, 39.7987558]]}, "bbox": [30.4838739, 39.7947948, 30.484143, 39.7987558]}, {"id": "1578", "type": "Feature", "properties": {"name": "Hayat Veren Sokak", "_mahalle_str": "Şirintepe Mahallesi", "_hvi_str": "%55", "_aciklama_str": "Sıcaklık: orta<br>Ağaç örtüsü: düşük<br>Hastaneye uzaklık: uzak<br>Yeşil alana uzaklık: orta<br>Yapılaşma yoğunluğu: çok yoğun<br>Nüfus yoğunluğu: seyrek<br>Yaşlı nüfus oranı: orta<br>Çocuk nüfus oranı: orta<br>Sosyoekonomik gelişmişlik: düşük"}, "geometry": {"type": "LineString", "coordinates": [[30.4783904, 39.7937996], [30.4781766, 39.7941755], [30.4779259, 39.7944262], [30.4775873, 39.7947149], [30.477308, 39.7949529], [30.4768619, 39.7953331]]}, "bbox": [30.4768619, 39.7937996, 30.4783904, 39.7953331]}, {"id": "1579", "type": "Feature", "properties": {"name": "Celep Sokak", "_mahalle_str": "Şirintepe Mahallesi", "_hvi_str": "%53", "_aciklama_str": "Sıcaklık: yüksek<br>Ağaç örtüsü: düşük<br>Hastaneye uzaklık: uzak<br>Yeşil alana uzaklık: orta<br>Yapılaşma yoğunluğu: çok yoğun<br>Nüfus yoğunluğu: seyrek<br>Yaşlı nüfus oranı: orta<br>Çocuk nüfus oranı: orta<br>Sosyoekonomik gelişmişlik: düşük"}, "geometry": {"type": "LineString", "coordinates": [[30.4764394, 39.7928074], [30.47746, 39.7923619], [30.4777241, 39.7922367], [30.4781155, 39.7920347], [30.4784616, 39.7917222]]}, "bbox": [30.4764394, 39.7917222, 30.4784616, 39.7928074]}, {"id": "1580", "type": "Feature", "properties": {"name": "Üresinler Sokak", "_mahalle_str": "Şirintepe Mahallesi", "_hvi_str": "%55", "_aciklama_str": "Sıcaklık: orta<br>Ağaç örtüsü: düşük<br>Hastaneye uzaklık: uzak<br>Yeşil alana uzaklık: orta<br>Yapılaşma yoğunluğu: çok yoğun<br>Nüfus yoğunluğu: seyrek<br>Yaşlı nüfus oranı: orta<br>Çocuk nüfus oranı: orta<br>Sosyoekonomik gelişmişlik: düşük"}, "geometry": {"type": "LineString", "coordinates": [[30.476079, 39.7949174], [30.4765169, 39.795153], [30.4767511, 39.7952787], [30.4768619, 39.7953331], [30.4772982, 39.7955438], [30.4776079, 39.7957042], [30.477666, 39.7957374]]}, "bbox": [30.476079, 39.7949174, 30.477666, 39.7957374]}, {"id": "1581", "type": "Feature", "properties": {"name": "Gökay Sokak", "_mahalle_str": "Şirintepe Mahallesi", "_hvi_str": "%51", "_aciklama_str": "Sıcaklık: yüksek<br>Ağaç örtüsü: düşük<br>Hastaneye uzaklık: uzak<br>Yeşil alana uzaklık: yakın<br>Yapılaşma yoğunluğu: çok yoğun<br>Nüfus yoğunluğu: seyrek<br>Yaşlı nüfus oranı: orta<br>Çocuk nüfus oranı: orta<br>Sosyoekonomik gelişmişlik: düşük"}, "geometry": {"type": "LineString", "coordinates": [[30.4745637, 39.7953985], [30.4755343, 39.7947202], [30.4758019, 39.7945473], [30.4764633, 39.7939352], [30.4771766, 39.7933352]]}, "bbox": [30.4745637, 39.7933352, 30.4771766, 39.7953985]}, {"id": "1583", "type": "Feature", "properties": {"name": null, "_mahalle_str": "Şirintepe Mahallesi", "_hvi_str": "%57", "_aciklama_str": "Sıcaklık: çok yüksek<br>Ağaç örtüsü: çok düşük<br>Hastaneye uzaklık: orta<br>Yeşil alana uzaklık: uzak<br>Yapılaşma yoğunluğu: çok yoğun<br>Nüfus yoğunluğu: seyrek<br>Yaşlı nüfus oranı: orta<br>Çocuk nüfus oranı: orta<br>Sosyoekonomik gelişmişlik: düşük"}, "geometry": {"type": "LineString", "coordinates": [[30.483257, 39.7954209], [30.4828745, 39.7953572], [30.4820106, 39.7951897]]}, "bbox": [30.4820106, 39.7951897, 30.483257, 39.7954209]}, {"id": "1584", "type": "Feature", "properties": {"name": "Poyrazoğlu Sokak", "_mahalle_str": "Şirintepe Mahallesi", "_hvi_str": "%51", "_aciklama_str": "Sıcaklık: yüksek<br>Ağaç örtüsü: düşük<br>Hastaneye uzaklık: orta<br>Yeşil alana uzaklık: orta<br>Yapılaşma yoğunluğu: çok yoğun<br>Nüfus yoğunluğu: seyrek<br>Yaşlı nüfus oranı: orta<br>Çocuk nüfus oranı: orta<br>Sosyoekonomik gelişmişlik: düşük"}, "geometry": {"type": "LineString", "coordinates": [[30.4822949, 39.801045], [30.4823494, 39.800468], [30.4823815, 39.8000852], [30.4824326, 39.7994891], [30.4824861, 39.7989827], [30.4825274, 39.7985417], [30.4825663, 39.7981269], [30.4825858, 39.7979643], [30.4825962, 39.7978807], [30.4826357, 39.7978005], [30.4825898, 39.796309], [30.4826014, 39.7961608], [30.4827936, 39.7956995], [30.4828745, 39.7953572], [30.48295, 39.7950378], [30.4829648, 39.7949769], [30.4829729, 39.7949436], [30.4830479, 39.7946354]]}, "bbox": [30.4822949, 39.7946354, 30.4830479, 39.801045]}, {"id": "1587", "type": "Feature", "properties": {"name": "Onuralp Sokak", "_mahalle_str": "Şirintepe Mahallesi", "_hvi_str": "%54", "_aciklama_str": "Sıcaklık: yüksek<br>Ağaç örtüsü: düşük<br>Hastaneye uzaklık: uzak<br>Yeşil alana uzaklık: orta<br>Yapılaşma yoğunluğu: çok yoğun<br>Nüfus yoğunluğu: seyrek<br>Yaşlı nüfus oranı: orta<br>Çocuk nüfus oranı: orta<br>Sosyoekonomik gelişmişlik: düşük"}, "geometry": {"type": "LineString", "coordinates": [[30.478741, 39.7919988], [30.4778948, 39.7924352], [30.4769414, 39.7929509], [30.4767903, 39.7930332]]}, "bbox": [30.4767903, 39.7919988, 30.478741, 39.7930332]}, {"id": "1588", "type": "Feature", "properties": {"name": "Ceyda Sokak", "_mahalle_str": "Şirintepe Mahallesi", "_hvi_str": "%56", "_aciklama_str": "Sıcaklık: orta<br>Ağaç örtüsü: düşük<br>Hastaneye uzaklık: uzak<br>Yeşil alana uzaklık: orta<br>Yapılaşma yoğunluğu: çok yoğun<br>Nüfus yoğunluğu: seyrek<br>Yaşlı nüfus oranı: orta<br>Çocuk nüfus oranı: orta<br>Sosyoekonomik gelişmişlik: düşük"}, "geometry": {"type": "LineString", "coordinates": [[30.4781265, 39.7950342], [30.4779311, 39.794946], [30.4778831, 39.7949243], [30.4776605, 39.7947667], [30.4775873, 39.7947149], [30.4772671, 39.7945015]]}, "bbox": [30.4772671, 39.7945015, 30.4781265, 39.7950342]}, {"id": "1590", "type": "Feature", "properties": {"name": "Meşelik Sokak", "_mahalle_str": "Şirintepe Mahallesi", "_hvi_str": "%51", "_aciklama_str": "Sıcaklık: yüksek<br>Ağaç örtüsü: düşük<br>Hastaneye uzaklık: uzak<br>Yeşil alana uzaklık: çok yakın<br>Yapılaşma yoğunluğu: çok yoğun<br>Nüfus yoğunluğu: seyrek<br>Yaşlı nüfus oranı: orta<br>Çocuk nüfus oranı: orta<br>Sosyoekonomik gelişmişlik: düşük"}, "geometry": {"type": "LineString", "coordinates": [[30.4733636, 39.7946085], [30.4740909, 39.7940222], [30.4745983, 39.7936484], [30.4750914, 39.7931857], [30.4751312, 39.7931421], [30.4751857, 39.7930824], [30.4752432, 39.7930193], [30.475536, 39.7926983], [30.4759702, 39.7925015]]}, "bbox": [30.4733636, 39.7925015, 30.4759702, 39.7946085]}, {"id": "1591", "type": "Feature", "properties": {"name": "949. Sokak", "_mahalle_str": "Yukarı Söğütönü Mahallesi", "_hvi_str": "%54", "_aciklama_str": "Sıcaklık: çok yüksek<br>Ağaç örtüsü: orta<br>Hastaneye uzaklık: çok uzak<br>Yeşil alana uzaklık: çok uzak<br>Yapılaşma yoğunluğu: çok seyrek<br>Nüfus yoğunluğu: seyrek<br>Yaşlı nüfus oranı: orta<br>Çocuk nüfus oranı: orta<br>Sosyoekonomik gelişmişlik: düşük"}, "geometry": {"type": "LineString", "coordinates": [[30.3828118, 39.8135777], [30.3829721, 39.8136672], [30.3830431, 39.8136779], [30.3831189, 39.8136884], [30.3837991, 39.8135643], [30.3841218, 39.8135682], [30.3852307, 39.8137915], [30.3855883, 39.8139121], [30.3861904, 39.8140919], [30.3865583, 39.8142302], [30.3874306, 39.8143884], [30.3888354, 39.8148172], [30.3901888, 39.8151413], [30.393023, 39.8157849], [30.3935158, 39.8160645], [30.3942051, 39.8164734], [30.3943672, 39.8165623], [30.3944959, 39.8166334], [30.3958953, 39.8173922], [30.3962635, 39.8175919], [30.397393, 39.818165], [30.3990217, 39.8186275], [30.4012396, 39.8192875], [30.4023331, 39.8197144], [30.4037891, 39.8204915], [30.4061016, 39.8212527], [30.4067369, 39.8213893], [30.407008, 39.8214869], [30.4090203, 39.8222938], [30.4096033, 39.8224872], [30.4104474, 39.8227774], [30.4107972, 39.8229171], [30.411105, 39.8230317], [30.4114641, 39.8231141], [30.4118605, 39.8232072], [30.4123641, 39.8232752], [30.4126999, 39.8234293], [30.4129704, 39.8235761]]}, "bbox": [30.3828118, 39.8135643, 30.4129704, 39.8235761]}, {"id": "1592", "type": "Feature", "properties": {"name": null, "_mahalle_str": "Keskin Mahallesi", "_hvi_str": "%64", "_aciklama_str": "Sıcaklık: yüksek<br>Ağaç örtüsü: çok yüksek<br>Hastaneye uzaklık: çok uzak<br>Yeşil alana uzaklık: çok uzak<br>Yapılaşma yoğunluğu: çok seyrek<br>Nüfus yoğunluğu: seyrek<br>Yaşlı nüfus oranı: orta<br>Çocuk nüfus oranı: orta<br>Sosyoekonomik gelişmişlik: düşük"}, "geometry": {"type": "LineString", "coordinates": [[30.4144348, 39.8244966], [30.4145304, 39.8247473], [30.414633, 39.82493], [30.4147589, 39.8250303], [30.4148639, 39.8251109], [30.4148848, 39.825127], [30.4150014, 39.8253061], [30.4150247, 39.8256642], [30.4149548, 39.8258003], [30.4145211, 39.8266062], [30.4140653, 39.8274063], [30.4133368, 39.8284016], [30.4131484, 39.8285513], [30.4128372, 39.8288314], [30.4124832, 39.8293587], [30.4117751, 39.8302568], [30.4112762, 39.8309283], [30.4110241, 39.8314144], [30.4105252, 39.832263], [30.4098385, 39.8333341], [30.4095167, 39.8338366], [30.4091036, 39.8347717], [30.408948, 39.8351631], [30.4087174, 39.8358716], [30.408476, 39.8366336], [30.408315, 39.8370332], [30.4082346, 39.8373792], [30.4079878, 39.8377788], [30.4079073, 39.8380383], [30.4078591, 39.8384667], [30.4078859, 39.8389074], [30.4076552, 39.8393934], [30.4072851, 39.839896], [30.4071456, 39.8400731], [30.4068452, 39.8403655], [30.4061156, 39.8408433], [30.4054344, 39.8414694], [30.405193, 39.8418895], [30.4048013, 39.842598], [30.4046297, 39.8428904], [30.404517, 39.8432076], [30.4045117, 39.8437595], [30.4044956, 39.8445297], [30.4045385, 39.8447274], [30.4045439, 39.8450363], [30.4046029, 39.8457982], [30.4045868, 39.8463666], [30.4044848, 39.8470132], [30.4044312, 39.8472439], [30.4041683, 39.8482158], [30.4039377, 39.848916], [30.4036856, 39.8493649], [30.4035407, 39.849855], [30.4036454, 39.850145], [30.4037177, 39.8503451], [30.4038465, 39.8507652], [30.4040986, 39.8518936], [30.4045814, 39.8534338], [30.4046672, 39.8538456], [30.4049998, 39.8552499], [30.4050749, 39.8559088], [30.405032, 39.8564771], [30.4048604, 39.8572718], [30.404789, 39.8577045]]}, "bbox": [30.4035407, 39.8244966, 30.4150247, 39.8577045]}, {"id": "1597", "type": "Feature", "properties": {"name": null, "_mahalle_str": "Yukarı Söğütönü Mahallesi", "_hvi_str": "%54", "_aciklama_str": "Sıcaklık: düşük<br>Ağaç örtüsü: çok yüksek<br>Hastaneye uzaklık: çok uzak<br>Yeşil alana uzaklık: çok uzak<br>Yapılaşma yoğunluğu: çok seyrek<br>Nüfus yoğunluğu: seyrek<br>Yaşlı nüfus oranı: orta<br>Çocuk nüfus oranı: orta<br>Sosyoekonomik gelişmişlik: düşük"}, "geometry": {"type": "LineString", "coordinates": [[30.4048509, 39.8345096], [30.4049467, 39.8340773], [30.4051923, 39.8338841], [30.4055996, 39.8333919], [30.4066837, 39.831805], [30.4080015, 39.8299927], [30.4084088, 39.8294775], [30.4085286, 39.8291694], [30.4086723, 39.8283184], [30.4087502, 39.8280792], [30.4093073, 39.8273432], [30.4095049, 39.8270258], [30.4098463, 39.8266946], [30.410038, 39.8264324], [30.4101039, 39.8262208], [30.4102357, 39.8260367], [30.4105593, 39.825718], [30.4107039, 39.8255747], [30.4108018, 39.8254422], [30.4109324, 39.8251342], [30.4110257, 39.825041], [30.4112029, 39.8249264], [30.4113755, 39.8247438], [30.4115014, 39.8245969], [30.411548, 39.8244644], [30.411534, 39.8242566], [30.4115701, 39.8241568]]}, "bbox": [30.4048509, 39.8241568, 30.4115701, 39.8345096]}, {"id": "1604", "type": "Feature", "properties": {"name": null, "_mahalle_str": "Yukarı Söğütönü Mahallesi", "_hvi_str": "%54", "_aciklama_str": "Sıcaklık: yüksek<br>Ağaç örtüsü: yüksek<br>Hastaneye uzaklık: çok uzak<br>Yeşil alana uzaklık: çok uzak<br>Yapılaşma yoğunluğu: çok seyrek<br>Nüfus yoğunluğu: seyrek<br>Yaşlı nüfus oranı: orta<br>Çocuk nüfus oranı: orta<br>Sosyoekonomik gelişmişlik: düşük"}, "geometry": {"type": "LineString", "coordinates": [[30.4148639, 39.8251109], [30.4151034, 39.8251498], [30.4153541, 39.8251625], [30.4155641, 39.8251934], [30.415608, 39.8252005], [30.4156706, 39.8252461], [30.4156805, 39.82536], [30.4157003, 39.8254791], [30.4157399, 39.8256437], [30.4158949, 39.825902], [30.4160301, 39.826059], [30.4161191, 39.8262617], [30.4163005, 39.8268163], [30.4163599, 39.8270138], [30.4174155, 39.8294864], [30.4181864, 39.8313729]]}, "bbox": [30.4148639, 39.8251109, 30.4181864, 39.8313729]}, {"id": "1626", "type": "Feature", "properties": {"name": null, "_mahalle_str": "Yukarı Söğütönü Mahallesi", "_hvi_str": "%51", "_aciklama_str": "Sıcaklık: çok yüksek<br>Ağaç örtüsü: çok yüksek<br>Hastaneye uzaklık: çok uzak<br>Yeşil alana uzaklık: çok uzak<br>Yapılaşma yoğunluğu: çok seyrek<br>Nüfus yoğunluğu: seyrek<br>Yaşlı nüfus oranı: orta<br>Çocuk nüfus oranı: orta<br>Sosyoekonomik gelişmişlik: düşük"}, "geometry": {"type": "LineString", "coordinates": [[30.4160201, 39.8230188], [30.4170656, 39.822721]]}, "bbox": [30.4160201, 39.822721, 30.4170656, 39.8230188]}, {"id": "1627", "type": "Feature", "properties": {"name": null, "_mahalle_str": "Yukarı Söğütönü Mahallesi", "_hvi_str": "%50", "_aciklama_str": "Sıcaklık: yüksek<br>Ağaç örtüsü: çok yüksek<br>Hastaneye uzaklık: çok uzak<br>Yeşil alana uzaklık: çok uzak<br>Yapılaşma yoğunluğu: çok seyrek<br>Nüfus yoğunluğu: seyrek<br>Yaşlı nüfus oranı: orta<br>Çocuk nüfus oranı: orta<br>Sosyoekonomik gelişmişlik: düşük"}, "geometry": {"type": "LineString", "coordinates": [[30.4134888, 39.8236144], [30.4137959, 39.8236907], [30.414127, 39.8238161], [30.4143369, 39.823902], [30.4145187, 39.8239558], [30.4146913, 39.8240453], [30.4148032, 39.824099], [30.4149501, 39.8241331], [30.4151343, 39.8241205], [30.4154188, 39.8240202], [30.4157173, 39.8238662], [30.4158012, 39.8238483], [30.4159156, 39.8238942], [30.4163842, 39.8240417], [30.4164531, 39.8240638], [30.4168086, 39.8241778], [30.4169765, 39.8242423], [30.4169811, 39.824296], [30.4169134, 39.8243871], [30.4167946, 39.8245468], [30.4167433, 39.82469], [30.4167153, 39.824776]]}, "bbox": [30.4134888, 39.8236144, 30.4169811, 39.824776]}, {"id": "1628", "type": "Feature", "properties": {"name": null, "_mahalle_str": "Yukarı Söğütönü Mahallesi", "_hvi_str": "%53", "_aciklama_str": "Sıcaklık: çok yüksek<br>Ağaç örtüsü: yüksek<br>Hastaneye uzaklık: çok uzak<br>Yeşil alana uzaklık: çok uzak<br>Yapılaşma yoğunluğu: çok seyrek<br>Nüfus yoğunluğu: seyrek<br>Yaşlı nüfus oranı: orta<br>Çocuk nüfus oranı: orta<br>Sosyoekonomik gelişmişlik: düşük"}, "geometry": {"type": "LineString", "coordinates": [[30.4133342, 39.8236907], [30.4134888, 39.8236144], [30.4135301, 39.823594], [30.4137369, 39.8234355], [30.4139778, 39.8233863], [30.4142529, 39.8234221], [30.4144581, 39.8233863], [30.4147612, 39.8233146], [30.4150364, 39.8232215], [30.4154002, 39.823132], [30.4157546, 39.8230854], [30.4159959, 39.8230866], [30.4160118, 39.8231371], [30.4161697, 39.8232394], [30.4162956, 39.8233719], [30.4164262, 39.8234722], [30.416678, 39.82344], [30.4169601, 39.8234152], [30.4170045, 39.8234113], [30.4174009, 39.8233648], [30.4178392, 39.8234149], [30.418273, 39.8234651], [30.418453, 39.8234906], [30.4187533, 39.8235331], [30.4189484, 39.8235907]]}, "bbox": [30.4133342, 39.8230854, 30.4189484, 39.8236907]}, {"id": "1632", "type": "Feature", "properties": {"name": null, "_mahalle_str": "Yukarı Söğütönü Mahallesi", "_hvi_str": "%50", "_aciklama_str": "Sıcaklık: yüksek<br>Ağaç örtüsü: çok yüksek<br>Hastaneye uzaklık: çok uzak<br>Yeşil alana uzaklık: çok uzak<br>Yapılaşma yoğunluğu: çok seyrek<br>Nüfus yoğunluğu: seyrek<br>Yaşlı nüfus oranı: orta<br>Çocuk nüfus oranı: orta<br>Sosyoekonomik gelişmişlik: düşük"}, "geometry": {"type": "LineString", "coordinates": [[30.4175288, 39.8248725], [30.417283, 39.8246786], [30.4169134, 39.8243871]]}, "bbox": [30.4169134, 39.8243871, 30.4175288, 39.8248725]}, {"id": "1640", "type": "Feature", "properties": {"name": null, "_mahalle_str": "Yukarı Söğütönü Mahallesi", "_hvi_str": "%52", "_aciklama_str": "Sıcaklık: orta<br>Ağaç örtüsü: yüksek<br>Hastaneye uzaklık: çok uzak<br>Yeşil alana uzaklık: çok uzak<br>Yapılaşma yoğunluğu: çok seyrek<br>Nüfus yoğunluğu: seyrek<br>Yaşlı nüfus oranı: orta<br>Çocuk nüfus oranı: orta<br>Sosyoekonomik gelişmişlik: düşük"}, "geometry": {"type": "LineString", "coordinates": [[30.4155641, 39.8251934], [30.4155387, 39.8250612], [30.4156245, 39.8249092], [30.4158145, 39.8247127]]}, "bbox": [30.4155387, 39.8247127, 30.4158145, 39.8251934]}, {"id": "1645", "type": "Feature", "properties": {"name": null, "_mahalle_str": "Yukarı Söğütönü Mahallesi", "_hvi_str": "%51", "_aciklama_str": "Sıcaklık: çok yüksek<br>Ağaç örtüsü: orta<br>Hastaneye uzaklık: çok uzak<br>Yeşil alana uzaklık: çok uzak<br>Yapılaşma yoğunluğu: çok seyrek<br>Nüfus yoğunluğu: seyrek<br>Yaşlı nüfus oranı: orta<br>Çocuk nüfus oranı: orta<br>Sosyoekonomik gelişmişlik: düşük"}, "geometry": {"type": "LineString", "coordinates": [[30.4230834, 39.82576], [30.4225868, 39.8267065], [30.4237061, 39.8270575], [30.42451, 39.8273803]]}, "bbox": [30.4225868, 39.82576, 30.42451, 39.8273803]}, {"id": "1648", "type": "Feature", "properties": {"name": null, "_mahalle_str": "Yukarı Söğütönü Mahallesi", "_hvi_str": "%56", "_aciklama_str": "Sıcaklık: çok yüksek<br>Ağaç örtüsü: çok yüksek<br>Hastaneye uzaklık: çok uzak<br>Yeşil alana uzaklık: çok uzak<br>Yapılaşma yoğunluğu: çok seyrek<br>Nüfus yoğunluğu: seyrek<br>Yaşlı nüfus oranı: orta<br>Çocuk nüfus oranı: orta<br>Sosyoekonomik gelişmişlik: düşük"}, "geometry": {"type": "LineString", "coordinates": [[30.4008296, 39.8309844], [30.4020579, 39.8299435], [30.4042773, 39.8280505], [30.4063188, 39.826808], [30.4091217, 39.8253011], [30.4098318, 39.8249407], [30.4102329, 39.8247044], [30.4106013, 39.8245253], [30.4108026, 39.8243969]]}, "bbox": [30.4008296, 39.8243969, 30.4108026, 39.8309844]}, {"id": "1659", "type": "Feature", "properties": {"name": null, "_mahalle_str": "Yukarı Söğütönü Mahallesi", "_hvi_str": "%57", "_aciklama_str": "Sıcaklık: çok yüksek<br>Ağaç örtüsü: yüksek<br>Hastaneye uzaklık: çok uzak<br>Yeşil alana uzaklık: çok uzak<br>Yapılaşma yoğunluğu: çok seyrek<br>Nüfus yoğunluğu: seyrek<br>Yaşlı nüfus oranı: orta<br>Çocuk nüfus oranı: orta<br>Sosyoekonomik gelişmişlik: düşük"}, "geometry": {"type": "LineString", "coordinates": [[30.3973142, 39.8261965], [30.400423, 39.8258321], [30.4026763, 39.8255069], [30.4042349, 39.8253247], [30.4058952, 39.8250254], [30.4072082, 39.8248368], [30.4080829, 39.8247617], [30.4086472, 39.8247294], [30.4092162, 39.8246578], [30.40958, 39.824622], [30.4099484, 39.8245826], [30.4102095, 39.8245288], [30.4108026, 39.8243969], [30.4110303, 39.8243462], [30.4114034, 39.8242316], [30.4115701, 39.8241568], [30.4117066, 39.8240955], [30.4120657, 39.8239164], [30.4123315, 39.8237946], [30.4126533, 39.8236979], [30.4128445, 39.823637], [30.4129704, 39.8235761], [30.413157, 39.8236227], [30.4133342, 39.8236907], [30.4134035, 39.8238793], [30.4134927, 39.8240596], [30.4139358, 39.8242853], [30.4142809, 39.8244142], [30.4144348, 39.8244966], [30.4147006, 39.8244859], [30.4148069, 39.8245099], [30.415097, 39.8245754], [30.4154794, 39.8246506], [30.4158145, 39.8247127], [30.4158852, 39.8247258], [30.4159536, 39.824735], [30.4163655, 39.8247903], [30.41665, 39.8247724], [30.4167153, 39.824776], [30.4169345, 39.8247832], [30.4171164, 39.8248046], [30.4172023, 39.8248324], [30.4172535, 39.8248489], [30.4173391, 39.8248765], [30.4175314, 39.8249694], [30.4179232, 39.8251628], [30.4183149, 39.8252989], [30.418758, 39.8254529], [30.4192756, 39.8255819], [30.4199139, 39.8257149], [30.4202524, 39.8258149], [30.4207727, 39.8259687], [30.4216075, 39.8263161], [30.4220179, 39.8264844], [30.4225868, 39.8267065], [30.4228242, 39.8269223], [30.4230905, 39.8271041], [30.4235149, 39.8274264], [30.4241646, 39.827891], [30.42541, 39.8288698], [30.4260509, 39.8296288], [30.4262785, 39.8301256], [30.4262623, 39.8302284], [30.4262546, 39.8302774], [30.4258413, 39.8309168], [30.4249289, 39.8320763]]}, "bbox": [30.3973142, 39.8235761, 30.4262785, 39.8320763]}, {"id": "1663", "type": "Feature", "properties": {"name": null, "_mahalle_str": "Yukarı Söğütönü Mahallesi", "_hvi_str": "%52", "_aciklama_str": "Sıcaklık: çok yüksek<br>Ağaç örtüsü: orta<br>Hastaneye uzaklık: çok uzak<br>Yeşil alana uzaklık: çok uzak<br>Yapılaşma yoğunluğu: çok seyrek<br>Nüfus yoğunluğu: seyrek<br>Yaşlı nüfus oranı: orta<br>Çocuk nüfus oranı: orta<br>Sosyoekonomik gelişmişlik: düşük"}, "geometry": {"type": "LineString", "coordinates": [[30.4030907, 39.8129933], [30.4045616, 39.8144005], [30.4059762, 39.8153049], [30.4068184, 39.8159325], [30.4071113, 39.8161507], [30.4082464, 39.8173935], [30.4091426, 39.8189105], [30.410066, 39.8202117], [30.4111796, 39.8217243], [30.4114687, 39.822061], [30.4118278, 39.8224084], [30.4119677, 39.8226234], [30.4120284, 39.8228418], [30.412145, 39.8230782], [30.4123641, 39.8232752]]}, "bbox": [30.4030907, 39.8129933, 30.4123641, 39.8232752]}, {"id": "1664", "type": "Feature", "properties": {"name": null, "_mahalle_str": "Yukarı Söğütönü Mahallesi", "_hvi_str": "%52", "_aciklama_str": "Sıcaklık: yüksek<br>Ağaç örtüsü: yüksek<br>Hastaneye uzaklık: çok uzak<br>Yeşil alana uzaklık: çok uzak<br>Yapılaşma yoğunluğu: çok seyrek<br>Nüfus yoğunluğu: seyrek<br>Yaşlı nüfus oranı: orta<br>Çocuk nüfus oranı: orta<br>Sosyoekonomik gelişmişlik: düşük"}, "geometry": {"type": "LineString", "coordinates": [[30.4169765, 39.8242423], [30.4174102, 39.824117], [30.41769, 39.8240811], [30.4177621, 39.8240597], [30.4178952, 39.8240202], [30.418189, 39.8237982], [30.418453, 39.8234906]]}, "bbox": [30.4169765, 39.8234906, 30.418453, 39.8242423]}, {"id": "1666", "type": "Feature", "properties": {"name": null, "_mahalle_str": "Yukarı Söğütönü Mahallesi", "_hvi_str": "%52", "_aciklama_str": "Sıcaklık: yüksek<br>Ağaç örtüsü: yüksek<br>Hastaneye uzaklık: çok uzak<br>Yeşil alana uzaklık: çok uzak<br>Yapılaşma yoğunluğu: çok seyrek<br>Nüfus yoğunluğu: seyrek<br>Yaşlı nüfus oranı: orta<br>Çocuk nüfus oranı: orta<br>Sosyoekonomik gelişmişlik: düşük"}, "geometry": {"type": "LineString", "coordinates": [[30.4158852, 39.8247258], [30.416123, 39.8245145], [30.4162909, 39.8242996], [30.4164531, 39.8240638], [30.4164775, 39.8238734], [30.4164635, 39.8236871], [30.4164262, 39.8234722]]}, "bbox": [30.4158852, 39.8234722, 30.4164775, 39.8247258]}, {"id": "1667", "type": "Feature", "properties": {"name": null, "_mahalle_str": "Yukarı Söğütönü Mahallesi", "_hvi_str": "%52", "_aciklama_str": "Sıcaklık: yüksek<br>Ağaç örtüsü: yüksek<br>Hastaneye uzaklık: çok uzak<br>Yeşil alana uzaklık: çok uzak<br>Yapılaşma yoğunluğu: çok seyrek<br>Nüfus yoğunluğu: seyrek<br>Yaşlı nüfus oranı: orta<br>Çocuk nüfus oranı: orta<br>Sosyoekonomik gelişmişlik: düşük"}, "geometry": {"type": "LineString", "coordinates": [[30.4156706, 39.8252461], [30.4158124, 39.8252132], [30.4158685, 39.8251625], [30.4159279, 39.8250587], [30.4159872, 39.8249092], [30.4159608, 39.8247902], [30.4159536, 39.824735]]}, "bbox": [30.4156706, 39.824735, 30.4159872, 39.8252461]}, {"id": "1671", "type": "Feature", "properties": {"name": null, "_mahalle_str": "Yukarı Söğütönü Mahallesi", "_hvi_str": "%52", "_aciklama_str": "Sıcaklık: yüksek<br>Ağaç örtüsü: yüksek<br>Hastaneye uzaklık: çok uzak<br>Yeşil alana uzaklık: çok uzak<br>Yapılaşma yoğunluğu: çok seyrek<br>Nüfus yoğunluğu: seyrek<br>Yaşlı nüfus oranı: orta<br>Çocuk nüfus oranı: orta<br>Sosyoekonomik gelişmişlik: düşük"}, "geometry": {"type": "LineString", "coordinates": [[30.4175314, 39.8249694], [30.4175288, 39.8248725], [30.4175268, 39.8247975], [30.417676, 39.8246435], [30.4178486, 39.8244321], [30.4179761, 39.8241769], [30.4180025, 39.8241241], [30.418189, 39.8237982]]}, "bbox": [30.4175268, 39.8237982, 30.418189, 39.8249694]}, {"id": "1737", "type": "Feature", "properties": {"name": "Sağlıklı Sokak", "_mahalle_str": "Çamlıca Mahallesi", "_hvi_str": "%52", "_aciklama_str": "Sıcaklık: yüksek<br>Ağaç örtüsü: çok düşük<br>Hastaneye uzaklık: yakın<br>Yeşil alana uzaklık: uzak<br>Yapılaşma yoğunluğu: çok yoğun<br>Nüfus yoğunluğu: seyrek<br>Yaşlı nüfus oranı: orta<br>Çocuk nüfus oranı: orta<br>Sosyoekonomik gelişmişlik: düşük"}, "geometry": {"type": "LineString", "coordinates": [[30.4548474, 39.780307], [30.4557013, 39.7805676], [30.4567159, 39.7808152], [30.4576661, 39.7810747], [30.4577888, 39.7811049], [30.4583058, 39.7812319], [30.4588685, 39.7813798], [30.4594727, 39.7814867]]}, "bbox": [30.4548474, 39.780307, 30.4594727, 39.7814867]}, {"id": "1741", "type": "Feature", "properties": {"name": "Şirinevler Sokak", "_mahalle_str": "Çamlıca Mahallesi", "_hvi_str": "%52", "_aciklama_str": "Sıcaklık: yüksek<br>Ağaç örtüsü: çok düşük<br>Hastaneye uzaklık: orta<br>Yeşil alana uzaklık: uzak<br>Yapılaşma yoğunluğu: çok yoğun<br>Nüfus yoğunluğu: seyrek<br>Yaşlı nüfus oranı: orta<br>Çocuk nüfus oranı: orta<br>Sosyoekonomik gelişmişlik: düşük"}, "geometry": {"type": "LineString", "coordinates": [[30.4546715, 39.7807046], [30.45545, 39.7809024], [30.455551, 39.7809281], [30.4562738, 39.7811117], [30.4565483, 39.781211], [30.4567843, 39.7812761], [30.457624, 39.7815078], [30.4582899, 39.7816819], [30.4588185, 39.7817638], [30.4594705, 39.7817977]]}, "bbox": [30.4546715, 39.7807046, 30.4594705, 39.7817977]}, {"id": "1770", "type": "Feature", "properties": {"name": "Şelale Sokak", "_mahalle_str": "Çamlıca Mahallesi", "_hvi_str": "%51", "_aciklama_str": "Sıcaklık: orta<br>Ağaç örtüsü: çok düşük<br>Hastaneye uzaklık: yakın<br>Yeşil alana uzaklık: uzak<br>Yapılaşma yoğunluğu: çok yoğun<br>Nüfus yoğunluğu: seyrek<br>Yaşlı nüfus oranı: orta<br>Çocuk nüfus oranı: orta<br>Sosyoekonomik gelişmişlik: düşük"}, "geometry": {"type": "LineString", "coordinates": [[30.4563809, 39.7816053], [30.4565483, 39.781211], [30.4567159, 39.7808152], [30.4568691, 39.7804448]]}, "bbox": [30.4563809, 39.7804448, 30.4568691, 39.7816053]}, {"id": "1772", "type": "Feature", "properties": {"name": "Yavuz Bey Sokak", "_mahalle_str": "Çamlıca Mahallesi", "_hvi_str": "%54", "_aciklama_str": "Sıcaklık: yüksek<br>Ağaç örtüsü: çok düşük<br>Hastaneye uzaklık: orta<br>Yeşil alana uzaklık: uzak<br>Yapılaşma yoğunluğu: çok yoğun<br>Nüfus yoğunluğu: seyrek<br>Yaşlı nüfus oranı: orta<br>Çocuk nüfus oranı: orta<br>Sosyoekonomik gelişmişlik: düşük"}, "geometry": {"type": "LineString", "coordinates": [[30.4574663, 39.7818935], [30.457624, 39.7815078], [30.4577888, 39.7811049], [30.4579413, 39.7807337]]}, "bbox": [30.4574663, 39.7807337, 30.4579413, 39.7818935]}, {"id": "1774", "type": "Feature", "properties": {"name": "Gülçin Sokak", "_mahalle_str": "Çamlıca Mahallesi", "_hvi_str": "%58", "_aciklama_str": "Sıcaklık: yüksek<br>Ağaç örtüsü: çok düşük<br>Hastaneye uzaklık: orta<br>Yeşil alana uzaklık: çok uzak<br>Yapılaşma yoğunluğu: çok yoğun<br>Nüfus yoğunluğu: seyrek<br>Yaşlı nüfus oranı: orta<br>Çocuk nüfus oranı: orta<br>Sosyoekonomik gelişmişlik: düşük"}, "geometry": {"type": "LineString", "coordinates": [[30.458797, 39.7822742], [30.458814, 39.7819925], [30.4588185, 39.7817638], [30.4588685, 39.7813798], [30.4589277, 39.7809551]]}, "bbox": [30.458797, 39.7809551, 30.4589277, 39.7822742]}, {"id": "1878", "type": "Feature", "properties": {"name": "İnan Sokak", "_mahalle_str": "Çamlıca Mahallesi", "_hvi_str": "%54", "_aciklama_str": "Sıcaklık: düşük<br>Ağaç örtüsü: orta<br>Hastaneye uzaklık: uzak<br>Yeşil alana uzaklık: çok uzak<br>Yapılaşma yoğunluğu: çok yoğun<br>Nüfus yoğunluğu: seyrek<br>Yaşlı nüfus oranı: orta<br>Çocuk nüfus oranı: orta<br>Sosyoekonomik gelişmişlik: düşük"}, "geometry": {"type": "LineString", "coordinates": [[30.4626514, 39.7847782], [30.462621, 39.7842265], [30.4626209, 39.7841986], [30.4626077, 39.7834054], [30.4626113, 39.7833244], [30.4626308, 39.7828859], [30.4626369, 39.7826149], [30.4626407, 39.7824501], [30.4626227, 39.7813681]]}, "bbox": [30.4626077, 39.7813681, 30.4626514, 39.7847782]}, {"id": "1879", "type": "Feature", "properties": {"name": "Avcıpınar Sokak", "_mahalle_str": "Çamlıca Mahallesi", "_hvi_str": "%55", "_aciklama_str": "Sıcaklık: düşük<br>Ağaç örtüsü: çok düşük<br>Hastaneye uzaklık: uzak<br>Yeşil alana uzaklık: çok uzak<br>Yapılaşma yoğunluğu: çok yoğun<br>Nüfus yoğunluğu: seyrek<br>Yaşlı nüfus oranı: orta<br>Çocuk nüfus oranı: orta<br>Sosyoekonomik gelişmişlik: düşük"}, "geometry": {"type": "LineString", "coordinates": [[30.4626369, 39.7826149], [30.4632707, 39.7825996], [30.4638179, 39.7826046], [30.4640554, 39.7826046], [30.4643087, 39.7826192]]}, "bbox": [30.4626369, 39.7825996, 30.4643087, 39.7826192]}, {"id": "1882", "type": "Feature", "properties": {"name": "Eke Sokak", "_mahalle_str": "Çamlıca Mahallesi", "_hvi_str": "%51", "_aciklama_str": "Sıcaklık: düşük<br>Ağaç örtüsü: çok düşük<br>Hastaneye uzaklık: uzak<br>Yeşil alana uzaklık: çok uzak<br>Yapılaşma yoğunluğu: yoğun<br>Nüfus yoğunluğu: seyrek<br>Yaşlı nüfus oranı: orta<br>Çocuk nüfus oranı: orta<br>Sosyoekonomik gelişmişlik: düşük"}, "geometry": {"type": "LineString", "coordinates": [[30.4638268, 39.7813977], [30.4638245, 39.7819838], [30.4638179, 39.7826046], [30.4638443, 39.7831064], [30.4638552, 39.7833244], [30.4639006, 39.7842315], [30.4639037, 39.7842924], [30.4639004, 39.7848752], [30.4639388, 39.7854136]]}, "bbox": [30.4638179, 39.7813977, 30.4639388, 39.7854136]}, {"id": "1883", "type": "Feature", "properties": {"name": "Erkaya Sokak", "_mahalle_str": "Çamlıca Mahallesi", "_hvi_str": "%51", "_aciklama_str": "Sıcaklık: düşük<br>Ağaç örtüsü: çok düşük<br>Hastaneye uzaklık: uzak<br>Yeşil alana uzaklık: çok uzak<br>Yapılaşma yoğunluğu: yoğun<br>Nüfus yoğunluğu: seyrek<br>Yaşlı nüfus oranı: orta<br>Çocuk nüfus oranı: orta<br>Sosyoekonomik gelişmişlik: düşük"}, "geometry": {"type": "LineString", "coordinates": [[30.4635437, 39.7857532], [30.4634672, 39.7855658], [30.4634288, 39.7854023], [30.4633984, 39.7852117], [30.4633398, 39.7848448], [30.4633398, 39.7842721], [30.4633378, 39.7842266], [30.4633134, 39.7836538], [30.4632925, 39.7832993], [30.4632804, 39.7830937], [30.4632705, 39.7826249], [30.4632707, 39.7825996], [30.4632559, 39.7814206]]}, "bbox": [30.4632559, 39.7814206, 30.4635437, 39.7857532]}, {"id": "1884", "type": "Feature", "properties": {"name": "Dayı Bey Sokak", "_mahalle_str": "Çamlıca Mahallesi", "_hvi_str": "%51", "_aciklama_str": "Sıcaklık: orta<br>Ağaç örtüsü: çok düşük<br>Hastaneye uzaklık: orta<br>Yeşil alana uzaklık: uzak<br>Yapılaşma yoğunluğu: çok yoğun<br>Nüfus yoğunluğu: seyrek<br>Yaşlı nüfus oranı: orta<br>Çocuk nüfus oranı: orta<br>Sosyoekonomik gelişmişlik: düşük"}, "geometry": {"type": "LineString", "coordinates": [[30.461593, 39.7867566], [30.4616026, 39.7867013], [30.4616415, 39.7864768], [30.4616517, 39.7864128], [30.4616969, 39.7860693], [30.461761, 39.7857287], [30.4617767, 39.7856304], [30.4618157, 39.7853674], [30.4618624, 39.7850526], [30.4619123, 39.7846988], [30.4619194, 39.7842089], [30.4619218, 39.7840466], [30.4619266, 39.7838241], [30.4619317, 39.7835904], [30.4619265, 39.7833843], [30.4619251, 39.7833269], [30.4619227, 39.7830513], [30.4619201, 39.7827423], [30.4619223, 39.7824026], [30.4619242, 39.7821199], [30.4619365, 39.7818168], [30.4619512, 39.7815072], [30.4619527, 39.7813124]]}, "bbox": [30.461593, 39.7813124, 30.4619527, 39.7867566]}, {"id": "1888", "type": "Feature", "properties": {"name": "Harman Sokak", "_mahalle_str": "Çamlıca Mahallesi", "_hvi_str": "%50", "_aciklama_str": "Sıcaklık: düşük<br>Ağaç örtüsü: çok düşük<br>Hastaneye uzaklık: uzak<br>Yeşil alana uzaklık: çok uzak<br>Yapılaşma yoğunluğu: yoğun<br>Nüfus yoğunluğu: seyrek<br>Yaşlı nüfus oranı: orta<br>Çocuk nüfus oranı: orta<br>Sosyoekonomik gelişmişlik: düşük"}, "geometry": {"type": "LineString", "coordinates": [[30.4646901, 39.7824038], [30.4651277, 39.7824785], [30.4656477, 39.782559]]}, "bbox": [30.4646901, 39.7824038, 30.4656477, 39.782559]}, {"id": "1893", "type": "Feature", "properties": {"name": "Dodurga Sokak", "_mahalle_str": "Çamlıca Mahallesi", "_hvi_str": "%51", "_aciklama_str": "Sıcaklık: düşük<br>Ağaç örtüsü: çok düşük<br>Hastaneye uzaklık: uzak<br>Yeşil alana uzaklık: uzak<br>Yapılaşma yoğunluğu: yoğun<br>Nüfus yoğunluğu: seyrek<br>Yaşlı nüfus oranı: orta<br>Çocuk nüfus oranı: orta<br>Sosyoekonomik gelişmişlik: düşük"}, "geometry": {"type": "LineString", "coordinates": [[30.4648389, 39.7813778], [30.4647192, 39.7821682], [30.4646901, 39.7824038], [30.4646318, 39.7826899]]}, "bbox": [30.4646318, 39.7813778, 30.4648389, 39.7826899]}, {"id": "1897", "type": "Feature", "properties": {"name": null, "_mahalle_str": "Çamlıca Mahallesi", "_hvi_str": "%51", "_aciklama_str": "Sıcaklık: düşük<br>Ağaç örtüsü: çok düşük<br>Hastaneye uzaklık: uzak<br>Yeşil alana uzaklık: çok uzak<br>Yapılaşma yoğunluğu: yoğun<br>Nüfus yoğunluğu: seyrek<br>Yaşlı nüfus oranı: orta<br>Çocuk nüfus oranı: orta<br>Sosyoekonomik gelişmişlik: düşük"}, "geometry": {"type": "LineString", "coordinates": [[30.4650471, 39.7842726], [30.4649821, 39.7842182], [30.4649835, 39.7840499], [30.4649787, 39.7837374], [30.4649609, 39.7833098], [30.4649328, 39.782761]]}, "bbox": [30.4649328, 39.782761, 30.4650471, 39.7842726]}, {"id": "1912", "type": "Feature", "properties": {"name": "Gülçin Sokak", "_mahalle_str": "Çamlıca Mahallesi", "_hvi_str": "%53", "_aciklama_str": "Sıcaklık: orta<br>Ağaç örtüsü: çok düşük<br>Hastaneye uzaklık: yakın<br>Yeşil alana uzaklık: çok uzak<br>Yapılaşma yoğunluğu: çok yoğun<br>Nüfus yoğunluğu: seyrek<br>Yaşlı nüfus oranı: orta<br>Çocuk nüfus oranı: orta<br>Sosyoekonomik gelişmişlik: düşük"}, "geometry": {"type": "LineString", "coordinates": [[30.4583597, 39.784538], [30.4584167, 39.784293], [30.4585006, 39.7839537], [30.4585831, 39.783619], [30.4586638, 39.7833038], [30.458746, 39.7830656], [30.4587511, 39.7830301], [30.4587926, 39.782743], [30.4588018, 39.7826658]]}, "bbox": [30.4583597, 39.7826658, 30.4588018, 39.784538]}, {"id": "1922", "type": "Feature", "properties": {"name": null, "_mahalle_str": "Çamlıca Mahallesi", "_hvi_str": "%58", "_aciklama_str": "Sıcaklık: orta<br>Ağaç örtüsü: çok düşük<br>Hastaneye uzaklık: orta<br>Yeşil alana uzaklık: çok uzak<br>Yapılaşma yoğunluğu: çok yoğun<br>Nüfus yoğunluğu: seyrek<br>Yaşlı nüfus oranı: orta<br>Çocuk nüfus oranı: orta<br>Sosyoekonomik gelişmişlik: düşük"}, "geometry": {"type": "LineString", "coordinates": [[30.4601075, 39.7845223], [30.4601669, 39.784025], [30.4602336, 39.7835435], [30.4602944, 39.7832368], [30.4603597, 39.7829095], [30.4604035, 39.7825763], [30.4604565, 39.7822335], [30.4605173, 39.7819324], [30.4605642, 39.7816455], [30.4606158, 39.7813619], [30.460658, 39.7811889]]}, "bbox": [30.4601075, 39.7811889, 30.460658, 39.7845223]}, {"id": "1924", "type": "Feature", "properties": {"name": "Zümrütbahçe Sokak", "_mahalle_str": "Çamlıca Mahallesi", "_hvi_str": "%51", "_aciklama_str": "Sıcaklık: orta<br>Ağaç örtüsü: düşük<br>Hastaneye uzaklık: orta<br>Yeşil alana uzaklık: uzak<br>Yapılaşma yoğunluğu: çok yoğun<br>Nüfus yoğunluğu: seyrek<br>Yaşlı nüfus oranı: orta<br>Çocuk nüfus oranı: orta<br>Sosyoekonomik gelişmişlik: düşük"}, "geometry": {"type": "LineString", "coordinates": [[30.4543292, 39.7814765], [30.4546746, 39.7815997], [30.4551779, 39.7817262], [30.4554021, 39.7817825], [30.4561903, 39.7819868], [30.4572833, 39.7822705], [30.4577806, 39.7823989], [30.4584781, 39.7825812], [30.4588018, 39.7826658]]}, "bbox": [30.4543292, 39.7814765, 30.4588018, 39.7826658]}, {"id": "1956", "type": "Feature", "properties": {"name": "Akıncılar Sokak", "_mahalle_str": "Çamlıca Mahallesi", "_hvi_str": "%59", "_aciklama_str": "Sıcaklık: yüksek<br>Ağaç örtüsü: çok düşük<br>Hastaneye uzaklık: uzak<br>Yeşil alana uzaklık: çok uzak<br>Yapılaşma yoğunluğu: çok yoğun<br>Nüfus yoğunluğu: seyrek<br>Yaşlı nüfus oranı: orta<br>Çocuk nüfus oranı: orta<br>Sosyoekonomik gelişmişlik: düşük"}, "geometry": {"type": "LineString", "coordinates": [[30.4594833, 39.7812031], [30.459541, 39.7812058], [30.4606158, 39.7813619], [30.4619512, 39.7815072]]}, "bbox": [30.4594833, 39.7812031, 30.4619512, 39.7815072]}, {"id": "1960", "type": "Feature", "properties": {"name": "Şelale Sokak", "_mahalle_str": "Çamlıca Mahallesi", "_hvi_str": "%52", "_aciklama_str": "Sıcaklık: yüksek<br>Ağaç örtüsü: çok düşük<br>Hastaneye uzaklık: orta<br>Yeşil alana uzaklık: orta<br>Yapılaşma yoğunluğu: çok yoğun<br>Nüfus yoğunluğu: seyrek<br>Yaşlı nüfus oranı: orta<br>Çocuk nüfus oranı: orta<br>Sosyoekonomik gelişmişlik: düşük"}, "geometry": {"type": "LineString", "coordinates": [[30.4560142, 39.7823795], [30.4561903, 39.7819868], [30.4563809, 39.7816053]]}, "bbox": [30.4560142, 39.7816053, 30.4563809, 39.7823795]}, {"id": "1970", "type": "Feature", "properties": {"name": "Bilge Kağan Sokak", "_mahalle_str": "Çamlıca Mahallesi", "_hvi_str": "%51", "_aciklama_str": "Sıcaklık: orta<br>Ağaç örtüsü: orta<br>Hastaneye uzaklık: yakın<br>Yeşil alana uzaklık: uzak<br>Yapılaşma yoğunluğu: çok yoğun<br>Nüfus yoğunluğu: seyrek<br>Yaşlı nüfus oranı: orta<br>Çocuk nüfus oranı: orta<br>Sosyoekonomik gelişmişlik: düşük"}, "geometry": {"type": "LineString", "coordinates": [[30.4606253, 39.7845655], [30.4607269, 39.7841076], [30.4608121, 39.7836328]]}, "bbox": [30.4606253, 39.7836328, 30.4608121, 39.7845655]}, {"id": "1987", "type": "Feature", "properties": {"name": null, "_mahalle_str": "Çamlıca Mahallesi", "_hvi_str": "%51", "_aciklama_str": "Sıcaklık: orta<br>Ağaç örtüsü: çok düşük<br>Hastaneye uzaklık: yakın<br>Yeşil alana uzaklık: uzak<br>Yapılaşma yoğunluğu: çok yoğun<br>Nüfus yoğunluğu: seyrek<br>Yaşlı nüfus oranı: orta<br>Çocuk nüfus oranı: orta<br>Sosyoekonomik gelişmişlik: düşük"}, "geometry": {"type": "LineString", "coordinates": [[30.4577386, 39.7844668], [30.4578326, 39.7841583], [30.4578768, 39.7838645], [30.4579874, 39.7835123], [30.4580648, 39.7832374]]}, "bbox": [30.4577386, 39.7832374, 30.4580648, 39.7844668]}, {"id": "2004", "type": "Feature", "properties": {"name": "Öner Sokak", "_mahalle_str": "Çamlıca Mahallesi", "_hvi_str": "%52", "_aciklama_str": "Sıcaklık: orta<br>Ağaç örtüsü: düşük<br>Hastaneye uzaklık: orta<br>Yeşil alana uzaklık: çok uzak<br>Yapılaşma yoğunluğu: çok yoğun<br>Nüfus yoğunluğu: seyrek<br>Yaşlı nüfus oranı: orta<br>Çocuk nüfus oranı: orta<br>Sosyoekonomik gelişmişlik: düşük"}, "geometry": {"type": "LineString", "coordinates": [[30.4592491, 39.7833704], [30.4600349, 39.7835124], [30.4602336, 39.7835435], [30.4608121, 39.7836328], [30.4609163, 39.7836486], [30.4619266, 39.7838241]]}, "bbox": [30.4592491, 39.7833704, 30.4619266, 39.7838241]}, {"id": "2007", "type": "Feature", "properties": {"name": "Füsun Sokak", "_mahalle_str": "Çamlıca Mahallesi", "_hvi_str": "%61", "_aciklama_str": "Sıcaklık: yüksek<br>Ağaç örtüsü: düşük<br>Hastaneye uzaklık: orta<br>Yeşil alana uzaklık: çok uzak<br>Yapılaşma yoğunluğu: çok yoğun<br>Nüfus yoğunluğu: seyrek<br>Yaşlı nüfus oranı: orta<br>Çocuk nüfus oranı: orta<br>Sosyoekonomik gelişmişlik: düşük"}, "geometry": {"type": "LineString", "coordinates": [[30.458814, 39.7819925], [30.4594352, 39.7821137], [30.4594829, 39.7821225], [30.4600471, 39.7821875], [30.4604565, 39.7822335], [30.4607653, 39.7822735], [30.4619223, 39.7824026]]}, "bbox": [30.458814, 39.7819925, 30.4619223, 39.7824026]}, {"id": "2010", "type": "Feature", "properties": {"name": "Öner Sokak", "_mahalle_str": "Çamlıca Mahallesi", "_hvi_str": "%54", "_aciklama_str": "Sıcaklık: yüksek<br>Ağaç örtüsü: çok düşük<br>Hastaneye uzaklık: orta<br>Yeşil alana uzaklık: çok uzak<br>Yapılaşma yoğunluğu: çok yoğun<br>Nüfus yoğunluğu: seyrek<br>Yaşlı nüfus oranı: orta<br>Çocuk nüfus oranı: orta<br>Sosyoekonomik gelişmişlik: düşük"}, "geometry": {"type": "LineString", "coordinates": [[30.4569793, 39.7829639], [30.4574028, 39.7830656], [30.4579858, 39.7832197], [30.4580648, 39.7832374], [30.4583216, 39.7832734], [30.4586638, 39.7833038]]}, "bbox": [30.4569793, 39.7829639, 30.4586638, 39.7833038]}, {"id": "2012", "type": "Feature", "properties": {"name": null, "_mahalle_str": "Çamlıca Mahallesi", "_hvi_str": "%51", "_aciklama_str": "Sıcaklık: orta<br>Ağaç örtüsü: düşük<br>Hastaneye uzaklık: yakın<br>Yeşil alana uzaklık: uzak<br>Yapılaşma yoğunluğu: çok yoğun<br>Nüfus yoğunluğu: seyrek<br>Yaşlı nüfus oranı: orta<br>Çocuk nüfus oranı: orta<br>Sosyoekonomik gelişmişlik: düşük"}, "geometry": {"type": "LineString", "coordinates": [[30.4556444, 39.7829834], [30.4567667, 39.7834791], [30.4571743, 39.7836246], [30.4577339, 39.7838182], [30.4578768, 39.7838645], [30.4585006, 39.7839537], [30.459122, 39.7840329]]}, "bbox": [30.4556444, 39.7829834, 30.459122, 39.7840329]}, {"id": "2015", "type": "Feature", "properties": {"name": null, "_mahalle_str": "Çamlıca Mahallesi", "_hvi_str": "%53", "_aciklama_str": "Sıcaklık: yüksek<br>Ağaç örtüsü: düşük<br>Hastaneye uzaklık: yakın<br>Yeşil alana uzaklık: çok uzak<br>Yapılaşma yoğunluğu: çok yoğun<br>Nüfus yoğunluğu: seyrek<br>Yaşlı nüfus oranı: orta<br>Çocuk nüfus oranı: orta<br>Sosyoekonomik gelişmişlik: düşük"}, "geometry": {"type": "LineString", "coordinates": [[30.4569016, 39.7832023], [30.4571883, 39.7833057], [30.457692, 39.7834311], [30.4579874, 39.7835123], [30.4582096, 39.7835637], [30.4585831, 39.783619], [30.4592097, 39.7836993]]}, "bbox": [30.4569016, 39.7832023, 30.4592097, 39.7836993]}, {"id": "2318", "type": "Feature", "properties": {"name": null, "_mahalle_str": "Sazova Mahallesi", "_hvi_str": "%52", "_aciklama_str": "Sıcaklık: çok düşük<br>Ağaç örtüsü: çok yüksek<br>Hastaneye uzaklık: çok uzak<br>Yeşil alana uzaklık: çok uzak<br>Yapılaşma yoğunluğu: orta<br>Nüfus yoğunluğu: seyrek<br>Yaşlı nüfus oranı: orta<br>Çocuk nüfus oranı: orta<br>Sosyoekonomik gelişmişlik: düşük"}, "geometry": {"type": "LineString", "coordinates": [[30.430842, 39.7653014], [30.4298263, 39.7626393], [30.4292704, 39.7611344], [30.4290187, 39.7605204]]}, "bbox": [30.4290187, 39.7605204, 30.430842, 39.7653014]}, {"id": "2321", "type": "Feature", "properties": {"name": null, "_mahalle_str": "Sazova Mahallesi", "_hvi_str": "%52", "_aciklama_str": "Sıcaklık: çok düşük<br>Ağaç örtüsü: çok yüksek<br>Hastaneye uzaklık: çok uzak<br>Yeşil alana uzaklık: çok uzak<br>Yapılaşma yoğunluğu: orta<br>Nüfus yoğunluğu: seyrek<br>Yaşlı nüfus oranı: orta<br>Çocuk nüfus oranı: orta<br>Sosyoekonomik gelişmişlik: düşük"}, "geometry": {"type": "LineString", "coordinates": [[30.4300642, 39.7654468], [30.4297933, 39.7645997], [30.4290442, 39.7628355], [30.4284008, 39.7611121], [30.4282526, 39.76083]]}, "bbox": [30.4282526, 39.76083, 30.4300642, 39.7654468]}, {"id": "2330", "type": "Feature", "properties": {"name": null, "_mahalle_str": "Sazova Mahallesi", "_hvi_str": "%57", "_aciklama_str": "Sıcaklık: düşük<br>Ağaç örtüsü: çok yüksek<br>Hastaneye uzaklık: çok uzak<br>Yeşil alana uzaklık: çok uzak<br>Yapılaşma yoğunluğu: orta<br>Nüfus yoğunluğu: seyrek<br>Yaşlı nüfus oranı: orta<br>Çocuk nüfus oranı: orta<br>Sosyoekonomik gelişmişlik: düşük"}, "geometry": {"type": "LineString", "coordinates": [[30.4282328, 39.7630047], [30.4290442, 39.7628355], [30.4298263, 39.7626393], [30.4305969, 39.7624482], [30.4313744, 39.7622773], [30.4321488, 39.7620899], [30.4329283, 39.7619152], [30.4337037, 39.7617264], [30.4344293, 39.7615203], [30.4344938, 39.7612779], [30.4346297, 39.7609926], [30.4347613, 39.7607655], [30.434804, 39.7606918], [30.43495, 39.7604299], [30.4352121, 39.7600011], [30.435302, 39.7599122], [30.4355997, 39.7594902], [30.4358258, 39.7591962], [30.4360425, 39.7589369], [30.4361627, 39.7588519], [30.4364006, 39.7587428], [30.4367379, 39.7585665], [30.4369879, 39.7584494], [30.4371262, 39.7583704], [30.4372769, 39.7582763]]}, "bbox": [30.4282328, 39.7582763, 30.4372769, 39.7630047]}, {"id": "2333", "type": "Feature", "properties": {"name": null, "_mahalle_str": "Sazova Mahallesi", "_hvi_str": "%53", "_aciklama_str": "Sıcaklık: çok düşük<br>Ağaç örtüsü: çok yüksek<br>Hastaneye uzaklık: çok uzak<br>Yeşil alana uzaklık: çok uzak<br>Yapılaşma yoğunluğu: orta<br>Nüfus yoğunluğu: seyrek<br>Yaşlı nüfus oranı: orta<br>Çocuk nüfus oranı: orta<br>Sosyoekonomik gelişmişlik: düşük"}, "geometry": {"type": "LineString", "coordinates": [[30.4332482, 39.764898], [30.4321488, 39.7620899], [30.4311907, 39.7596808]]}, "bbox": [30.4311907, 39.7596808, 30.4332482, 39.764898]}, {"id": "2334", "type": "Feature", "properties": {"name": "7001. Sokak", "_mahalle_str": "Sazova Mahallesi", "_hvi_str": "%55", "_aciklama_str": "Sıcaklık: çok düşük<br>Ağaç örtüsü: çok yüksek<br>Hastaneye uzaklık: çok uzak<br>Yeşil alana uzaklık: çok uzak<br>Yapılaşma yoğunluğu: orta<br>Nüfus yoğunluğu: seyrek<br>Yaşlı nüfus oranı: orta<br>Çocuk nüfus oranı: orta<br>Sosyoekonomik gelişmişlik: düşük"}, "geometry": {"type": "LineString", "coordinates": [[30.4324043, 39.7650204], [30.4313744, 39.7622773], [30.4304599, 39.7599636]]}, "bbox": [30.4304599, 39.7599636, 30.4324043, 39.7650204]}, {"id": "2335", "type": "Feature", "properties": {"name": "7003. Sokak", "_mahalle_str": "Sazova Mahallesi", "_hvi_str": "%55", "_aciklama_str": "Sıcaklık: çok düşük<br>Ağaç örtüsü: çok yüksek<br>Hastaneye uzaklık: çok uzak<br>Yeşil alana uzaklık: çok uzak<br>Yapılaşma yoğunluğu: orta<br>Nüfus yoğunluğu: seyrek<br>Yaşlı nüfus oranı: orta<br>Çocuk nüfus oranı: orta<br>Sosyoekonomik gelişmişlik: düşük"}, "geometry": {"type": "LineString", "coordinates": [[30.431661, 39.7651736], [30.4305969, 39.7624482], [30.4299964, 39.7608903], [30.4296729, 39.760253]]}, "bbox": [30.4296729, 39.760253, 30.431661, 39.7651736]}, {"id": "2336", "type": "Feature", "properties": {"name": null, "_mahalle_str": "Sazova Mahallesi", "_hvi_str": "%55", "_aciklama_str": "Sıcaklık: çok düşük<br>Ağaç örtüsü: çok yüksek<br>Hastaneye uzaklık: çok uzak<br>Yeşil alana uzaklık: çok uzak<br>Yapılaşma yoğunluğu: orta<br>Nüfus yoğunluğu: seyrek<br>Yaşlı nüfus oranı: orta<br>Çocuk nüfus oranı: orta<br>Sosyoekonomik gelişmişlik: düşük"}, "geometry": {"type": "LineString", "coordinates": [[30.4340768, 39.764848], [30.4329283, 39.7619152], [30.4328039, 39.7615996], [30.4326715, 39.7612638], [30.4324579, 39.7606682], [30.433973, 39.7602821], [30.4352121, 39.7600011]]}, "bbox": [30.4324579, 39.7600011, 30.4352121, 39.764848]}, {"id": "2337", "type": "Feature", "properties": {"name": null, "_mahalle_str": "Sazova Mahallesi", "_hvi_str": "%59", "_aciklama_str": "Sıcaklık: çok düşük<br>Ağaç örtüsü: çok yüksek<br>Hastaneye uzaklık: çok uzak<br>Yeşil alana uzaklık: çok uzak<br>Yapılaşma yoğunluğu: orta<br>Nüfus yoğunluğu: seyrek<br>Yaşlı nüfus oranı: orta<br>Çocuk nüfus oranı: orta<br>Sosyoekonomik gelişmişlik: düşük"}, "geometry": {"type": "LineString", "coordinates": [[30.4247644, 39.762022], [30.4242355, 39.7608874], [30.42379, 39.7598417], [30.4237334, 39.7597764]]}, "bbox": [30.4237334, 39.7597764, 30.4247644, 39.762022]}, {"id": "2339", "type": "Feature", "properties": {"name": null, "_mahalle_str": "Sazova Mahallesi", "_hvi_str": "%56", "_aciklama_str": "Sıcaklık: çok düşük<br>Ağaç örtüsü: yüksek<br>Hastaneye uzaklık: çok uzak<br>Yeşil alana uzaklık: çok uzak<br>Yapılaşma yoğunluğu: seyrek<br>Nüfus yoğunluğu: seyrek<br>Yaşlı nüfus oranı: orta<br>Çocuk nüfus oranı: orta<br>Sosyoekonomik gelişmişlik: düşük"}, "geometry": {"type": "LineString", "coordinates": [[30.4260705, 39.7616573], [30.4259484, 39.7614437]]}, "bbox": [30.4259484, 39.7614437, 30.4260705, 39.7616573]}, {"id": "2341", "type": "Feature", "properties": {"name": null, "_mahalle_str": "Sazova Mahallesi", "_hvi_str": "%57", "_aciklama_str": "Sıcaklık: çok düşük<br>Ağaç örtüsü: çok yüksek<br>Hastaneye uzaklık: çok uzak<br>Yeşil alana uzaklık: çok uzak<br>Yapılaşma yoğunluğu: seyrek<br>Nüfus yoğunluğu: seyrek<br>Yaşlı nüfus oranı: orta<br>Çocuk nüfus oranı: orta<br>Sosyoekonomik gelişmişlik: düşük"}, "geometry": {"type": "LineString", "coordinates": [[30.4243108, 39.7623426], [30.4241949, 39.7622077], [30.4236473, 39.7610919], [30.423074, 39.7598947], [30.4224268, 39.7601101], [30.4221004, 39.7602071]]}, "bbox": [30.4221004, 39.7598947, 30.4243108, 39.7623426]}, {"id": "2342", "type": "Feature", "properties": {"name": null, "_mahalle_str": "Sazova Mahallesi", "_hvi_str": "%57", "_aciklama_str": "Sıcaklık: çok düşük<br>Ağaç örtüsü: çok yüksek<br>Hastaneye uzaklık: çok uzak<br>Yeşil alana uzaklık: çok uzak<br>Yapılaşma yoğunluğu: seyrek<br>Nüfus yoğunluğu: seyrek<br>Yaşlı nüfus oranı: orta<br>Çocuk nüfus oranı: orta<br>Sosyoekonomik gelişmişlik: düşük"}, "geometry": {"type": "LineString", "coordinates": [[30.4224268, 39.7601101], [30.4230577, 39.7612879], [30.4236355, 39.7623924], [30.4241949, 39.7622077], [30.4247644, 39.762022]]}, "bbox": [30.4224268, 39.7601101, 30.4247644, 39.7623924]}, {"id": "2396", "type": "Feature", "properties": {"name": null, "_mahalle_str": "Uluönder Mahallesi", "_hvi_str": "%51", "_aciklama_str": "Sıcaklık: çok yüksek<br>Ağaç örtüsü: çok düşük<br>Hastaneye uzaklık: orta<br>Yeşil alana uzaklık: orta<br>Yapılaşma yoğunluğu: yoğun<br>Nüfus yoğunluğu: seyrek<br>Yaşlı nüfus oranı: orta<br>Çocuk nüfus oranı: orta<br>Sosyoekonomik gelişmişlik: düşük"}, "geometry": {"type": "LineString", "coordinates": [[30.4710378, 39.7855345], [30.4714641, 39.784797]]}, "bbox": [30.4710378, 39.784797, 30.4714641, 39.7855345]}, {"id": "2397", "type": "Feature", "properties": {"name": null, "_mahalle_str": "Uluönder Mahallesi", "_hvi_str": "%53", "_aciklama_str": "Sıcaklık: orta<br>Ağaç örtüsü: çok düşük<br>Hastaneye uzaklık: uzak<br>Yeşil alana uzaklık: uzak<br>Yapılaşma yoğunluğu: yoğun<br>Nüfus yoğunluğu: seyrek<br>Yaşlı nüfus oranı: orta<br>Çocuk nüfus oranı: orta<br>Sosyoekonomik gelişmişlik: düşük"}, "geometry": {"type": "LineString", "coordinates": [[30.4683544, 39.7846833], [30.4687141, 39.7840793], [30.4690122, 39.7835763]]}, "bbox": [30.4683544, 39.7835763, 30.4690122, 39.7846833]}, {"id": "2568", "type": "Feature", "properties": {"name": null, "_mahalle_str": "Yukarı Söğütönü Mahallesi", "_hvi_str": "%60", "_aciklama_str": "Sıcaklık: çok yüksek<br>Ağaç örtüsü: çok yüksek<br>Hastaneye uzaklık: çok uzak<br>Yeşil alana uzaklık: çok uzak<br>Yapılaşma yoğunluğu: çok seyrek<br>Nüfus yoğunluğu: seyrek<br>Yaşlı nüfus oranı: orta<br>Çocuk nüfus oranı: orta<br>Sosyoekonomik gelişmişlik: düşük"}, "geometry": {"type": "LineString", "coordinates": [[30.4089519, 39.8475374], [30.4089466, 39.8474159], [30.4089841, 39.8472511], [30.4093355, 39.8467713], [30.4099873, 39.8459991], [30.4106605, 39.845163], [30.4111621, 39.8445658], [30.4117119, 39.8438841], [30.4120767, 39.8431922], [30.4125193, 39.8423128], [30.4129511, 39.8415055], [30.4131737, 39.8410895], [30.4134688, 39.8404716], [30.4137209, 39.8399032], [30.4138979, 39.8395593], [30.4143566, 39.8389847], [30.4145014, 39.8387458], [30.414944, 39.8378602], [30.4152954, 39.8370096], [30.4155046, 39.8363072], [30.4156843, 39.8358397], [30.4160947, 39.8350982], [30.4162958, 39.8347172], [30.4166934, 39.8341068], [30.4168901, 39.8337467], [30.4170757, 39.8334069], [30.4171738, 39.8332272], [30.4174462, 39.8327283], [30.4181864, 39.8313729], [30.4196688, 39.828413], [30.4205834, 39.8266028], [30.4207727, 39.8259687]]}, "bbox": [30.4089466, 39.8259687, 30.4207727, 39.8475374]}, {"id": "2607", "type": "Feature", "properties": {"name": null, "_mahalle_str": "Sazova Mahallesi", "_hvi_str": "%65", "_aciklama_str": "Sıcaklık: yüksek<br>Ağaç örtüsü: düşük<br>Hastaneye uzaklık: çok uzak<br>Yeşil alana uzaklık: çok uzak<br>Yapılaşma yoğunluğu: seyrek<br>Nüfus yoğunluğu: seyrek<br>Yaşlı nüfus oranı: orta<br>Çocuk nüfus oranı: orta<br>Sosyoekonomik gelişmişlik: düşük"}, "geometry": {"type": "LineString", "coordinates": [[30.4299342, 39.7601437], [30.4298072, 39.759926], [30.429501, 39.7593606]]}, "bbox": [30.429501, 39.7593606, 30.4299342, 39.7601437]}, {"id": "2615", "type": "Feature", "properties": {"name": null, "_mahalle_str": "Sazova Mahallesi", "_hvi_str": "%65", "_aciklama_str": "Sıcaklık: çok düşük<br>Ağaç örtüsü: çok yüksek<br>Hastaneye uzaklık: çok uzak<br>Yeşil alana uzaklık: çok uzak<br>Yapılaşma yoğunluğu: orta<br>Nüfus yoğunluğu: seyrek<br>Yaşlı nüfus oranı: orta<br>Çocuk nüfus oranı: orta<br>Sosyoekonomik gelişmişlik: düşük"}, "geometry": {"type": "LineString", "coordinates": [[30.4131164, 39.7653589], [30.4129646, 39.7640086], [30.412907, 39.7635036], [30.4126632, 39.7613623]]}, "bbox": [30.4126632, 39.7613623, 30.4131164, 39.7653589]}, {"id": "2629", "type": "Feature", "properties": {"name": null, "_mahalle_str": "Sazova Mahallesi", "_hvi_str": "%64", "_aciklama_str": "Sıcaklık: çok yüksek<br>Ağaç örtüsü: yüksek<br>Hastaneye uzaklık: çok uzak<br>Yeşil alana uzaklık: çok uzak<br>Yapılaşma yoğunluğu: seyrek<br>Nüfus yoğunluğu: seyrek<br>Yaşlı nüfus oranı: orta<br>Çocuk nüfus oranı: orta<br>Sosyoekonomik gelişmişlik: düşük"}, "geometry": {"type": "LineString", "coordinates": [[30.4298072, 39.759926], [30.4295264, 39.7600432], [30.4294293, 39.7600665], [30.4293785, 39.7600645], [30.4293416, 39.760032], [30.4290765, 39.7593766], [30.429501, 39.7593606]]}, "bbox": [30.4290765, 39.7593606, 30.4298072, 39.7600665]}, {"id": "2631", "type": "Feature", "properties": {"name": null, "_mahalle_str": "Karagözler Mahallesi", "_hvi_str": "%53", "_aciklama_str": "Sıcaklık: çok düşük<br>Ağaç örtüsü: çok yüksek<br>Hastaneye uzaklık: çok uzak<br>Yeşil alana uzaklık: çok uzak<br>Yapılaşma yoğunluğu: seyrek<br>Nüfus yoğunluğu: seyrek<br>Yaşlı nüfus oranı: orta<br>Çocuk nüfus oranı: orta<br>Sosyoekonomik gelişmişlik: düşük"}, "geometry": {"type": "LineString", "coordinates": [[30.4153756, 39.7655443], [30.415729, 39.7656449], [30.4162518, 39.7656992], [30.4165909, 39.7657173], [30.4166767, 39.7657282], [30.4167369, 39.7657571], [30.4168546, 39.7658585], [30.4171607, 39.766387], [30.4176079, 39.7672425], [30.4182289, 39.7684589], [30.4188884, 39.7697364]]}, "bbox": [30.4153756, 39.7655443, 30.4188884, 39.7697364]}, {"id": "2709", "type": "Feature", "properties": {"name": "3100. Sokak", "_mahalle_str": "Uluönder Mahallesi", "_hvi_str": "%54", "_aciklama_str": "Sıcaklık: düşük<br>Ağaç örtüsü: çok düşük<br>Hastaneye uzaklık: uzak<br>Yeşil alana uzaklık: çok uzak<br>Yapılaşma yoğunluğu: yoğun<br>Nüfus yoğunluğu: seyrek<br>Yaşlı nüfus oranı: orta<br>Çocuk nüfus oranı: orta<br>Sosyoekonomik gelişmişlik: düşük"}, "geometry": {"type": "LineString", "coordinates": [[30.4662142, 39.7830901], [30.4674622, 39.7835539]]}, "bbox": [30.4662142, 39.7830901, 30.4674622, 39.7835539]}, {"id": "2710", "type": "Feature", "properties": {"name": "Aydınay Sokak", "_mahalle_str": "Çamlıca Mahallesi", "_hvi_str": "%51", "_aciklama_str": "Sıcaklık: yüksek<br>Ağaç örtüsü: çok düşük<br>Hastaneye uzaklık: yakın<br>Yeşil alana uzaklık: uzak<br>Yapılaşma yoğunluğu: yoğun<br>Nüfus yoğunluğu: seyrek<br>Yaşlı nüfus oranı: orta<br>Çocuk nüfus oranı: orta<br>Sosyoekonomik gelişmişlik: düşük"}, "geometry": {"type": "LineString", "coordinates": [[30.451822, 39.7786598], [30.4520813, 39.7782083]]}, "bbox": [30.451822, 39.7782083, 30.4520813, 39.7786598]}, {"id": "2989", "type": "Feature", "properties": {"name": "Serdarlı Sokak", "_mahalle_str": "Şirintepe Mahallesi", "_hvi_str": "%56", "_aciklama_str": "Sıcaklık: yüksek<br>Ağaç örtüsü: çok düşük<br>Hastaneye uzaklık: orta<br>Yeşil alana uzaklık: uzak<br>Yapılaşma yoğunluğu: çok yoğun<br>Nüfus yoğunluğu: seyrek<br>Yaşlı nüfus oranı: orta<br>Çocuk nüfus oranı: orta<br>Sosyoekonomik gelişmişlik: düşük"}, "geometry": {"type": "LineString", "coordinates": [[30.4813917, 39.7944312], [30.4813272, 39.7950884], [30.4812444, 39.7958468], [30.4810125, 39.796623]]}, "bbox": [30.4810125, 39.7944312, 30.4813917, 39.796623]}, {"id": "2996", "type": "Feature", "properties": {"name": "Şumlu Sokak", "_mahalle_str": "Şirintepe Mahallesi", "_hvi_str": "%51", "_aciklama_str": "Sıcaklık: düşük<br>Ağaç örtüsü: çok düşük<br>Hastaneye uzaklık: uzak<br>Yeşil alana uzaklık: yakın<br>Yapılaşma yoğunluğu: çok yoğun<br>Nüfus yoğunluğu: seyrek<br>Yaşlı nüfus oranı: orta<br>Çocuk nüfus oranı: orta<br>Sosyoekonomik gelişmişlik: düşük"}, "geometry": {"type": "LineString", "coordinates": [[30.4930298, 39.7961447], [30.493256, 39.7961988], [30.4934916, 39.7962622], [30.4938894, 39.7963808], [30.4944958, 39.7965454]]}, "bbox": [30.4930298, 39.7961447, 30.4944958, 39.7965454]}, {"id": "2997", "type": "Feature", "properties": {"name": "Cantaş Sokak", "_mahalle_str": "Şirintepe Mahallesi", "_hvi_str": "%54", "_aciklama_str": "Sıcaklık: orta<br>Ağaç örtüsü: orta<br>Hastaneye uzaklık: orta<br>Yeşil alana uzaklık: orta<br>Yapılaşma yoğunluğu: çok yoğun<br>Nüfus yoğunluğu: seyrek<br>Yaşlı nüfus oranı: orta<br>Çocuk nüfus oranı: orta<br>Sosyoekonomik gelişmişlik: düşük"}, "geometry": {"type": "LineString", "coordinates": [[30.4906515, 39.7962869], [30.4908656, 39.7970647], [30.4910739, 39.797709], [30.4913395, 39.7982915], [30.4916035, 39.7988244], [30.4917667, 39.7991951], [30.4917835, 39.7992332]]}, "bbox": [30.4906515, 39.7962869, 30.4917835, 39.7992332]}, {"id": "2999", "type": "Feature", "properties": {"name": "Yolcuer Sokak", "_mahalle_str": "Şirintepe Mahallesi", "_hvi_str": "%51", "_aciklama_str": "Sıcaklık: orta<br>Ağaç örtüsü: düşük<br>Hastaneye uzaklık: orta<br>Yeşil alana uzaklık: orta<br>Yapılaşma yoğunluğu: çok yoğun<br>Nüfus yoğunluğu: seyrek<br>Yaşlı nüfus oranı: orta<br>Çocuk nüfus oranı: orta<br>Sosyoekonomik gelişmişlik: düşük"}, "geometry": {"type": "LineString", "coordinates": [[30.4902151, 39.796221], [30.4903344, 39.79679], [30.4904541, 39.7971248], [30.4906845, 39.7977331], [30.4907413, 39.7978901], [30.4908978, 39.7982535], [30.4909581, 39.7984006], [30.4910662, 39.7987345], [30.4911756, 39.7989661]]}, "bbox": [30.4902151, 39.796221, 30.4911756, 39.7989661]}, {"id": "3005", "type": "Feature", "properties": {"name": "Yemenyolu Sokak", "_mahalle_str": "Şirintepe Mahallesi", "_hvi_str": "%51", "_aciklama_str": "Sıcaklık: düşük<br>Ağaç örtüsü: düşük<br>Hastaneye uzaklık: uzak<br>Yeşil alana uzaklık: yakın<br>Yapılaşma yoğunluğu: çok yoğun<br>Nüfus yoğunluğu: seyrek<br>Yaşlı nüfus oranı: orta<br>Çocuk nüfus oranı: orta<br>Sosyoekonomik gelişmişlik: düşük"}, "geometry": {"type": "LineString", "coordinates": [[30.4922699, 39.7984244], [30.4925021, 39.7981923], [30.4927996, 39.7979329], [30.4929848, 39.7977599], [30.4930707, 39.7976788], [30.49324, 39.7974677], [30.4933206, 39.7973807], [30.4935859, 39.797033], [30.4937507, 39.7967059], [30.4938894, 39.7963808]]}, "bbox": [30.4922699, 39.7963808, 30.4938894, 39.7984244]}, {"id": "3009", "type": "Feature", "properties": {"name": "Erdener Sokak", "_mahalle_str": "Şirintepe Mahallesi", "_hvi_str": "%54", "_aciklama_str": "Sıcaklık: orta<br>Ağaç örtüsü: düşük<br>Hastaneye uzaklık: orta<br>Yeşil alana uzaklık: yakın<br>Yapılaşma yoğunluğu: çok yoğun<br>Nüfus yoğunluğu: seyrek<br>Yaşlı nüfus oranı: orta<br>Çocuk nüfus oranı: orta<br>Sosyoekonomik gelişmişlik: düşük"}, "geometry": {"type": "LineString", "coordinates": [[30.4916071, 39.7965502], [30.4919513, 39.797632]]}, "bbox": [30.4916071, 39.7965502, 30.4919513, 39.797632]}, {"id": "3010", "type": "Feature", "properties": {"name": "Ergen Sokak", "_mahalle_str": "Şirintepe Mahallesi", "_hvi_str": "%57", "_aciklama_str": "Sıcaklık: yüksek<br>Ağaç örtüsü: çok düşük<br>Hastaneye uzaklık: orta<br>Yeşil alana uzaklık: uzak<br>Yapılaşma yoğunluğu: çok yoğun<br>Nüfus yoğunluğu: seyrek<br>Yaşlı nüfus oranı: orta<br>Çocuk nüfus oranı: orta<br>Sosyoekonomik gelişmişlik: düşük"}, "geometry": {"type": "LineString", "coordinates": [[30.4804652, 39.7943253], [30.4805658, 39.7942612], [30.4806688, 39.7942472], [30.4808047, 39.7942274], [30.480956, 39.7942274], [30.4813808, 39.7942393], [30.4817106, 39.7942293], [30.4821984, 39.7942252], [30.4825331, 39.7942248], [30.4827945, 39.7942248], [30.4831436, 39.7942129], [30.4834979, 39.7942036], [30.4836468, 39.7942041]]}, "bbox": [30.4804652, 39.7942036, 30.4836468, 39.7943253]}, {"id": "3014", "type": "Feature", "properties": {"name": "Akkuzu Sk.", "_mahalle_str": "Şirintepe Mahallesi", "_hvi_str": "%50", "_aciklama_str": "Sıcaklık: çok yüksek<br>Ağaç örtüsü: düşük<br>Hastaneye uzaklık: uzak<br>Yeşil alana uzaklık: orta<br>Yapılaşma yoğunluğu: yoğun<br>Nüfus yoğunluğu: seyrek<br>Yaşlı nüfus oranı: orta<br>Çocuk nüfus oranı: orta<br>Sosyoekonomik gelişmişlik: düşük"}, "geometry": {"type": "LineString", "coordinates": [[30.4796779, 39.8003523], [30.4802287, 39.7984098], [30.4803416, 39.7980348], [30.4804444, 39.7976908]]}, "bbox": [30.4796779, 39.7976908, 30.4804444, 39.8003523]}, {"id": "3015", "type": "Feature", "properties": {"name": null, "_mahalle_str": "Şirintepe Mahallesi", "_hvi_str": "%51", "_aciklama_str": "Sıcaklık: yüksek<br>Ağaç örtüsü: düşük<br>Hastaneye uzaklık: çok yakın<br>Yeşil alana uzaklık: uzak<br>Yapılaşma yoğunluğu: çok yoğun<br>Nüfus yoğunluğu: seyrek<br>Yaşlı nüfus oranı: orta<br>Çocuk nüfus oranı: orta<br>Sosyoekonomik gelişmişlik: düşük"}, "geometry": {"type": "LineString", "coordinates": [[30.4853581, 39.7932767], [30.4853337, 39.7934986], [30.4853037, 39.7937725], [30.4852306, 39.7942237], [30.4851771, 39.7946124], [30.485092, 39.7951263], [30.4850604, 39.7953001], [30.4849903, 39.7953854], [30.4847656, 39.7960083], [30.4847117, 39.7962649], [30.4847052, 39.7968227], [30.4846983, 39.7969884], [30.4847371, 39.7972441], [30.4847539, 39.7978674]]}, "bbox": [30.4846983, 39.7932767, 30.4853581, 39.7978674]}, {"id": "3021", "type": "Feature", "properties": {"name": null, "_mahalle_str": "Şirintepe Mahallesi", "_hvi_str": "%55", "_aciklama_str": "Sıcaklık: çok yüksek<br>Ağaç örtüsü: çok düşük<br>Hastaneye uzaklık: uzak<br>Yeşil alana uzaklık: çok yakın<br>Yapılaşma yoğunluğu: çok yoğun<br>Nüfus yoğunluğu: seyrek<br>Yaşlı nüfus oranı: orta<br>Çocuk nüfus oranı: orta<br>Sosyoekonomik gelişmişlik: düşük"}, "geometry": {"type": "LineString", "coordinates": [[30.4795075, 39.7941089], [30.4797237, 39.7936577]]}, "bbox": [30.4795075, 39.7936577, 30.4797237, 39.7941089]}, {"id": "3025", "type": "Feature", "properties": {"name": null, "_mahalle_str": "Şarhöyük Mahallesi", "_hvi_str": "%53", "_aciklama_str": "Sıcaklık: yüksek<br>Ağaç örtüsü: çok düşük<br>Hastaneye uzaklık: yakın<br>Yeşil alana uzaklık: uzak<br>Yapılaşma yoğunluğu: çok yoğun<br>Nüfus yoğunluğu: seyrek<br>Yaşlı nüfus oranı: orta<br>Çocuk nüfus oranı: orta<br>Sosyoekonomik gelişmişlik: düşük"}, "geometry": {"type": "LineString", "coordinates": [[30.5336086, 39.7870328], [30.5336642, 39.7867588]]}, "bbox": [30.5336086, 39.7867588, 30.5336642, 39.7870328]}, {"id": "3026", "type": "Feature", "properties": {"name": "Uyanıklar Sokak", "_mahalle_str": "Şirintepe Mahallesi", "_hvi_str": "%51", "_aciklama_str": "Sıcaklık: orta<br>Ağaç örtüsü: düşük<br>Hastaneye uzaklık: yakın<br>Yeşil alana uzaklık: orta<br>Yapılaşma yoğunluğu: çok yoğun<br>Nüfus yoğunluğu: seyrek<br>Yaşlı nüfus oranı: orta<br>Çocuk nüfus oranı: orta<br>Sosyoekonomik gelişmişlik: düşük"}, "geometry": {"type": "LineString", "coordinates": [[30.4860671, 39.7973127], [30.4876182, 39.7974567]]}, "bbox": [30.4860671, 39.7973127, 30.4876182, 39.7974567]}, {"id": "3030", "type": "Feature", "properties": {"name": null, "_mahalle_str": "Şirintepe Mahallesi", "_hvi_str": "%55", "_aciklama_str": "Sıcaklık: yüksek<br>Ağaç örtüsü: çok düşük<br>Hastaneye uzaklık: yakın<br>Yeşil alana uzaklık: uzak<br>Yapılaşma yoğunluğu: çok yoğun<br>Nüfus yoğunluğu: seyrek<br>Yaşlı nüfus oranı: orta<br>Çocuk nüfus oranı: orta<br>Sosyoekonomik gelişmişlik: düşük"}, "geometry": {"type": "LineString", "coordinates": [[30.483029, 39.7966746], [30.483448, 39.796681]]}, "bbox": [30.483029, 39.7966746, 30.483448, 39.796681]}, {"id": "3032", "type": "Feature", "properties": {"name": "Dost Sk.", "_mahalle_str": "Şirintepe Mahallesi", "_hvi_str": "%50", "_aciklama_str": "Sıcaklık: orta<br>Ağaç örtüsü: düşük<br>Hastaneye uzaklık: orta<br>Yeşil alana uzaklık: yakın<br>Yapılaşma yoğunluğu: çok yoğun<br>Nüfus yoğunluğu: seyrek<br>Yaşlı nüfus oranı: orta<br>Çocuk nüfus oranı: orta<br>Sosyoekonomik gelişmişlik: düşük"}, "geometry": {"type": "LineString", "coordinates": [[30.4812173, 39.7969799], [30.4815048, 39.7970532], [30.4817585, 39.7971186]]}, "bbox": [30.4812173, 39.7969799, 30.4817585, 39.7971186]}, {"id": "3037", "type": "Feature", "properties": {"name": "3084. Sokak", "_mahalle_str": "Uluönder Mahallesi", "_hvi_str": "%52", "_aciklama_str": "Sıcaklık: çok yüksek<br>Ağaç örtüsü: çok düşük<br>Hastaneye uzaklık: uzak<br>Yeşil alana uzaklık: uzak<br>Yapılaşma yoğunluğu: yoğun<br>Nüfus yoğunluğu: seyrek<br>Yaşlı nüfus oranı: orta<br>Çocuk nüfus oranı: orta<br>Sosyoekonomik gelişmişlik: düşük"}, "geometry": {"type": "LineString", "coordinates": [[30.4717247, 39.783823], [30.4725565, 39.7841213], [30.4727612, 39.7841947], [30.4735699, 39.7844759]]}, "bbox": [30.4717247, 39.783823, 30.4735699, 39.7844759]}, {"id": "3039", "type": "Feature", "properties": {"name": "Cihangirler Sokak", "_mahalle_str": "Şirintepe Mahallesi", "_hvi_str": "%51", "_aciklama_str": "Sıcaklık: yüksek<br>Ağaç örtüsü: düşük<br>Hastaneye uzaklık: orta<br>Yeşil alana uzaklık: yakın<br>Yapılaşma yoğunluğu: çok yoğun<br>Nüfus yoğunluğu: seyrek<br>Yaşlı nüfus oranı: orta<br>Çocuk nüfus oranı: orta<br>Sosyoekonomik gelişmişlik: düşük"}, "geometry": {"type": "LineString", "coordinates": [[30.4896874, 39.7923614], [30.4902253, 39.7923738]]}, "bbox": [30.4896874, 39.7923614, 30.4902253, 39.7923738]}, {"id": "3041", "type": "Feature", "properties": {"name": null, "_mahalle_str": "Şirintepe Mahallesi", "_hvi_str": "%52", "_aciklama_str": "Sıcaklık: düşük<br>Ağaç örtüsü: orta<br>Hastaneye uzaklık: orta<br>Yeşil alana uzaklık: orta<br>Yapılaşma yoğunluğu: çok yoğun<br>Nüfus yoğunluğu: seyrek<br>Yaşlı nüfus oranı: orta<br>Çocuk nüfus oranı: orta<br>Sosyoekonomik gelişmişlik: düşük"}, "geometry": {"type": "LineString", "coordinates": [[30.4909581, 39.7984006], [30.4913395, 39.7982915]]}, "bbox": [30.4909581, 39.7982915, 30.4913395, 39.7984006]}, {"id": "3042", "type": "Feature", "properties": {"name": null, "_mahalle_str": "Şirintepe Mahallesi", "_hvi_str": "%55", "_aciklama_str": "Sıcaklık: çok yüksek<br>Ağaç örtüsü: çok düşük<br>Hastaneye uzaklık: orta<br>Yeşil alana uzaklık: yakın<br>Yapılaşma yoğunluğu: çok yoğun<br>Nüfus yoğunluğu: seyrek<br>Yaşlı nüfus oranı: orta<br>Çocuk nüfus oranı: orta<br>Sosyoekonomik gelişmişlik: düşük"}, "geometry": {"type": "LineString", "coordinates": [[30.4805658, 39.7942612], [30.4805797, 39.7937773], [30.480527, 39.7932631]]}, "bbox": [30.480527, 39.7932631, 30.4805797, 39.7942612]}, {"id": "3046", "type": "Feature", "properties": {"name": "Metiner Sokak", "_mahalle_str": "Şirintepe Mahallesi", "_hvi_str": "%54", "_aciklama_str": "Sıcaklık: çok yüksek<br>Ağaç örtüsü: yüksek<br>Hastaneye uzaklık: uzak<br>Yeşil alana uzaklık: çok yakın<br>Yapılaşma yoğunluğu: çok yoğun<br>Nüfus yoğunluğu: seyrek<br>Yaşlı nüfus oranı: orta<br>Çocuk nüfus oranı: orta<br>Sosyoekonomik gelişmişlik: düşük"}, "geometry": {"type": "LineString", "coordinates": [[30.4785968, 39.7946823], [30.4789793, 39.7939651]]}, "bbox": [30.4785968, 39.7939651, 30.4789793, 39.7946823]}, {"id": "3056", "type": "Feature", "properties": {"name": null, "_mahalle_str": "Uluönder Mahallesi", "_hvi_str": "%55", "_aciklama_str": "Sıcaklık: orta<br>Ağaç örtüsü: çok düşük<br>Hastaneye uzaklık: uzak<br>Yeşil alana uzaklık: uzak<br>Yapılaşma yoğunluğu: çok yoğun<br>Nüfus yoğunluğu: seyrek<br>Yaşlı nüfus oranı: orta<br>Çocuk nüfus oranı: orta<br>Sosyoekonomik gelişmişlik: düşük"}, "geometry": {"type": "LineString", "coordinates": [[30.4677281, 39.7844707], [30.4679815, 39.7840581], [30.4683854, 39.7833555]]}, "bbox": [30.4677281, 39.7833555, 30.4683854, 39.7844707]}, {"id": "3065", "type": "Feature", "properties": {"name": "Muhtar Sokak", "_mahalle_str": "Şirintepe Mahallesi", "_hvi_str": "%50", "_aciklama_str": "Sıcaklık: orta<br>Ağaç örtüsü: düşük<br>Hastaneye uzaklık: uzak<br>Yeşil alana uzaklık: yakın<br>Yapılaşma yoğunluğu: yoğun<br>Nüfus yoğunluğu: seyrek<br>Yaşlı nüfus oranı: orta<br>Çocuk nüfus oranı: orta<br>Sosyoekonomik gelişmişlik: düşük"}, "geometry": {"type": "LineString", "coordinates": [[30.4779144, 39.7959317], [30.4777823, 39.7962919], [30.4775025, 39.7968942], [30.4772162, 39.7976732], [30.4771121, 39.7979898], [30.4770041, 39.7984315]]}, "bbox": [30.4770041, 39.7959317, 30.4779144, 39.7984315]}, {"id": "3066", "type": "Feature", "properties": {"name": "Seki Sokak", "_mahalle_str": "Şirintepe Mahallesi", "_hvi_str": "%53", "_aciklama_str": "Sıcaklık: orta<br>Ağaç örtüsü: düşük<br>Hastaneye uzaklık: uzak<br>Yeşil alana uzaklık: yakın<br>Yapılaşma yoğunluğu: çok yoğun<br>Nüfus yoğunluğu: seyrek<br>Yaşlı nüfus oranı: orta<br>Çocuk nüfus oranı: orta<br>Sosyoekonomik gelişmişlik: düşük"}, "geometry": {"type": "LineString", "coordinates": [[30.4752773, 39.7954183], [30.4756466, 39.7955006], [30.4759509, 39.7955428], [30.4761184, 39.795566], [30.4764627, 39.7956283], [30.4767216, 39.7956763], [30.4768534, 39.7957031], [30.4772236, 39.7957818], [30.4774675, 39.7958258], [30.4776202, 39.7958499], [30.4779144, 39.7959317], [30.4780538, 39.7959631], [30.4783089, 39.7960365], [30.4784022, 39.7960575], [30.478782, 39.79616]]}, "bbox": [30.4752773, 39.7954183, 30.478782, 39.79616]}, {"id": "3067", "type": "Feature", "properties": {"name": "Çavuşlar Sokak", "_mahalle_str": "Şirintepe Mahallesi", "_hvi_str": "%52", "_aciklama_str": "Sıcaklık: orta<br>Ağaç örtüsü: çok düşük<br>Hastaneye uzaklık: orta<br>Yeşil alana uzaklık: yakın<br>Yapılaşma yoğunluğu: çok yoğun<br>Nüfus yoğunluğu: seyrek<br>Yaşlı nüfus oranı: orta<br>Çocuk nüfus oranı: orta<br>Sosyoekonomik gelişmişlik: düşük"}, "geometry": {"type": "LineString", "coordinates": [[30.4889134, 39.7979124], [30.4891196, 39.7978639], [30.4893093, 39.7978265], [30.4894577, 39.7978115], [30.4896692, 39.7977873], [30.4897339, 39.7977839], [30.4898541, 39.7977686], [30.4900292, 39.7977611], [30.4902037, 39.7977564], [30.4904889, 39.797748], [30.4906845, 39.7977331], [30.4907588, 39.7977275], [30.4910739, 39.797709], [30.4912574, 39.7976976], [30.4915194, 39.797676], [30.4918228, 39.7976626]]}, "bbox": [30.4889134, 39.7976626, 30.4918228, 39.7979124]}, {"id": "3070", "type": "Feature", "properties": {"name": "3082. Sokak", "_mahalle_str": "Uluönder Mahallesi", "_hvi_str": "%54", "_aciklama_str": "Sıcaklık: çok yüksek<br>Ağaç örtüsü: çok düşük<br>Hastaneye uzaklık: uzak<br>Yeşil alana uzaklık: uzak<br>Yapılaşma yoğunluğu: yoğun<br>Nüfus yoğunluğu: seyrek<br>Yaşlı nüfus oranı: orta<br>Çocuk nüfus oranı: orta<br>Sosyoekonomik gelişmişlik: düşük"}, "geometry": {"type": "LineString", "coordinates": [[30.4715677, 39.7840982], [30.4716846, 39.7841448], [30.4724186, 39.7844004], [30.4726136, 39.7844563], [30.4734067, 39.7847551]]}, "bbox": [30.4715677, 39.7840982, 30.4734067, 39.7847551]}, {"id": "3072", "type": "Feature", "properties": {"name": "Gap Sokak", "_mahalle_str": "Şarhöyük Mahallesi", "_hvi_str": "%51", "_aciklama_str": "Sıcaklık: yüksek<br>Ağaç örtüsü: çok düşük<br>Hastaneye uzaklık: yakın<br>Yeşil alana uzaklık: uzak<br>Yapılaşma yoğunluğu: çok yoğun<br>Nüfus yoğunluğu: seyrek<br>Yaşlı nüfus oranı: orta<br>Çocuk nüfus oranı: orta<br>Sosyoekonomik gelişmişlik: düşük"}, "geometry": {"type": "LineString", "coordinates": [[30.5324098, 39.7871125], [30.5336086, 39.7870328]]}, "bbox": [30.5324098, 39.7870328, 30.5336086, 39.7871125]}, {"id": "3077", "type": "Feature", "properties": {"name": "İskenderiye Sokak", "_mahalle_str": "Şirintepe Mahallesi", "_hvi_str": "%50", "_aciklama_str": "Sıcaklık: orta<br>Ağaç örtüsü: düşük<br>Hastaneye uzaklık: yakın<br>Yeşil alana uzaklık: orta<br>Yapılaşma yoğunluğu: çok yoğun<br>Nüfus yoğunluğu: seyrek<br>Yaşlı nüfus oranı: orta<br>Çocuk nüfus oranı: orta<br>Sosyoekonomik gelişmişlik: düşük"}, "geometry": {"type": "LineString", "coordinates": [[30.4860354, 39.797638], [30.4867541, 39.7977], [30.4875499, 39.7977859]]}, "bbox": [30.4860354, 39.797638, 30.4875499, 39.7977859]}, {"id": "3079", "type": "Feature", "properties": {"name": "Merih Sokak", "_mahalle_str": "Şirintepe Mahallesi", "_hvi_str": "%54", "_aciklama_str": "Sıcaklık: düşük<br>Ağaç örtüsü: çok düşük<br>Hastaneye uzaklık: orta<br>Yeşil alana uzaklık: yakın<br>Yapılaşma yoğunluğu: çok yoğun<br>Nüfus yoğunluğu: seyrek<br>Yaşlı nüfus oranı: orta<br>Çocuk nüfus oranı: orta<br>Sosyoekonomik gelişmişlik: düşük"}, "geometry": {"type": "LineString", "coordinates": [[30.4920576, 39.7966361], [30.4922794, 39.7973762]]}, "bbox": [30.4920576, 39.7966361, 30.4922794, 39.7973762]}, {"id": "3081", "type": "Feature", "properties": {"name": null, "_mahalle_str": "Uluönder Mahallesi", "_hvi_str": "%51", "_aciklama_str": "Sıcaklık: düşük<br>Ağaç örtüsü: çok düşük<br>Hastaneye uzaklık: uzak<br>Yeşil alana uzaklık: uzak<br>Yapılaşma yoğunluğu: yoğun<br>Nüfus yoğunluğu: seyrek<br>Yaşlı nüfus oranı: orta<br>Çocuk nüfus oranı: orta<br>Sosyoekonomik gelişmişlik: düşük"}, "geometry": {"type": "LineString", "coordinates": [[30.4695748, 39.7837734], [30.469405, 39.7840635], [30.4689094, 39.7848823]]}, "bbox": [30.4689094, 39.7837734, 30.4695748, 39.7848823]}, {"id": "3084", "type": "Feature", "properties": {"name": "Tomurcuk Sokak", "_mahalle_str": "Şirintepe Mahallesi", "_hvi_str": "%55", "_aciklama_str": "Sıcaklık: yüksek<br>Ağaç örtüsü: düşük<br>Hastaneye uzaklık: uzak<br>Yeşil alana uzaklık: yakın<br>Yapılaşma yoğunluğu: çok yoğun<br>Nüfus yoğunluğu: seyrek<br>Yaşlı nüfus oranı: orta<br>Çocuk nüfus oranı: orta<br>Sosyoekonomik gelişmişlik: düşük"}, "geometry": {"type": "LineString", "coordinates": [[30.4782088, 39.7945844], [30.4785899, 39.7938478]]}, "bbox": [30.4782088, 39.7938478, 30.4785899, 39.7945844]}, {"id": "3087", "type": "Feature", "properties": {"name": "Akgünler Sokak", "_mahalle_str": "Şirintepe Mahallesi", "_hvi_str": "%50", "_aciklama_str": "Sıcaklık: yüksek<br>Ağaç örtüsü: çok düşük<br>Hastaneye uzaklık: orta<br>Yeşil alana uzaklık: yakın<br>Yapılaşma yoğunluğu: çok yoğun<br>Nüfus yoğunluğu: seyrek<br>Yaşlı nüfus oranı: orta<br>Çocuk nüfus oranı: orta<br>Sosyoekonomik gelişmişlik: düşük"}, "geometry": {"type": "LineString", "coordinates": [[30.490197, 39.7925732], [30.4902253, 39.7923738], [30.4902504, 39.7920273]]}, "bbox": [30.490197, 39.7920273, 30.4902504, 39.7925732]}, {"id": "3091", "type": "Feature", "properties": {"name": null, "_mahalle_str": "Şirintepe Mahallesi", "_hvi_str": "%57", "_aciklama_str": "Sıcaklık: yüksek<br>Ağaç örtüsü: çok düşük<br>Hastaneye uzaklık: orta<br>Yeşil alana uzaklık: orta<br>Yapılaşma yoğunluğu: çok yoğun<br>Nüfus yoğunluğu: seyrek<br>Yaşlı nüfus oranı: orta<br>Çocuk nüfus oranı: orta<br>Sosyoekonomik gelişmişlik: düşük"}, "geometry": {"type": "LineString", "coordinates": [[30.4812444, 39.7958468], [30.481458, 39.7958745], [30.4818793, 39.795906]]}, "bbox": [30.4812444, 39.7958468, 30.4818793, 39.795906]}, {"id": "3096", "type": "Feature", "properties": {"name": "Metiner Sokak", "_mahalle_str": "Şirintepe Mahallesi", "_hvi_str": "%55", "_aciklama_str": "Sıcaklık: orta<br>Ağaç örtüsü: düşük<br>Hastaneye uzaklık: uzak<br>Yeşil alana uzaklık: yakın<br>Yapılaşma yoğunluğu: çok yoğun<br>Nüfus yoğunluğu: seyrek<br>Yaşlı nüfus oranı: orta<br>Çocuk nüfus oranı: orta<br>Sosyoekonomik gelişmişlik: düşük"}, "geometry": {"type": "LineString", "coordinates": [[30.4785968, 39.7946823], [30.4785532, 39.7949322], [30.4783805, 39.7952841], [30.4780538, 39.7959631]]}, "bbox": [30.4780538, 39.7946823, 30.4785968, 39.7959631]}, {"id": "3107", "type": "Feature", "properties": {"name": "Arat Sokak", "_mahalle_str": "Şirintepe Mahallesi", "_hvi_str": "%51", "_aciklama_str": "Sıcaklık: yüksek<br>Ağaç örtüsü: düşük<br>Hastaneye uzaklık: orta<br>Yeşil alana uzaklık: orta<br>Yapılaşma yoğunluğu: çok yoğun<br>Nüfus yoğunluğu: seyrek<br>Yaşlı nüfus oranı: orta<br>Çocuk nüfus oranı: orta<br>Sosyoekonomik gelişmişlik: düşük"}, "geometry": {"type": "LineString", "coordinates": [[30.4821921, 39.7961291], [30.4821942, 39.7965274], [30.4822136, 39.7971103], [30.4822384, 39.7978536]]}, "bbox": [30.4821921, 39.7961291, 30.4822384, 39.7978536]}, {"id": "3111", "type": "Feature", "properties": {"name": "Maraş Sokak", "_mahalle_str": "Şirintepe Mahallesi", "_hvi_str": "%52", "_aciklama_str": "Sıcaklık: yüksek<br>Ağaç örtüsü: çok düşük<br>Hastaneye uzaklık: yakın<br>Yeşil alana uzaklık: orta<br>Yapılaşma yoğunluğu: çok yoğun<br>Nüfus yoğunluğu: seyrek<br>Yaşlı nüfus oranı: orta<br>Çocuk nüfus oranı: orta<br>Sosyoekonomik gelişmişlik: düşük"}, "geometry": {"type": "LineString", "coordinates": [[30.4864686, 39.7916231], [30.4869064, 39.791671], [30.4870522, 39.7916846], [30.4875566, 39.7917371]]}, "bbox": [30.4864686, 39.7916231, 30.4875566, 39.7917371]}, {"id": "3120", "type": "Feature", "properties": {"name": "Saraybosna Sokak", "_mahalle_str": "Şirintepe Mahallesi", "_hvi_str": "%52", "_aciklama_str": "Sıcaklık: düşük<br>Ağaç örtüsü: çok düşük<br>Hastaneye uzaklık: uzak<br>Yeşil alana uzaklık: yakın<br>Yapılaşma yoğunluğu: çok yoğun<br>Nüfus yoğunluğu: seyrek<br>Yaşlı nüfus oranı: orta<br>Çocuk nüfus oranı: orta<br>Sosyoekonomik gelişmişlik: düşük"}, "geometry": {"type": "LineString", "coordinates": [[30.492875, 39.7964632], [30.4935209, 39.7966427], [30.4937507, 39.7967059], [30.4944206, 39.7968936]]}, "bbox": [30.492875, 39.7964632, 30.4944206, 39.7968936]}, {"id": "3123", "type": "Feature", "properties": {"name": null, "_mahalle_str": "Şirintepe Mahallesi", "_hvi_str": "%54", "_aciklama_str": "Sıcaklık: orta<br>Ağaç örtüsü: orta<br>Hastaneye uzaklık: yakın<br>Yeşil alana uzaklık: uzak<br>Yapılaşma yoğunluğu: çok yoğun<br>Nüfus yoğunluğu: seyrek<br>Yaşlı nüfus oranı: orta<br>Çocuk nüfus oranı: orta<br>Sosyoekonomik gelişmişlik: düşük"}, "geometry": {"type": "LineString", "coordinates": [[30.4834705, 39.797291], [30.4839111, 39.7973002]]}, "bbox": [30.4834705, 39.797291, 30.4839111, 39.7973002]}, {"id": "3133", "type": "Feature", "properties": {"name": "Uzer Sokak", "_mahalle_str": "Şirintepe Mahallesi", "_hvi_str": "%52", "_aciklama_str": "Sıcaklık: düşük<br>Ağaç örtüsü: düşük<br>Hastaneye uzaklık: uzak<br>Yeşil alana uzaklık: çok yakın<br>Yapılaşma yoğunluğu: çok yoğun<br>Nüfus yoğunluğu: seyrek<br>Yaşlı nüfus oranı: orta<br>Çocuk nüfus oranı: orta<br>Sosyoekonomik gelişmişlik: düşük"}, "geometry": {"type": "LineString", "coordinates": [[30.4925121, 39.7970516], [30.4928205, 39.7971528], [30.4930768, 39.7972665], [30.4933206, 39.7973807], [30.4937502, 39.7975701], [30.4941934, 39.7977619]]}, "bbox": [30.4925121, 39.7970516, 30.4941934, 39.7977619]}, {"id": "3136", "type": "Feature", "properties": {"name": "Ülkümen Sokak", "_mahalle_str": "Şirintepe Mahallesi", "_hvi_str": "%54", "_aciklama_str": "Sıcaklık: yüksek<br>Ağaç örtüsü: çok düşük<br>Hastaneye uzaklık: orta<br>Yeşil alana uzaklık: orta<br>Yapılaşma yoğunluğu: çok yoğun<br>Nüfus yoğunluğu: seyrek<br>Yaşlı nüfus oranı: orta<br>Çocuk nüfus oranı: orta<br>Sosyoekonomik gelişmişlik: düşük"}, "geometry": {"type": "LineString", "coordinates": [[30.4790246, 39.7928113], [30.4791439, 39.7928833], [30.4792849, 39.7929414], [30.4796719, 39.7930696], [30.4801637, 39.7932414], [30.4804735, 39.7933429]]}, "bbox": [30.4790246, 39.7928113, 30.4804735, 39.7933429]}, {"id": "3138", "type": "Feature", "properties": {"name": "Erdenay Sokak", "_mahalle_str": "Şirintepe Mahallesi", "_hvi_str": "%53", "_aciklama_str": "Sıcaklık: yüksek<br>Ağaç örtüsü: düşük<br>Hastaneye uzaklık: orta<br>Yeşil alana uzaklık: uzak<br>Yapılaşma yoğunluğu: çok yoğun<br>Nüfus yoğunluğu: seyrek<br>Yaşlı nüfus oranı: orta<br>Çocuk nüfus oranı: orta<br>Sosyoekonomik gelişmişlik: düşük"}, "geometry": {"type": "LineString", "coordinates": [[30.4830544, 39.7978976], [30.483029, 39.7966746], [30.4830042, 39.7962023]]}, "bbox": [30.4830042, 39.7962023, 30.4830544, 39.7978976]}, {"id": "3143", "type": "Feature", "properties": {"name": "Önkol Sokak", "_mahalle_str": "Şirintepe Mahallesi", "_hvi_str": "%56", "_aciklama_str": "Sıcaklık: yüksek<br>Ağaç örtüsü: çok düşük<br>Hastaneye uzaklık: yakın<br>Yeşil alana uzaklık: uzak<br>Yapılaşma yoğunluğu: çok yoğun<br>Nüfus yoğunluğu: seyrek<br>Yaşlı nüfus oranı: orta<br>Çocuk nüfus oranı: orta<br>Sosyoekonomik gelişmişlik: düşük"}, "geometry": {"type": "LineString", "coordinates": [[30.4818444, 39.7960965], [30.4821921, 39.7961291], [30.4826014, 39.7961608], [30.4830042, 39.7962023], [30.4831545, 39.7962126], [30.4834373, 39.7962318], [30.4838739, 39.7962515], [30.4842961, 39.796271], [30.4847117, 39.7962649], [30.4851503, 39.7962948], [30.485576, 39.7963361], [30.4862117, 39.7963826]]}, "bbox": [30.4818444, 39.7960965, 30.4862117, 39.7963826]}, {"id": "3150", "type": "Feature", "properties": {"name": "Murathan Sokak", "_mahalle_str": "Şirintepe Mahallesi", "_hvi_str": "%50", "_aciklama_str": "Sıcaklık: düşük<br>Ağaç örtüsü: yüksek<br>Hastaneye uzaklık: uzak<br>Yeşil alana uzaklık: yakın<br>Yapılaşma yoğunluğu: çok yoğun<br>Nüfus yoğunluğu: seyrek<br>Yaşlı nüfus oranı: orta<br>Çocuk nüfus oranı: orta<br>Sosyoekonomik gelişmişlik: düşük"}, "geometry": {"type": "LineString", "coordinates": [[30.4922794, 39.7973762], [30.4924198, 39.7973801], [30.4925505, 39.7974449], [30.4928945, 39.7975915], [30.4930707, 39.7976788], [30.4932763, 39.797758], [30.4937898, 39.7980029]]}, "bbox": [30.4922794, 39.7973762, 30.4937898, 39.7980029]}, {"id": "3152", "type": "Feature", "properties": {"name": "Bayırlıtepe Sokak", "_mahalle_str": "Şirintepe Mahallesi", "_hvi_str": "%55", "_aciklama_str": "Sıcaklık: yüksek<br>Ağaç örtüsü: düşük<br>Hastaneye uzaklık: orta<br>Yeşil alana uzaklık: orta<br>Yapılaşma yoğunluğu: çok yoğun<br>Nüfus yoğunluğu: seyrek<br>Yaşlı nüfus oranı: orta<br>Çocuk nüfus oranı: orta<br>Sosyoekonomik gelişmişlik: düşük"}, "geometry": {"type": "LineString", "coordinates": [[30.4805344, 39.7965209], [30.4807748, 39.7959862], [30.481059, 39.7953169], [30.4811512, 39.7950621]]}, "bbox": [30.4805344, 39.7950621, 30.4811512, 39.7965209]}, {"id": "3154", "type": "Feature", "properties": {"name": "Kutup Sokak", "_mahalle_str": "Şirintepe Mahallesi", "_hvi_str": "%55", "_aciklama_str": "Sıcaklık: çok yüksek<br>Ağaç örtüsü: çok düşük<br>Hastaneye uzaklık: uzak<br>Yeşil alana uzaklık: yakın<br>Yapılaşma yoğunluğu: çok yoğun<br>Nüfus yoğunluğu: seyrek<br>Yaşlı nüfus oranı: orta<br>Çocuk nüfus oranı: orta<br>Sosyoekonomik gelişmişlik: düşük"}, "geometry": {"type": "LineString", "coordinates": [[30.4785231, 39.793085], [30.4786194, 39.7931304], [30.4787208, 39.7931621], [30.4800725, 39.7934521], [30.4803516, 39.7935068]]}, "bbox": [30.4785231, 39.793085, 30.4803516, 39.7935068]}, {"id": "3157", "type": "Feature", "properties": {"name": "Kır Sokak", "_mahalle_str": "Şirintepe Mahallesi", "_hvi_str": "%51", "_aciklama_str": "Sıcaklık: orta<br>Ağaç örtüsü: çok düşük<br>Hastaneye uzaklık: yakın<br>Yeşil alana uzaklık: orta<br>Yapılaşma yoğunluğu: çok yoğun<br>Nüfus yoğunluğu: seyrek<br>Yaşlı nüfus oranı: orta<br>Çocuk nüfus oranı: orta<br>Sosyoekonomik gelişmişlik: düşük"}, "geometry": {"type": "LineString", "coordinates": [[30.4856826, 39.7930146], [30.4859944, 39.7930307], [30.4860454, 39.7930334], [30.4862994, 39.7930607], [30.486337, 39.7930647], [30.4863932, 39.7930707], [30.4867748, 39.7930978], [30.487182, 39.7931383]]}, "bbox": [30.4856826, 39.7930146, 30.487182, 39.7931383]}, {"id": "3158", "type": "Feature", "properties": {"name": "Altınoluk Sokak", "_mahalle_str": "Şirintepe Mahallesi", "_hvi_str": "%51", "_aciklama_str": "Sıcaklık: orta<br>Ağaç örtüsü: çok düşük<br>Hastaneye uzaklık: yakın<br>Yeşil alana uzaklık: yakın<br>Yapılaşma yoğunluğu: çok yoğun<br>Nüfus yoğunluğu: seyrek<br>Yaşlı nüfus oranı: orta<br>Çocuk nüfus oranı: orta<br>Sosyoekonomik gelişmişlik: düşük"}, "geometry": {"type": "LineString", "coordinates": [[30.4872614, 39.7928643], [30.4877534, 39.792956], [30.4882521, 39.7930228], [30.4884638, 39.7930511], [30.4886552, 39.7930764], [30.4890927, 39.7931342], [30.4894971, 39.7931914]]}, "bbox": [30.4872614, 39.7928643, 30.4894971, 39.7931914]}, {"id": "3159", "type": "Feature", "properties": {"name": "3080. Sokak", "_mahalle_str": "Uluönder Mahallesi", "_hvi_str": "%52", "_aciklama_str": "Sıcaklık: orta<br>Ağaç örtüsü: çok düşük<br>Hastaneye uzaklık: uzak<br>Yeşil alana uzaklık: uzak<br>Yapılaşma yoğunluğu: yoğun<br>Nüfus yoğunluğu: seyrek<br>Yaşlı nüfus oranı: orta<br>Çocuk nüfus oranı: orta<br>Sosyoekonomik gelişmişlik: düşük"}, "geometry": {"type": "LineString", "coordinates": [[30.4700188, 39.7838015], [30.47046, 39.783957], [30.4709452, 39.7841279], [30.4713392, 39.7842625], [30.4714308, 39.784326]]}, "bbox": [30.4700188, 39.7838015, 30.4714308, 39.784326]}, {"id": "3160", "type": "Feature", "properties": {"name": "Ülkümen Sokak", "_mahalle_str": "Şirintepe Mahallesi", "_hvi_str": "%52", "_aciklama_str": "Sıcaklık: çok yüksek<br>Ağaç örtüsü: düşük<br>Hastaneye uzaklık: orta<br>Yeşil alana uzaklık: orta<br>Yapılaşma yoğunluğu: çok yoğun<br>Nüfus yoğunluğu: seyrek<br>Yaşlı nüfus oranı: orta<br>Çocuk nüfus oranı: orta<br>Sosyoekonomik gelişmişlik: düşük"}, "geometry": {"type": "LineString", "coordinates": [[30.480527, 39.7932631], [30.4808391, 39.7932968], [30.4812638, 39.7932968], [30.4819254, 39.7933006], [30.4821893, 39.7933025], [30.483032, 39.7932726], [30.4837348, 39.7932626], [30.4849242, 39.7932595]]}, "bbox": [30.480527, 39.7932595, 30.4849242, 39.7933025]}, {"id": "3163", "type": "Feature", "properties": {"name": null, "_mahalle_str": "Şirintepe Mahallesi", "_hvi_str": "%51", "_aciklama_str": "Sıcaklık: düşük<br>Ağaç örtüsü: çok düşük<br>Hastaneye uzaklık: orta<br>Yeşil alana uzaklık: orta<br>Yapılaşma yoğunluğu: çok yoğun<br>Nüfus yoğunluğu: seyrek<br>Yaşlı nüfus oranı: orta<br>Çocuk nüfus oranı: orta<br>Sosyoekonomik gelişmişlik: düşük"}, "geometry": {"type": "LineString", "coordinates": [[30.4835103, 39.7987264], [30.4839478, 39.7987558]]}, "bbox": [30.4835103, 39.7987264, 30.4839478, 39.7987558]}, {"id": "3169", "type": "Feature", "properties": {"name": "Elsöz Sokak", "_mahalle_str": "Şirintepe Mahallesi", "_hvi_str": "%57", "_aciklama_str": "Sıcaklık: yüksek<br>Ağaç örtüsü: çok düşük<br>Hastaneye uzaklık: orta<br>Yeşil alana uzaklık: uzak<br>Yapılaşma yoğunluğu: çok yoğun<br>Nüfus yoğunluğu: seyrek<br>Yaşlı nüfus oranı: orta<br>Çocuk nüfus oranı: orta<br>Sosyoekonomik gelişmişlik: düşük"}, "geometry": {"type": "LineString", "coordinates": [[30.4817106, 39.7942293], [30.4817002, 39.7944512], [30.4815984, 39.795127], [30.4815493, 39.7953848], [30.481458, 39.7958745], [30.4814447, 39.7959454], [30.4812893, 39.7966854]]}, "bbox": [30.4812893, 39.7942293, 30.4817106, 39.7966854]}, {"id": "3170", "type": "Feature", "properties": {"name": "Öktem Sokak", "_mahalle_str": "Şirintepe Mahallesi", "_hvi_str": "%53", "_aciklama_str": "Sıcaklık: düşük<br>Ağaç örtüsü: orta<br>Hastaneye uzaklık: uzak<br>Yeşil alana uzaklık: yakın<br>Yapılaşma yoğunluğu: çok yoğun<br>Nüfus yoğunluğu: seyrek<br>Yaşlı nüfus oranı: orta<br>Çocuk nüfus oranı: orta<br>Sosyoekonomik gelişmişlik: düşük"}, "geometry": {"type": "LineString", "coordinates": [[30.4921526, 39.7975205], [30.492198, 39.7975625], [30.4922977, 39.7976708], [30.4923768, 39.7977316], [30.4924921, 39.7977924], [30.4927996, 39.7979329], [30.4934073, 39.798225]]}, "bbox": [30.4921526, 39.7975205, 30.4934073, 39.798225]}, {"id": "3172", "type": "Feature", "properties": {"name": "Emekli Sokak", "_mahalle_str": "Şirintepe Mahallesi", "_hvi_str": "%53", "_aciklama_str": "Sıcaklık: çok yüksek<br>Ağaç örtüsü: çok düşük<br>Hastaneye uzaklık: yakın<br>Yeşil alana uzaklık: uzak<br>Yapılaşma yoğunluğu: çok yoğun<br>Nüfus yoğunluğu: seyrek<br>Yaşlı nüfus oranı: orta<br>Çocuk nüfus oranı: orta<br>Sosyoekonomik gelişmişlik: düşük"}, "geometry": {"type": "LineString", "coordinates": [[30.4860086, 39.7917944], [30.4859456, 39.792338], [30.4859114, 39.7927337], [30.4859117, 39.7928065], [30.4859894, 39.7928596], [30.4859992, 39.7929231], [30.4859944, 39.7930307]]}, "bbox": [30.4859114, 39.7917944, 30.4860086, 39.7930307]}, {"id": "3174", "type": "Feature", "properties": {"name": "Özlü Sokak", "_mahalle_str": "Şirintepe Mahallesi", "_hvi_str": "%54", "_aciklama_str": "Sıcaklık: yüksek<br>Ağaç örtüsü: orta<br>Hastaneye uzaklık: uzak<br>Yeşil alana uzaklık: orta<br>Yapılaşma yoğunluğu: çok yoğun<br>Nüfus yoğunluğu: seyrek<br>Yaşlı nüfus oranı: orta<br>Çocuk nüfus oranı: orta<br>Sosyoekonomik gelişmişlik: düşük"}, "geometry": {"type": "LineString", "coordinates": [[30.4800689, 39.7964391], [30.4804549, 39.7956912], [30.4806227, 39.7953287], [30.4806859, 39.795196], [30.4807466, 39.7949948], [30.4808752, 39.7943955]]}, "bbox": [30.4800689, 39.7943955, 30.4808752, 39.7964391]}, {"id": "3176", "type": "Feature", "properties": {"name": "Yetik Sokak", "_mahalle_str": "Şirintepe Mahallesi", "_hvi_str": "%55", "_aciklama_str": "Sıcaklık: orta<br>Ağaç örtüsü: düşük<br>Hastaneye uzaklık: orta<br>Yeşil alana uzaklık: orta<br>Yapılaşma yoğunluğu: çok yoğun<br>Nüfus yoğunluğu: seyrek<br>Yaşlı nüfus oranı: orta<br>Çocuk nüfus oranı: orta<br>Sosyoekonomik gelişmişlik: düşük"}, "geometry": {"type": "LineString", "coordinates": [[30.4910898, 39.7963867], [30.4911825, 39.7965537], [30.4912556, 39.7967631], [30.4913811, 39.7971581], [30.4915194, 39.797676], [30.4919646, 39.7986964], [30.4921199, 39.7989859]]}, "bbox": [30.4910898, 39.7963867, 30.4921199, 39.7989859]}, {"id": "3362", "type": "Feature", "properties": {"name": null, "_mahalle_str": "Fevziçakmak Mahallesi", "_hvi_str": "%53", "_aciklama_str": "Sıcaklık: yüksek<br>Ağaç örtüsü: yüksek<br>Hastaneye uzaklık: orta<br>Yeşil alana uzaklık: uzak<br>Yapılaşma yoğunluğu: çok yoğun<br>Nüfus yoğunluğu: seyrek<br>Yaşlı nüfus oranı: orta<br>Çocuk nüfus oranı: orta<br>Sosyoekonomik gelişmişlik: düşük"}, "geometry": {"type": "LineString", "coordinates": [[30.5430187, 39.7921138], [30.5433675, 39.7917178], [30.5441994, 39.7907285], [30.5443523, 39.7905784], [30.5446465, 39.7901803], [30.5446781, 39.7901395], [30.5448464, 39.7899222], [30.5449822, 39.7897467], [30.5450216, 39.7896862], [30.54517, 39.7894582], [30.545366, 39.7891417]]}, "bbox": [30.5430187, 39.7891417, 30.545366, 39.7921138]}, {"id": "3364", "type": "Feature", "properties": {"name": "Sinaner Sokak", "_mahalle_str": "Fevziçakmak Mahallesi", "_hvi_str": "%52", "_aciklama_str": "Sıcaklık: yüksek<br>Ağaç örtüsü: düşük<br>Hastaneye uzaklık: yakın<br>Yeşil alana uzaklık: orta<br>Yapılaşma yoğunluğu: çok yoğun<br>Nüfus yoğunluğu: seyrek<br>Yaşlı nüfus oranı: orta<br>Çocuk nüfus oranı: orta<br>Sosyoekonomik gelişmişlik: düşük"}, "geometry": {"type": "LineString", "coordinates": [[30.5374718, 39.794271], [30.5382505, 39.7944164], [30.5385901, 39.7944802], [30.5389415, 39.7945443], [30.5392545, 39.7945999]]}, "bbox": [30.5374718, 39.794271, 30.5392545, 39.7945999]}, {"id": "3367", "type": "Feature", "properties": {"name": null, "_mahalle_str": "Fevziçakmak Mahallesi", "_hvi_str": "%52", "_aciklama_str": "Sıcaklık: orta<br>Ağaç örtüsü: orta<br>Hastaneye uzaklık: yakın<br>Yeşil alana uzaklık: orta<br>Yapılaşma yoğunluğu: çok yoğun<br>Nüfus yoğunluğu: seyrek<br>Yaşlı nüfus oranı: orta<br>Çocuk nüfus oranı: orta<br>Sosyoekonomik gelişmişlik: düşük"}, "geometry": {"type": "LineString", "coordinates": [[30.5426804, 39.7929325], [30.5430507, 39.7930536]]}, "bbox": [30.5426804, 39.7929325, 30.5430507, 39.7930536]}, {"id": "3369", "type": "Feature", "properties": {"name": null, "_mahalle_str": "Fevziçakmak Mahallesi", "_hvi_str": "%53", "_aciklama_str": "Sıcaklık: orta<br>Ağaç örtüsü: yüksek<br>Hastaneye uzaklık: yakın<br>Yeşil alana uzaklık: uzak<br>Yapılaşma yoğunluğu: çok yoğun<br>Nüfus yoğunluğu: seyrek<br>Yaşlı nüfus oranı: orta<br>Çocuk nüfus oranı: orta<br>Sosyoekonomik gelişmişlik: düşük"}, "geometry": {"type": "LineString", "coordinates": [[30.5442452, 39.7922229], [30.5449, 39.7913017]]}, "bbox": [30.5442452, 39.7913017, 30.5449, 39.7922229]}, {"id": "3370", "type": "Feature", "properties": {"name": null, "_mahalle_str": "Fevziçakmak Mahallesi", "_hvi_str": "%54", "_aciklama_str": "Sıcaklık: çok yüksek<br>Ağaç örtüsü: düşük<br>Hastaneye uzaklık: uzak<br>Yeşil alana uzaklık: orta<br>Yapılaşma yoğunluğu: çok yoğun<br>Nüfus yoğunluğu: seyrek<br>Yaşlı nüfus oranı: orta<br>Çocuk nüfus oranı: orta<br>Sosyoekonomik gelişmişlik: düşük"}, "geometry": {"type": "LineString", "coordinates": [[30.5446413, 39.7883364], [30.5459882, 39.7889127]]}, "bbox": [30.5446413, 39.7883364, 30.5459882, 39.7889127]}, {"id": "3375", "type": "Feature", "properties": {"name": null, "_mahalle_str": "Şarhöyük Mahallesi", "_hvi_str": "%52", "_aciklama_str": "Sıcaklık: orta<br>Ağaç örtüsü: çok düşük<br>Hastaneye uzaklık: yakın<br>Yeşil alana uzaklık: yakın<br>Yapılaşma yoğunluğu: çok yoğun<br>Nüfus yoğunluğu: seyrek<br>Yaşlı nüfus oranı: orta<br>Çocuk nüfus oranı: orta<br>Sosyoekonomik gelişmişlik: düşük"}, "geometry": {"type": "LineString", "coordinates": [[30.5350505, 39.7914644], [30.5353909, 39.791608]]}, "bbox": [30.5350505, 39.7914644, 30.5353909, 39.791608]}, {"id": "3378", "type": "Feature", "properties": {"name": null, "_mahalle_str": "Fevziçakmak Mahallesi", "_hvi_str": "%52", "_aciklama_str": "Sıcaklık: yüksek<br>Ağaç örtüsü: yüksek<br>Hastaneye uzaklık: orta<br>Yeşil alana uzaklık: orta<br>Yapılaşma yoğunluğu: çok yoğun<br>Nüfus yoğunluğu: seyrek<br>Yaşlı nüfus oranı: orta<br>Çocuk nüfus oranı: orta<br>Sosyoekonomik gelişmişlik: düşük"}, "geometry": {"type": "LineString", "coordinates": [[30.5392742, 39.7943758], [30.5407068, 39.7945728], [30.5421906, 39.7948296]]}, "bbox": [30.5392742, 39.7943758, 30.5421906, 39.7948296]}, {"id": "3379", "type": "Feature", "properties": {"name": null, "_mahalle_str": "Fevziçakmak Mahallesi", "_hvi_str": "%54", "_aciklama_str": "Sıcaklık: orta<br>Ağaç örtüsü: orta<br>Hastaneye uzaklık: yakın<br>Yeşil alana uzaklık: orta<br>Yapılaşma yoğunluğu: çok yoğun<br>Nüfus yoğunluğu: seyrek<br>Yaşlı nüfus oranı: orta<br>Çocuk nüfus oranı: orta<br>Sosyoekonomik gelişmişlik: düşük"}, "geometry": {"type": "LineString", "coordinates": [[30.5432592, 39.7928511], [30.5436127, 39.7930161]]}, "bbox": [30.5432592, 39.7928511, 30.5436127, 39.7930161]}, {"id": "3380", "type": "Feature", "properties": {"name": "Uzunpınar Sokak", "_mahalle_str": "Fevziçakmak Mahallesi", "_hvi_str": "%52", "_aciklama_str": "Sıcaklık: çok yüksek<br>Ağaç örtüsü: orta<br>Hastaneye uzaklık: orta<br>Yeşil alana uzaklık: orta<br>Yapılaşma yoğunluğu: çok yoğun<br>Nüfus yoğunluğu: seyrek<br>Yaşlı nüfus oranı: orta<br>Çocuk nüfus oranı: orta<br>Sosyoekonomik gelişmişlik: düşük"}, "geometry": {"type": "LineString", "coordinates": [[30.5421287, 39.7944512], [30.5408415, 39.7942174]]}, "bbox": [30.5408415, 39.7942174, 30.5421287, 39.7944512]}, {"id": "3381", "type": "Feature", "properties": {"name": null, "_mahalle_str": "Fevziçakmak Mahallesi", "_hvi_str": "%51", "_aciklama_str": "Sıcaklık: orta<br>Ağaç örtüsü: orta<br>Hastaneye uzaklık: orta<br>Yeşil alana uzaklık: orta<br>Yapılaşma yoğunluğu: çok yoğun<br>Nüfus yoğunluğu: seyrek<br>Yaşlı nüfus oranı: orta<br>Çocuk nüfus oranı: orta<br>Sosyoekonomik gelişmişlik: düşük"}, "geometry": {"type": "LineString", "coordinates": [[30.5409959, 39.7938692], [30.5421413, 39.7940832]]}, "bbox": [30.5409959, 39.7938692, 30.5421413, 39.7940832]}, {"id": "3383", "type": "Feature", "properties": {"name": null, "_mahalle_str": "Fevziçakmak Mahallesi", "_hvi_str": "%53", "_aciklama_str": "Sıcaklık: çok yüksek<br>Ağaç örtüsü: orta<br>Hastaneye uzaklık: yakın<br>Yeşil alana uzaklık: orta<br>Yapılaşma yoğunluğu: çok yoğun<br>Nüfus yoğunluğu: seyrek<br>Yaşlı nüfus oranı: orta<br>Çocuk nüfus oranı: orta<br>Sosyoekonomik gelişmişlik: düşük"}, "geometry": {"type": "LineString", "coordinates": [[30.5384361, 39.7952042], [30.5388144, 39.7952329], [30.5391425, 39.7952678]]}, "bbox": [30.5384361, 39.7952042, 30.5391425, 39.7952678]}, {"id": "3392", "type": "Feature", "properties": {"name": null, "_mahalle_str": "Fevziçakmak Mahallesi", "_hvi_str": "%51", "_aciklama_str": "Sıcaklık: orta<br>Ağaç örtüsü: orta<br>Hastaneye uzaklık: orta<br>Yeşil alana uzaklık: uzak<br>Yapılaşma yoğunluğu: çok yoğun<br>Nüfus yoğunluğu: seyrek<br>Yaşlı nüfus oranı: orta<br>Çocuk nüfus oranı: orta<br>Sosyoekonomik gelişmişlik: düşük"}, "geometry": {"type": "LineString", "coordinates": [[30.5418786, 39.7922482], [30.5428979, 39.7925768], [30.5431862, 39.7921841]]}, "bbox": [30.5418786, 39.7921841, 30.5431862, 39.7925768]}, {"id": "3398", "type": "Feature", "properties": {"name": null, "_mahalle_str": "Fevziçakmak Mahallesi", "_hvi_str": "%53", "_aciklama_str": "Sıcaklık: çok yüksek<br>Ağaç örtüsü: düşük<br>Hastaneye uzaklık: yakın<br>Yeşil alana uzaklık: orta<br>Yapılaşma yoğunluğu: çok yoğun<br>Nüfus yoğunluğu: seyrek<br>Yaşlı nüfus oranı: orta<br>Çocuk nüfus oranı: orta<br>Sosyoekonomik gelişmişlik: düşük"}, "geometry": {"type": "LineString", "coordinates": [[30.5383151, 39.7956422], [30.5384361, 39.7952042], [30.5385901, 39.7944802]]}, "bbox": [30.5383151, 39.7944802, 30.5385901, 39.7956422]}, {"id": "3399", "type": "Feature", "properties": {"name": null, "_mahalle_str": "Fevziçakmak Mahallesi", "_hvi_str": "%54", "_aciklama_str": "Sıcaklık: çok yüksek<br>Ağaç örtüsü: orta<br>Hastaneye uzaklık: orta<br>Yeşil alana uzaklık: orta<br>Yapılaşma yoğunluğu: çok yoğun<br>Nüfus yoğunluğu: seyrek<br>Yaşlı nüfus oranı: orta<br>Çocuk nüfus oranı: orta<br>Sosyoekonomik gelişmişlik: düşük"}, "geometry": {"type": "LineString", "coordinates": [[30.5392374, 39.7947025], [30.53958, 39.7947459], [30.540601, 39.7948831], [30.542067, 39.7951445]]}, "bbox": [30.5392374, 39.7947025, 30.542067, 39.7951445]}, {"id": "3401", "type": "Feature", "properties": {"name": "Biçerli Sokak", "_mahalle_str": "Fevziçakmak Mahallesi", "_hvi_str": "%51", "_aciklama_str": "Sıcaklık: yüksek<br>Ağaç örtüsü: orta<br>Hastaneye uzaklık: orta<br>Yeşil alana uzaklık: yakın<br>Yapılaşma yoğunluğu: çok yoğun<br>Nüfus yoğunluğu: seyrek<br>Yaşlı nüfus oranı: orta<br>Çocuk nüfus oranı: orta<br>Sosyoekonomik gelişmişlik: düşük"}, "geometry": {"type": "LineString", "coordinates": [[30.5387972, 39.7940679], [30.5388777, 39.7937447], [30.5389244, 39.7934919]]}, "bbox": [30.5387972, 39.7934919, 30.5389244, 39.7940679]}, {"id": "3402", "type": "Feature", "properties": {"name": null, "_mahalle_str": "Fevziçakmak Mahallesi", "_hvi_str": "%53", "_aciklama_str": "Sıcaklık: yüksek<br>Ağaç örtüsü: yüksek<br>Hastaneye uzaklık: orta<br>Yeşil alana uzaklık: uzak<br>Yapılaşma yoğunluğu: çok yoğun<br>Nüfus yoğunluğu: seyrek<br>Yaşlı nüfus oranı: orta<br>Çocuk nüfus oranı: orta<br>Sosyoekonomik gelişmişlik: düşük"}, "geometry": {"type": "LineString", "coordinates": [[30.5443775, 39.789998], [30.5447198, 39.7895446], [30.5449032, 39.7893242]]}, "bbox": [30.5443775, 39.7893242, 30.5449032, 39.789998]}, {"id": "3406", "type": "Feature", "properties": {"name": null, "_mahalle_str": "Fevziçakmak Mahallesi", "_hvi_str": "%51", "_aciklama_str": "Sıcaklık: orta<br>Ağaç örtüsü: orta<br>Hastaneye uzaklık: orta<br>Yeşil alana uzaklık: orta<br>Yapılaşma yoğunluğu: çok yoğun<br>Nüfus yoğunluğu: seyrek<br>Yaşlı nüfus oranı: orta<br>Çocuk nüfus oranı: orta<br>Sosyoekonomik gelişmişlik: düşük"}, "geometry": {"type": "LineString", "coordinates": [[30.5428979, 39.7925768], [30.5426804, 39.7929325], [30.5423487, 39.7928385], [30.5416479, 39.7926439]]}, "bbox": [30.5416479, 39.7925768, 30.5428979, 39.7929325]}, {"id": "3407", "type": "Feature", "properties": {"name": null, "_mahalle_str": "Fevziçakmak Mahallesi", "_hvi_str": "%51", "_aciklama_str": "Sıcaklık: orta<br>Ağaç örtüsü: yüksek<br>Hastaneye uzaklık: yakın<br>Yeşil alana uzaklık: uzak<br>Yapılaşma yoğunluğu: çok yoğun<br>Nüfus yoğunluğu: seyrek<br>Yaşlı nüfus oranı: orta<br>Çocuk nüfus oranı: orta<br>Sosyoekonomik gelişmişlik: düşük"}, "geometry": {"type": "LineString", "coordinates": [[30.5434247, 39.7939163], [30.5443749, 39.792663], [30.5449238, 39.7919781], [30.5453026, 39.7914995]]}, "bbox": [30.5434247, 39.7914995, 30.5453026, 39.7939163]}, {"id": "3424", "type": "Feature", "properties": {"name": null, "_mahalle_str": "Fevziçakmak Mahallesi", "_hvi_str": "%51", "_aciklama_str": "Sıcaklık: çok yüksek<br>Ağaç örtüsü: orta<br>Hastaneye uzaklık: orta<br>Yeşil alana uzaklık: orta<br>Yapılaşma yoğunluğu: çok yoğun<br>Nüfus yoğunluğu: seyrek<br>Yaşlı nüfus oranı: orta<br>Çocuk nüfus oranı: orta<br>Sosyoekonomik gelişmişlik: düşük"}, "geometry": {"type": "LineString", "coordinates": [[30.544137, 39.7889011], [30.5442882, 39.7890297], [30.5449032, 39.7893242], [30.54517, 39.7894582], [30.5458463, 39.7897778], [30.5461946, 39.7899532], [30.5465574, 39.7901351], [30.5468513, 39.7902727]]}, "bbox": [30.544137, 39.7889011, 30.5468513, 39.7902727]}, {"id": "3427", "type": "Feature", "properties": {"name": "Uzunpınar Sokak", "_mahalle_str": "Fevziçakmak Mahallesi", "_hvi_str": "%51", "_aciklama_str": "Sıcaklık: yüksek<br>Ağaç örtüsü: düşük<br>Hastaneye uzaklık: orta<br>Yeşil alana uzaklık: yakın<br>Yapılaşma yoğunluğu: çok yoğun<br>Nüfus yoğunluğu: seyrek<br>Yaşlı nüfus oranı: orta<br>Çocuk nüfus oranı: orta<br>Sosyoekonomik gelişmişlik: düşük"}, "geometry": {"type": "LineString", "coordinates": [[30.537577, 39.7940001], [30.5386465, 39.794058], [30.5387972, 39.7940679], [30.5392983, 39.794101], [30.539955, 39.794129], [30.5403466, 39.7941458], [30.5408415, 39.7942174]]}, "bbox": [30.537577, 39.7940001, 30.5408415, 39.7942174]}, {"id": "3534", "type": "Feature", "properties": {"name": null, "_mahalle_str": "Fevziçakmak Mahallesi", "_hvi_str": "%51", "_aciklama_str": "Sıcaklık: çok yüksek<br>Ağaç örtüsü: orta<br>Hastaneye uzaklık: çok uzak<br>Yeşil alana uzaklık: uzak<br>Yapılaşma yoğunluğu: orta<br>Nüfus yoğunluğu: seyrek<br>Yaşlı nüfus oranı: orta<br>Çocuk nüfus oranı: orta<br>Sosyoekonomik gelişmişlik: düşük"}, "geometry": {"type": "LineString", "coordinates": [[30.5604853, 39.7910635], [30.5605938, 39.7910285], [30.5606765, 39.7908509], [30.5607324, 39.7906795], [30.5608428, 39.7903411], [30.5608572, 39.7902968], [30.5609222, 39.7900978], [30.5610196, 39.7897875], [30.5611809, 39.7891757], [30.5613354, 39.7885604], [30.5614298, 39.7879201]]}, "bbox": [30.5604853, 39.7879201, 30.5614298, 39.7910635]}, {"id": "3538", "type": "Feature", "properties": {"name": null, "_mahalle_str": "Fevziçakmak Mahallesi", "_hvi_str": "%51", "_aciklama_str": "Sıcaklık: çok yüksek<br>Ağaç örtüsü: çok yüksek<br>Hastaneye uzaklık: çok uzak<br>Yeşil alana uzaklık: çok uzak<br>Yapılaşma yoğunluğu: orta<br>Nüfus yoğunluğu: seyrek<br>Yaşlı nüfus oranı: orta<br>Çocuk nüfus oranı: orta<br>Sosyoekonomik gelişmişlik: düşük"}, "geometry": {"type": "LineString", "coordinates": [[30.5580138, 39.7900823], [30.5582661, 39.7896231], [30.5583211, 39.789557], [30.558371, 39.7895346], [30.5584415, 39.7895491], [30.5585585, 39.7896403], [30.5590486, 39.7900975], [30.5591058, 39.7901548], [30.5592189, 39.790268], [30.5592877, 39.7903605], [30.5593014, 39.7904609], [30.5592739, 39.7905349], [30.5592479, 39.7905693]]}, "bbox": [30.5580138, 39.7895346, 30.5593014, 39.7905693]}, {"id": "3539", "type": "Feature", "properties": {"name": null, "_mahalle_str": "Fevziçakmak Mahallesi", "_hvi_str": "%53", "_aciklama_str": "Sıcaklık: çok yüksek<br>Ağaç örtüsü: yüksek<br>Hastaneye uzaklık: çok uzak<br>Yeşil alana uzaklık: çok uzak<br>Yapılaşma yoğunluğu: orta<br>Nüfus yoğunluğu: seyrek<br>Yaşlı nüfus oranı: orta<br>Çocuk nüfus oranı: orta<br>Sosyoekonomik gelişmişlik: düşük"}, "geometry": {"type": "LineString", "coordinates": [[30.5593903, 39.7906255], [30.559595, 39.7903261], [30.5596763, 39.7902251], [30.5597417, 39.7901927], [30.5598036, 39.7901966], [30.5599257, 39.7902336], [30.5599765, 39.7902657], [30.560206, 39.7899759], [30.5602679, 39.7899403], [30.560378, 39.7899059], [30.5604691, 39.789894], [30.5605362, 39.7899033], [30.5605595, 39.7899067]]}, "bbox": [30.5593903, 39.789894, 30.5605595, 39.7906255]}, {"id": "3545", "type": "Feature", "properties": {"name": "Atilla Bey Sokak", "_mahalle_str": "Fevziçakmak Mahallesi", "_hvi_str": "%50", "_aciklama_str": "Sıcaklık: orta<br>Ağaç örtüsü: çok düşük<br>Hastaneye uzaklık: uzak<br>Yeşil alana uzaklık: çok yakın<br>Yapılaşma yoğunluğu: çok yoğun<br>Nüfus yoğunluğu: seyrek<br>Yaşlı nüfus oranı: orta<br>Çocuk nüfus oranı: orta<br>Sosyoekonomik gelişmişlik: düşük"}, "geometry": {"type": "LineString", "coordinates": [[30.5440522, 39.7876072], [30.5449256, 39.7879489]]}, "bbox": [30.5440522, 39.7876072, 30.5449256, 39.7879489]}, {"id": "3547", "type": "Feature", "properties": {"name": "Beyoğlu Sokak", "_mahalle_str": "Fevziçakmak Mahallesi", "_hvi_str": "%51", "_aciklama_str": "Sıcaklık: orta<br>Ağaç örtüsü: çok düşük<br>Hastaneye uzaklık: uzak<br>Yeşil alana uzaklık: çok yakın<br>Yapılaşma yoğunluğu: çok yoğun<br>Nüfus yoğunluğu: seyrek<br>Yaşlı nüfus oranı: orta<br>Çocuk nüfus oranı: orta<br>Sosyoekonomik gelişmişlik: düşük"}, "geometry": {"type": "LineString", "coordinates": [[30.5443433, 39.7873325], [30.5451348, 39.7876315]]}, "bbox": [30.5443433, 39.7873325, 30.5451348, 39.7876315]}, {"id": "3550", "type": "Feature", "properties": {"name": null, "_mahalle_str": "Fevziçakmak Mahallesi", "_hvi_str": "%51", "_aciklama_str": "Sıcaklık: yüksek<br>Ağaç örtüsü: düşük<br>Hastaneye uzaklık: orta<br>Yeşil alana uzaklık: uzak<br>Yapılaşma yoğunluğu: yoğun<br>Nüfus yoğunluğu: seyrek<br>Yaşlı nüfus oranı: orta<br>Çocuk nüfus oranı: orta<br>Sosyoekonomik gelişmişlik: düşük"}, "geometry": {"type": "LineString", "coordinates": [[30.5515298, 39.7935386], [30.5519982, 39.7923818]]}, "bbox": [30.5515298, 39.7923818, 30.5519982, 39.7935386]}, {"id": "3554", "type": "Feature", "properties": {"name": null, "_mahalle_str": "Fevziçakmak Mahallesi", "_hvi_str": "%54", "_aciklama_str": "Sıcaklık: orta<br>Ağaç örtüsü: orta<br>Hastaneye uzaklık: yakın<br>Yeşil alana uzaklık: uzak<br>Yapılaşma yoğunluğu: çok yoğun<br>Nüfus yoğunluğu: seyrek<br>Yaşlı nüfus oranı: orta<br>Çocuk nüfus oranı: orta<br>Sosyoekonomik gelişmişlik: düşük"}, "geometry": {"type": "LineString", "coordinates": [[30.5436761, 39.7919968], [30.5434687, 39.7922949]]}, "bbox": [30.5434687, 39.7919968, 30.5436761, 39.7922949]}, {"id": "3559", "type": "Feature", "properties": {"name": null, "_mahalle_str": "Fevziçakmak Mahallesi", "_hvi_str": "%51", "_aciklama_str": "Sıcaklık: çok yüksek<br>Ağaç örtüsü: yüksek<br>Hastaneye uzaklık: uzak<br>Yeşil alana uzaklık: çok uzak<br>Yapılaşma yoğunluğu: yoğun<br>Nüfus yoğunluğu: seyrek<br>Yaşlı nüfus oranı: orta<br>Çocuk nüfus oranı: orta<br>Sosyoekonomik gelişmişlik: düşük"}, "geometry": {"type": "LineString", "coordinates": [[30.5530776, 39.7898717], [30.5533579, 39.7895585]]}, "bbox": [30.5530776, 39.7895585, 30.5533579, 39.7898717]}, {"id": "3563", "type": "Feature", "properties": {"name": null, "_mahalle_str": "Fevziçakmak Mahallesi", "_hvi_str": "%51", "_aciklama_str": "Sıcaklık: yüksek<br>Ağaç örtüsü: yüksek<br>Hastaneye uzaklık: orta<br>Yeşil alana uzaklık: orta<br>Yapılaşma yoğunluğu: çok yoğun<br>Nüfus yoğunluğu: seyrek<br>Yaşlı nüfus oranı: orta<br>Çocuk nüfus oranı: orta<br>Sosyoekonomik gelişmişlik: düşük"}, "geometry": {"type": "LineString", "coordinates": [[30.5448464, 39.7899222], [30.5455005, 39.7902592]]}, "bbox": [30.5448464, 39.7899222, 30.5455005, 39.7902592]}, {"id": "3568", "type": "Feature", "properties": {"name": "Pirenli Sokak", "_mahalle_str": "Fevziçakmak Mahallesi", "_hvi_str": "%52", "_aciklama_str": "Sıcaklık: çok yüksek<br>Ağaç örtüsü: orta<br>Hastaneye uzaklık: uzak<br>Yeşil alana uzaklık: orta<br>Yapılaşma yoğunluğu: yoğun<br>Nüfus yoğunluğu: seyrek<br>Yaşlı nüfus oranı: orta<br>Çocuk nüfus oranı: orta<br>Sosyoekonomik gelişmişlik: düşük"}, "geometry": {"type": "LineString", "coordinates": [[30.5450597, 39.787747], [30.5465511, 39.7883149]]}, "bbox": [30.5450597, 39.787747, 30.5465511, 39.7883149]}, {"id": "3574", "type": "Feature", "properties": {"name": null, "_mahalle_str": "Fevziçakmak Mahallesi", "_hvi_str": "%54", "_aciklama_str": "Sıcaklık: çok yüksek<br>Ağaç örtüsü: düşük<br>Hastaneye uzaklık: uzak<br>Yeşil alana uzaklık: orta<br>Yapılaşma yoğunluğu: çok yoğun<br>Nüfus yoğunluğu: seyrek<br>Yaşlı nüfus oranı: orta<br>Çocuk nüfus oranı: orta<br>Sosyoekonomik gelişmişlik: düşük"}, "geometry": {"type": "LineString", "coordinates": [[30.5448451, 39.788052], [30.5462447, 39.7886363]]}, "bbox": [30.5448451, 39.788052, 30.5462447, 39.7886363]}, {"id": "3577", "type": "Feature", "properties": {"name": null, "_mahalle_str": "Fevziçakmak Mahallesi", "_hvi_str": "%51", "_aciklama_str": "Sıcaklık: çok yüksek<br>Ağaç örtüsü: yüksek<br>Hastaneye uzaklık: uzak<br>Yeşil alana uzaklık: çok uzak<br>Yapılaşma yoğunluğu: yoğun<br>Nüfus yoğunluğu: seyrek<br>Yaşlı nüfus oranı: orta<br>Çocuk nüfus oranı: orta<br>Sosyoekonomik gelişmişlik: düşük"}, "geometry": {"type": "LineString", "coordinates": [[30.5520793, 39.7882202], [30.5529095, 39.7875899]]}, "bbox": [30.5520793, 39.7875899, 30.5529095, 39.7882202]}, {"id": "3599", "type": "Feature", "properties": {"name": null, "_mahalle_str": "Fevziçakmak Mahallesi", "_hvi_str": "%53", "_aciklama_str": "Sıcaklık: çok yüksek<br>Ağaç örtüsü: orta<br>Hastaneye uzaklık: uzak<br>Yeşil alana uzaklık: uzak<br>Yapılaşma yoğunluğu: çok yoğun<br>Nüfus yoğunluğu: seyrek<br>Yaşlı nüfus oranı: orta<br>Çocuk nüfus oranı: orta<br>Sosyoekonomik gelişmişlik: düşük"}, "geometry": {"type": "LineString", "coordinates": [[30.5518242, 39.7916876], [30.5521685, 39.7917254], [30.5525333, 39.7917744], [30.5527639, 39.7917981], [30.5530731, 39.7918414], [30.5532943, 39.7918666]]}, "bbox": [30.5518242, 39.7916876, 30.5532943, 39.7918666]}, {"id": "3607", "type": "Feature", "properties": {"name": null, "_mahalle_str": "Fevziçakmak Mahallesi", "_hvi_str": "%52", "_aciklama_str": "Sıcaklık: çok yüksek<br>Ağaç örtüsü: yüksek<br>Hastaneye uzaklık: uzak<br>Yeşil alana uzaklık: uzak<br>Yapılaşma yoğunluğu: yoğun<br>Nüfus yoğunluğu: seyrek<br>Yaşlı nüfus oranı: orta<br>Çocuk nüfus oranı: orta<br>Sosyoekonomik gelişmişlik: düşük"}, "geometry": {"type": "LineString", "coordinates": [[30.5525713, 39.7911021], [30.5529819, 39.7911615], [30.5530694, 39.791174], [30.5534875, 39.7912339]]}, "bbox": [30.5525713, 39.7911021, 30.5534875, 39.7912339]}, {"id": "3611", "type": "Feature", "properties": {"name": null, "_mahalle_str": "Fevziçakmak Mahallesi", "_hvi_str": "%56", "_aciklama_str": "Sıcaklık: çok yüksek<br>Ağaç örtüsü: orta<br>Hastaneye uzaklık: çok uzak<br>Yeşil alana uzaklık: uzak<br>Yapılaşma yoğunluğu: yoğun<br>Nüfus yoğunluğu: seyrek<br>Yaşlı nüfus oranı: orta<br>Çocuk nüfus oranı: orta<br>Sosyoekonomik gelişmişlik: düşük"}, "geometry": {"type": "LineString", "coordinates": [[30.5606254, 39.7897535], [30.5607419, 39.7897395], [30.5608674, 39.7897408], [30.5609603, 39.7897606], [30.5610196, 39.7897875]]}, "bbox": [30.5606254, 39.7897395, 30.5610196, 39.7897875]}, {"id": "3616", "type": "Feature", "properties": {"name": null, "_mahalle_str": "Fevziçakmak Mahallesi", "_hvi_str": "%55", "_aciklama_str": "Sıcaklık: çok yüksek<br>Ağaç örtüsü: orta<br>Hastaneye uzaklık: çok uzak<br>Yeşil alana uzaklık: çok uzak<br>Yapılaşma yoğunluğu: orta<br>Nüfus yoğunluğu: seyrek<br>Yaşlı nüfus oranı: orta<br>Çocuk nüfus oranı: orta<br>Sosyoekonomik gelişmişlik: düşük"}, "geometry": {"type": "LineString", "coordinates": [[30.5604466, 39.7901963], [30.5605768, 39.7902179], [30.560723, 39.7902522], [30.5608227, 39.7902813], [30.5608572, 39.7902968]]}, "bbox": [30.5604466, 39.7901963, 30.5608572, 39.7902968]}, {"id": "3618", "type": "Feature", "properties": {"name": null, "_mahalle_str": "Fevziçakmak Mahallesi", "_hvi_str": "%52", "_aciklama_str": "Sıcaklık: çok yüksek<br>Ağaç örtüsü: yüksek<br>Hastaneye uzaklık: uzak<br>Yeşil alana uzaklık: çok uzak<br>Yapılaşma yoğunluğu: orta<br>Nüfus yoğunluğu: seyrek<br>Yaşlı nüfus oranı: orta<br>Çocuk nüfus oranı: orta<br>Sosyoekonomik gelişmişlik: düşük"}, "geometry": {"type": "LineString", "coordinates": [[30.5526782, 39.7884457], [30.5528511, 39.7885221], [30.5537826, 39.7889164], [30.5539688, 39.7889954], [30.5542871, 39.7891287], [30.5546266, 39.7892715]]}, "bbox": [30.5526782, 39.7884457, 30.5546266, 39.7892715]}, {"id": "3620", "type": "Feature", "properties": {"name": null, "_mahalle_str": "Fevziçakmak Mahallesi", "_hvi_str": "%53", "_aciklama_str": "Sıcaklık: çok yüksek<br>Ağaç örtüsü: yüksek<br>Hastaneye uzaklık: uzak<br>Yeşil alana uzaklık: uzak<br>Yapılaşma yoğunluğu: yoğun<br>Nüfus yoğunluğu: seyrek<br>Yaşlı nüfus oranı: orta<br>Çocuk nüfus oranı: orta<br>Sosyoekonomik gelişmişlik: düşük"}, "geometry": {"type": "LineString", "coordinates": [[30.5523928, 39.7906241], [30.5525193, 39.7906474], [30.5527171, 39.7907056], [30.5527358, 39.7907305], [30.5527428, 39.7907583], [30.5525713, 39.7911021], [30.5523336, 39.7915227]]}, "bbox": [30.5523336, 39.7906241, 30.5527428, 39.7915227]}, {"id": "3622", "type": "Feature", "properties": {"name": null, "_mahalle_str": "Fevziçakmak Mahallesi", "_hvi_str": "%51", "_aciklama_str": "Sıcaklık: çok yüksek<br>Ağaç örtüsü: orta<br>Hastaneye uzaklık: uzak<br>Yeşil alana uzaklık: çok uzak<br>Yapılaşma yoğunluğu: yoğun<br>Nüfus yoğunluğu: seyrek<br>Yaşlı nüfus oranı: orta<br>Çocuk nüfus oranı: orta<br>Sosyoekonomik gelişmişlik: düşük"}, "geometry": {"type": "LineString", "coordinates": [[30.5507204, 39.7876046], [30.5511745, 39.7877789], [30.551529, 39.7879534], [30.5518284, 39.7880926], [30.5520793, 39.7882202], [30.5523319, 39.7883487], [30.5525631, 39.7884916]]}, "bbox": [30.5507204, 39.7876046, 30.5525631, 39.7884916]}, {"id": "3626", "type": "Feature", "properties": {"name": null, "_mahalle_str": "Fevziçakmak Mahallesi", "_hvi_str": "%50", "_aciklama_str": "Sıcaklık: çok yüksek<br>Ağaç örtüsü: yüksek<br>Hastaneye uzaklık: uzak<br>Yeşil alana uzaklık: uzak<br>Yapılaşma yoğunluğu: yoğun<br>Nüfus yoğunluğu: seyrek<br>Yaşlı nüfus oranı: orta<br>Çocuk nüfus oranı: orta<br>Sosyoekonomik gelişmişlik: düşük"}, "geometry": {"type": "LineString", "coordinates": [[30.5530694, 39.791174], [30.5530986, 39.7910023], [30.5531244, 39.7908398], [30.5531519, 39.7907301], [30.5531949, 39.7906931], [30.5532775, 39.7906918], [30.5533617, 39.7906944]]}, "bbox": [30.5530694, 39.7906918, 30.5533617, 39.791174]}, {"id": "3631", "type": "Feature", "properties": {"name": null, "_mahalle_str": "Fevziçakmak Mahallesi", "_hvi_str": "%54", "_aciklama_str": "Sıcaklık: çok yüksek<br>Ağaç örtüsü: orta<br>Hastaneye uzaklık: çok uzak<br>Yeşil alana uzaklık: çok uzak<br>Yapılaşma yoğunluğu: orta<br>Nüfus yoğunluğu: seyrek<br>Yaşlı nüfus oranı: orta<br>Çocuk nüfus oranı: orta<br>Sosyoekonomik gelişmişlik: düşük"}, "geometry": {"type": "LineString", "coordinates": [[30.5591058, 39.7901548], [30.559212, 39.7900301], [30.5592894, 39.7899588], [30.5593917, 39.7897383], [30.5595078, 39.7897685], [30.5600254, 39.7899323], [30.560206, 39.7899759]]}, "bbox": [30.5591058, 39.7897383, 30.560206, 39.7901548]}, {"id": "3695", "type": "Feature", "properties": {"name": "Bozkurt Sokak", "_mahalle_str": "Yeşiltepe Mahallesi", "_hvi_str": "%51", "_aciklama_str": "Sıcaklık: orta<br>Ağaç örtüsü: orta<br>Hastaneye uzaklık: çok yakın<br>Yeşil alana uzaklık: uzak<br>Yapılaşma yoğunluğu: çok yoğun<br>Nüfus yoğunluğu: seyrek<br>Yaşlı nüfus oranı: orta<br>Çocuk nüfus oranı: orta<br>Sosyoekonomik gelişmişlik: düşük"}, "geometry": {"type": "LineString", "coordinates": [[30.4972099, 39.7992212], [30.4976405, 39.7995015], [30.4981072, 39.7997588], [30.4988173, 39.8001855], [30.4994263, 39.8005225], [30.4999094, 39.8008004], [30.5002156, 39.800973], [30.5007848, 39.8012893], [30.5014401, 39.8016323], [30.5018391, 39.8018664]]}, "bbox": [30.4972099, 39.7992212, 30.5018391, 39.8018664]}, {"id": "3697", "type": "Feature", "properties": {"name": "Uluç Sokak", "_mahalle_str": "Yeşiltepe Mahallesi", "_hvi_str": "%50", "_aciklama_str": "Sıcaklık: düşük<br>Ağaç örtüsü: yüksek<br>Hastaneye uzaklık: çok yakın<br>Yeşil alana uzaklık: orta<br>Yapılaşma yoğunluğu: çok yoğun<br>Nüfus yoğunluğu: seyrek<br>Yaşlı nüfus oranı: orta<br>Çocuk nüfus oranı: orta<br>Sosyoekonomik gelişmişlik: düşük"}, "geometry": {"type": "LineString", "coordinates": [[30.4967213, 39.7998142], [30.4970866, 39.8000335]]}, "bbox": [30.4967213, 39.7998142, 30.4970866, 39.8000335]}, {"id": "3699", "type": "Feature", "properties": {"name": "Kanarya Sokak", "_mahalle_str": "Yeşiltepe Mahallesi", "_hvi_str": "%54", "_aciklama_str": "Sıcaklık: orta<br>Ağaç örtüsü: orta<br>Hastaneye uzaklık: orta<br>Yeşil alana uzaklık: orta<br>Yapılaşma yoğunluğu: çok yoğun<br>Nüfus yoğunluğu: seyrek<br>Yaşlı nüfus oranı: orta<br>Çocuk nüfus oranı: orta<br>Sosyoekonomik gelişmişlik: düşük"}, "geometry": {"type": "LineString", "coordinates": [[30.4943065, 39.7979821], [30.4945622, 39.7981044], [30.4949275, 39.7982901], [30.4950627, 39.7983581], [30.4953189, 39.7984939], [30.4956574, 39.7986708], [30.4959885, 39.798843], [30.4962654, 39.7989984], [30.4966653, 39.7992155], [30.4970472, 39.799416]]}, "bbox": [30.4943065, 39.7979821, 30.4970472, 39.799416]}, {"id": "3700", "type": "Feature", "properties": {"name": "Evliya Sokak", "_mahalle_str": "Yeşiltepe Mahallesi", "_hvi_str": "%53", "_aciklama_str": "Sıcaklık: düşük<br>Ağaç örtüsü: yüksek<br>Hastaneye uzaklık: yakın<br>Yeşil alana uzaklık: uzak<br>Yapılaşma yoğunluğu: çok yoğun<br>Nüfus yoğunluğu: seyrek<br>Yaşlı nüfus oranı: orta<br>Çocuk nüfus oranı: orta<br>Sosyoekonomik gelişmişlik: düşük"}, "geometry": {"type": "LineString", "coordinates": [[30.4987347, 39.7984299], [30.4991498, 39.7986743], [30.4992246, 39.7987192], [30.4995367, 39.7988949], [30.4998394, 39.7990694], [30.5000871, 39.7992173], [30.5004843, 39.799438], [30.5009473, 39.7996959], [30.5014491, 39.7999731], [30.5018003, 39.8001671], [30.5028582, 39.8007331]]}, "bbox": [30.4987347, 39.7984299, 30.5028582, 39.8007331]}, {"id": "3701", "type": "Feature", "properties": {"name": "Gelincikler Sokak", "_mahalle_str": "Yeşiltepe Mahallesi", "_hvi_str": "%54", "_aciklama_str": "Sıcaklık: orta<br>Ağaç örtüsü: orta<br>Hastaneye uzaklık: orta<br>Yeşil alana uzaklık: yakın<br>Yapılaşma yoğunluğu: çok yoğun<br>Nüfus yoğunluğu: seyrek<br>Yaşlı nüfus oranı: orta<br>Çocuk nüfus oranı: orta<br>Sosyoekonomik gelişmişlik: düşük"}, "geometry": {"type": "LineString", "coordinates": [[30.4992246, 39.7987192], [30.4994628, 39.7984561], [30.4997167, 39.7981535]]}, "bbox": [30.4992246, 39.7981535, 30.4997167, 39.7987192]}, {"id": "3703", "type": "Feature", "properties": {"name": "Fatihler Sokak", "_mahalle_str": "Yeşiltepe Mahallesi", "_hvi_str": "%54", "_aciklama_str": "Sıcaklık: orta<br>Ağaç örtüsü: orta<br>Hastaneye uzaklık: yakın<br>Yeşil alana uzaklık: uzak<br>Yapılaşma yoğunluğu: çok yoğun<br>Nüfus yoğunluğu: seyrek<br>Yaşlı nüfus oranı: orta<br>Çocuk nüfus oranı: orta<br>Sosyoekonomik gelişmişlik: düşük"}, "geometry": {"type": "LineString", "coordinates": [[30.4984764, 39.7987004], [30.4990417, 39.7990178], [30.4995851, 39.7993454], [30.5000996, 39.7996382], [30.5006882, 39.799982], [30.5009144, 39.8001147], [30.5014179, 39.8003763], [30.5015401, 39.8004445], [30.5018824, 39.8006304], [30.5022788, 39.8008359], [30.5026072, 39.8010215]]}, "bbox": [30.4984764, 39.7987004, 30.5026072, 39.8010215]}, {"id": "3704", "type": "Feature", "properties": {"name": "Çam Sokak", "_mahalle_str": "Yeşiltepe Mahallesi", "_hvi_str": "%54", "_aciklama_str": "Sıcaklık: yüksek<br>Ağaç örtüsü: orta<br>Hastaneye uzaklık: orta<br>Yeşil alana uzaklık: uzak<br>Yapılaşma yoğunluğu: çok yoğun<br>Nüfus yoğunluğu: seyrek<br>Yaşlı nüfus oranı: orta<br>Çocuk nüfus oranı: orta<br>Sosyoekonomik gelişmişlik: düşük"}, "geometry": {"type": "LineString", "coordinates": [[30.4979835, 39.7961316], [30.4977566, 39.796333], [30.4975432, 39.7965259], [30.4973982, 39.7966927], [30.4971067, 39.7970369], [30.4967594, 39.7974495], [30.4963713, 39.7978586], [30.4956574, 39.7986708], [30.4947602, 39.7997136]]}, "bbox": [30.4947602, 39.7961316, 30.4979835, 39.7997136]}, {"id": "3705", "type": "Feature", "properties": {"name": "Görgülü Sokak", "_mahalle_str": "Sütlüce Mahallesi", "_hvi_str": "%54", "_aciklama_str": "Sıcaklık: orta<br>Ağaç örtüsü: çok düşük<br>Hastaneye uzaklık: orta<br>Yeşil alana uzaklık: uzak<br>Yapılaşma yoğunluğu: çok yoğun<br>Nüfus yoğunluğu: seyrek<br>Yaşlı nüfus oranı: orta<br>Çocuk nüfus oranı: orta<br>Sosyoekonomik gelişmişlik: düşük"}, "geometry": {"type": "LineString", "coordinates": [[30.5073113, 39.798702], [30.5073901, 39.7984817]]}, "bbox": [30.5073113, 39.7984817, 30.5073901, 39.798702]}, {"id": "3710", "type": "Feature", "properties": {"name": "Gürbüzler Sokak", "_mahalle_str": "Yeşiltepe Mahallesi", "_hvi_str": "%54", "_aciklama_str": "Sıcaklık: düşük<br>Ağaç örtüsü: yüksek<br>Hastaneye uzaklık: orta<br>Yeşil alana uzaklık: uzak<br>Yapılaşma yoğunluğu: çok yoğun<br>Nüfus yoğunluğu: seyrek<br>Yaşlı nüfus oranı: orta<br>Çocuk nüfus oranı: orta<br>Sosyoekonomik gelişmişlik: düşük"}, "geometry": {"type": "LineString", "coordinates": [[30.4989705, 39.798183], [30.499355, 39.7983952], [30.4994628, 39.7984561], [30.4995703, 39.7985071], [30.4997901, 39.7986085], [30.5000907, 39.7987754], [30.5004884, 39.7989792], [30.5009955, 39.7992557], [30.5012149, 39.7993815], [30.5012485, 39.7994008], [30.5013457, 39.7994566], [30.5017422, 39.7996687], [30.5020859, 39.7998653], [30.5025983, 39.8001293], [30.5031076, 39.8004229]]}, "bbox": [30.4989705, 39.798183, 30.5031076, 39.8004229]}, {"id": "3711", "type": "Feature", "properties": {"name": null, "_mahalle_str": "Yeşiltepe Mahallesi", "_hvi_str": "%55", "_aciklama_str": "Sıcaklık: yüksek<br>Ağaç örtüsü: orta<br>Hastaneye uzaklık: orta<br>Yeşil alana uzaklık: yakın<br>Yapılaşma yoğunluğu: çok yoğun<br>Nüfus yoğunluğu: seyrek<br>Yaşlı nüfus oranı: orta<br>Çocuk nüfus oranı: orta<br>Sosyoekonomik gelişmişlik: düşük"}, "geometry": {"type": "LineString", "coordinates": [[30.4976714, 39.7974512], [30.4975244, 39.797349], [30.4973838, 39.7972555]]}, "bbox": [30.4973838, 39.7972555, 30.4976714, 39.7974512]}, {"id": "3712", "type": "Feature", "properties": {"name": "Kutluhan Sokak", "_mahalle_str": "Yeşiltepe Mahallesi", "_hvi_str": "%53", "_aciklama_str": "Sıcaklık: orta<br>Ağaç örtüsü: düşük<br>Hastaneye uzaklık: orta<br>Yeşil alana uzaklık: yakın<br>Yapılaşma yoğunluğu: çok yoğun<br>Nüfus yoğunluğu: seyrek<br>Yaşlı nüfus oranı: orta<br>Çocuk nüfus oranı: orta<br>Sosyoekonomik gelişmişlik: düşük"}, "geometry": {"type": "LineString", "coordinates": [[30.4917835, 39.7992332], [30.4918571, 39.7992628], [30.4920115, 39.7993282], [30.4921574, 39.7993871], [30.4930293, 39.7996561], [30.4932811, 39.7997289], [30.4935218, 39.7998019], [30.493855, 39.7999], [30.4944862, 39.8000713]]}, "bbox": [30.4917835, 39.7992332, 30.4944862, 39.8000713]}, {"id": "3713", "type": "Feature", "properties": {"name": "Şehit İlhan Kocatepe Sokak", "_mahalle_str": "Yeşiltepe Mahallesi", "_hvi_str": "%54", "_aciklama_str": "Sıcaklık: orta<br>Ağaç örtüsü: orta<br>Hastaneye uzaklık: yakın<br>Yeşil alana uzaklık: orta<br>Yapılaşma yoğunluğu: çok yoğun<br>Nüfus yoğunluğu: seyrek<br>Yaşlı nüfus oranı: orta<br>Çocuk nüfus oranı: orta<br>Sosyoekonomik gelişmişlik: düşük"}, "geometry": {"type": "LineString", "coordinates": [[30.4957239, 39.8004084], [30.4959161, 39.8000917], [30.4960998, 39.7998924], [30.4965206, 39.7993823], [30.4966653, 39.7992155], [30.4970799, 39.7987376], [30.4973822, 39.7983993], [30.4976661, 39.7980817], [30.4980893, 39.7976725], [30.4981736, 39.7977192]]}, "bbox": [30.4957239, 39.7976725, 30.4981736, 39.8004084]}, {"id": "3715", "type": "Feature", "properties": {"name": "Taşdemir Sokak", "_mahalle_str": "Yeşiltepe Mahallesi", "_hvi_str": "%53", "_aciklama_str": "Sıcaklık: orta<br>Ağaç örtüsü: orta<br>Hastaneye uzaklık: orta<br>Yeşil alana uzaklık: orta<br>Yapılaşma yoğunluğu: çok yoğun<br>Nüfus yoğunluğu: seyrek<br>Yaşlı nüfus oranı: orta<br>Çocuk nüfus oranı: orta<br>Sosyoekonomik gelişmişlik: düşük"}, "geometry": {"type": "LineString", "coordinates": [[30.4944192, 39.7993422], [30.4945196, 39.7993303], [30.4946297, 39.7992656], [30.4948137, 39.7990594], [30.4950345, 39.798811], [30.4951989, 39.7986261], [30.4953189, 39.7984939], [30.4955408, 39.7982493], [30.4957768, 39.7979892], [30.4960475, 39.7976905], [30.4962517, 39.7973949], [30.4964853, 39.7971289], [30.4967284, 39.7968515], [30.4969823, 39.796588], [30.4970983, 39.79645], [30.4974322, 39.7961146]]}, "bbox": [30.4944192, 39.7961146, 30.4974322, 39.7993422]}, {"id": "3716", "type": "Feature", "properties": {"name": "Ayazlar Sokak", "_mahalle_str": "Yeşiltepe Mahallesi", "_hvi_str": "%53", "_aciklama_str": "Sıcaklık: yüksek<br>Ağaç örtüsü: düşük<br>Hastaneye uzaklık: orta<br>Yeşil alana uzaklık: yakın<br>Yapılaşma yoğunluğu: çok yoğun<br>Nüfus yoğunluğu: seyrek<br>Yaşlı nüfus oranı: orta<br>Çocuk nüfus oranı: orta<br>Sosyoekonomik gelişmişlik: düşük"}, "geometry": {"type": "LineString", "coordinates": [[30.4975244, 39.797349], [30.498399, 39.7963167]]}, "bbox": [30.4975244, 39.7963167, 30.498399, 39.797349]}, {"id": "3719", "type": "Feature", "properties": {"name": "Konaklar Sokak", "_mahalle_str": "Yeşiltepe Mahallesi", "_hvi_str": "%56", "_aciklama_str": "Sıcaklık: yüksek<br>Ağaç örtüsü: orta<br>Hastaneye uzaklık: orta<br>Yeşil alana uzaklık: yakın<br>Yapılaşma yoğunluğu: çok yoğun<br>Nüfus yoğunluğu: seyrek<br>Yaşlı nüfus oranı: orta<br>Çocuk nüfus oranı: orta<br>Sosyoekonomik gelişmişlik: düşük"}, "geometry": {"type": "LineString", "coordinates": [[30.4997167, 39.7981535], [30.4997816, 39.7981578], [30.5003964, 39.7984584]]}, "bbox": [30.4997167, 39.7981535, 30.5003964, 39.7984584]}, {"id": "3720", "type": "Feature", "properties": {"name": "Günbatımı Sokak", "_mahalle_str": "Yeşiltepe Mahallesi", "_hvi_str": "%52", "_aciklama_str": "Sıcaklık: orta<br>Ağaç örtüsü: orta<br>Hastaneye uzaklık: orta<br>Yeşil alana uzaklık: yakın<br>Yapılaşma yoğunluğu: çok yoğun<br>Nüfus yoğunluğu: seyrek<br>Yaşlı nüfus oranı: orta<br>Çocuk nüfus oranı: orta<br>Sosyoekonomik gelişmişlik: düşük"}, "geometry": {"type": "LineString", "coordinates": [[30.4947591, 39.7974037], [30.4957768, 39.7979892]]}, "bbox": [30.4947591, 39.7974037, 30.4957768, 39.7979892]}, {"id": "3723", "type": "Feature", "properties": {"name": "Aylanur Sokak", "_mahalle_str": "Yeşiltepe Mahallesi", "_hvi_str": "%53", "_aciklama_str": "Sıcaklık: orta<br>Ağaç örtüsü: düşük<br>Hastaneye uzaklık: orta<br>Yeşil alana uzaklık: orta<br>Yapılaşma yoğunluğu: çok yoğun<br>Nüfus yoğunluğu: seyrek<br>Yaşlı nüfus oranı: orta<br>Çocuk nüfus oranı: orta<br>Sosyoekonomik gelişmişlik: düşük"}, "geometry": {"type": "LineString", "coordinates": [[30.4953524, 39.7969107], [30.4962517, 39.7973949]]}, "bbox": [30.4953524, 39.7969107, 30.4962517, 39.7973949]}, {"id": "3725", "type": "Feature", "properties": {"name": "Dumlugöze Sokak", "_mahalle_str": "Yeşiltepe Mahallesi", "_hvi_str": "%52", "_aciklama_str": "Sıcaklık: düşük<br>Ağaç örtüsü: düşük<br>Hastaneye uzaklık: orta<br>Yeşil alana uzaklık: yakın<br>Yapılaşma yoğunluğu: çok yoğun<br>Nüfus yoğunluğu: seyrek<br>Yaşlı nüfus oranı: orta<br>Çocuk nüfus oranı: orta<br>Sosyoekonomik gelişmişlik: düşük"}, "geometry": {"type": "LineString", "coordinates": [[30.4956123, 39.7966464], [30.4964853, 39.7971289]]}, "bbox": [30.4956123, 39.7966464, 30.4964853, 39.7971289]}, {"id": "3728", "type": "Feature", "properties": {"name": "Akşam Sokak", "_mahalle_str": "Yeşiltepe Mahallesi", "_hvi_str": "%58", "_aciklama_str": "Sıcaklık: yüksek<br>Ağaç örtüsü: orta<br>Hastaneye uzaklık: orta<br>Yeşil alana uzaklık: orta<br>Yapılaşma yoğunluğu: çok yoğun<br>Nüfus yoğunluğu: seyrek<br>Yaşlı nüfus oranı: orta<br>Çocuk nüfus oranı: orta<br>Sosyoekonomik gelişmişlik: düşük"}, "geometry": {"type": "LineString", "coordinates": [[30.5000417, 39.7977787], [30.5003687, 39.7979325], [30.5007224, 39.7981195]]}, "bbox": [30.5000417, 39.7977787, 30.5007224, 39.7981195]}, {"id": "3729", "type": "Feature", "properties": {"name": "Kartallar Sokak", "_mahalle_str": "Yeşiltepe Mahallesi", "_hvi_str": "%53", "_aciklama_str": "Sıcaklık: orta<br>Ağaç örtüsü: düşük<br>Hastaneye uzaklık: orta<br>Yeşil alana uzaklık: yakın<br>Yapılaşma yoğunluğu: çok yoğun<br>Nüfus yoğunluğu: seyrek<br>Yaşlı nüfus oranı: orta<br>Çocuk nüfus oranı: orta<br>Sosyoekonomik gelişmişlik: düşük"}, "geometry": {"type": "LineString", "coordinates": [[30.4944136, 39.7976309], [30.4955408, 39.7982493]]}, "bbox": [30.4944136, 39.7976309, 30.4955408, 39.7982493]}, {"id": "3731", "type": "Feature", "properties": {"name": "Sümbülzade Sokak", "_mahalle_str": "Yeşiltepe Mahallesi", "_hvi_str": "%54", "_aciklama_str": "Sıcaklık: yüksek<br>Ağaç örtüsü: orta<br>Hastaneye uzaklık: orta<br>Yeşil alana uzaklık: yakın<br>Yapılaşma yoğunluğu: çok yoğun<br>Nüfus yoğunluğu: seyrek<br>Yaşlı nüfus oranı: orta<br>Çocuk nüfus oranı: orta<br>Sosyoekonomik gelişmişlik: düşük"}, "geometry": {"type": "LineString", "coordinates": [[30.4991847, 39.7979328], [30.4997167, 39.7981535]]}, "bbox": [30.4991847, 39.7979328, 30.4997167, 39.7981535]}, {"id": "3732", "type": "Feature", "properties": {"name": "Pembegül Sokak", "_mahalle_str": "Yeşiltepe Mahallesi", "_hvi_str": "%56", "_aciklama_str": "Sıcaklık: yüksek<br>Ağaç örtüsü: düşük<br>Hastaneye uzaklık: orta<br>Yeşil alana uzaklık: yakın<br>Yapılaşma yoğunluğu: çok yoğun<br>Nüfus yoğunluğu: seyrek<br>Yaşlı nüfus oranı: orta<br>Çocuk nüfus oranı: orta<br>Sosyoekonomik gelişmişlik: düşük"}, "geometry": {"type": "LineString", "coordinates": [[30.499413, 39.7976609], [30.499925, 39.7978941]]}, "bbox": [30.499413, 39.7976609, 30.499925, 39.7978941]}, {"id": "3733", "type": "Feature", "properties": {"name": null, "_mahalle_str": "Yeşiltepe Mahallesi", "_hvi_str": "%55", "_aciklama_str": "Sıcaklık: yüksek<br>Ağaç örtüsü: düşük<br>Hastaneye uzaklık: orta<br>Yeşil alana uzaklık: yakın<br>Yapılaşma yoğunluğu: çok yoğun<br>Nüfus yoğunluğu: seyrek<br>Yaşlı nüfus oranı: orta<br>Çocuk nüfus oranı: orta<br>Sosyoekonomik gelişmişlik: düşük"}, "geometry": {"type": "LineString", "coordinates": [[30.4978711, 39.7975628], [30.4980893, 39.7976725]]}, "bbox": [30.4978711, 39.7975628, 30.4980893, 39.7976725]}, {"id": "3735", "type": "Feature", "properties": {"name": "Ünalmış Sokak", "_mahalle_str": "Yeşiltepe Mahallesi", "_hvi_str": "%54", "_aciklama_str": "Sıcaklık: yüksek<br>Ağaç örtüsü: orta<br>Hastaneye uzaklık: yakın<br>Yeşil alana uzaklık: uzak<br>Yapılaşma yoğunluğu: çok yoğun<br>Nüfus yoğunluğu: seyrek<br>Yaşlı nüfus oranı: orta<br>Çocuk nüfus oranı: orta<br>Sosyoekonomik gelişmişlik: düşük"}, "geometry": {"type": "LineString", "coordinates": [[30.4955173, 39.8003791], [30.4954886, 39.8001146], [30.4955006, 39.7999507], [30.495561, 39.7998635], [30.4958847, 39.7994668], [30.4962654, 39.7989984], [30.4969767, 39.7981947], [30.4976714, 39.7974512], [30.4978711, 39.7975628]]}, "bbox": [30.4954886, 39.7974512, 30.4978711, 39.8003791]}, {"id": "3737", "type": "Feature", "properties": {"name": "Çorak Sokak", "_mahalle_str": "Yeşiltepe Mahallesi", "_hvi_str": "%56", "_aciklama_str": "Sıcaklık: orta<br>Ağaç örtüsü: orta<br>Hastaneye uzaklık: orta<br>Yeşil alana uzaklık: orta<br>Yapılaşma yoğunluğu: çok yoğun<br>Nüfus yoğunluğu: seyrek<br>Yaşlı nüfus oranı: orta<br>Çocuk nüfus oranı: orta<br>Sosyoekonomik gelişmişlik: düşük"}, "geometry": {"type": "LineString", "coordinates": [[30.4950597, 39.7971674], [30.495591, 39.7974535], [30.4960475, 39.7976905], [30.4961382, 39.7977376], [30.4963713, 39.7978586], [30.4967189, 39.7980535], [30.4969767, 39.7981947], [30.4973822, 39.7983993], [30.4977249, 39.7985972]]}, "bbox": [30.4950597, 39.7971674, 30.4977249, 39.7985972]}, {"id": "3740", "type": "Feature", "properties": {"name": null, "_mahalle_str": "Yeşiltepe Mahallesi", "_hvi_str": "%51", "_aciklama_str": "Sıcaklık: orta<br>Ağaç örtüsü: orta<br>Hastaneye uzaklık: orta<br>Yeşil alana uzaklık: çok yakın<br>Yapılaşma yoğunluğu: çok yoğun<br>Nüfus yoğunluğu: seyrek<br>Yaşlı nüfus oranı: orta<br>Çocuk nüfus oranı: orta<br>Sosyoekonomik gelişmişlik: düşük"}, "geometry": {"type": "LineString", "coordinates": [[30.4946309, 39.798643], [30.4949275, 39.7982901]]}, "bbox": [30.4946309, 39.7982901, 30.4949275, 39.798643]}, {"id": "3742", "type": "Feature", "properties": {"name": null, "_mahalle_str": "Zafer Mahallesi", "_hvi_str": "%56", "_aciklama_str": "Sıcaklık: orta<br>Ağaç örtüsü: çok düşük<br>Hastaneye uzaklık: orta<br>Yeşil alana uzaklık: orta<br>Yapılaşma yoğunluğu: çok yoğun<br>Nüfus yoğunluğu: seyrek<br>Yaşlı nüfus oranı: orta<br>Çocuk nüfus oranı: orta<br>Sosyoekonomik gelişmişlik: düşük"}, "geometry": {"type": "LineString", "coordinates": [[30.5289084, 39.7958217], [30.5289624, 39.795523], [30.5292198, 39.7948789]]}, "bbox": [30.5289084, 39.7948789, 30.5292198, 39.7958217]}, {"id": "3743", "type": "Feature", "properties": {"name": "Ünallar Sokak", "_mahalle_str": "Zafer Mahallesi", "_hvi_str": "%57", "_aciklama_str": "Sıcaklık: yüksek<br>Ağaç örtüsü: çok düşük<br>Hastaneye uzaklık: uzak<br>Yeşil alana uzaklık: orta<br>Yapılaşma yoğunluğu: çok yoğun<br>Nüfus yoğunluğu: seyrek<br>Yaşlı nüfus oranı: orta<br>Çocuk nüfus oranı: orta<br>Sosyoekonomik gelişmişlik: düşük"}, "geometry": {"type": "LineString", "coordinates": [[30.5281443, 39.7957229], [30.5282091, 39.7954401], [30.5284631, 39.7946844], [30.5284329, 39.7946032]]}, "bbox": [30.5281443, 39.7946032, 30.5284631, 39.7957229]}, {"id": "3744", "type": "Feature", "properties": {"name": "Güleray Sokak", "_mahalle_str": "Sütlüce Mahallesi", "_hvi_str": "%50", "_aciklama_str": "Sıcaklık: yüksek<br>Ağaç örtüsü: düşük<br>Hastaneye uzaklık: orta<br>Yeşil alana uzaklık: çok yakın<br>Yapılaşma yoğunluğu: çok yoğun<br>Nüfus yoğunluğu: seyrek<br>Yaşlı nüfus oranı: orta<br>Çocuk nüfus oranı: orta<br>Sosyoekonomik gelişmişlik: düşük"}, "geometry": {"type": "LineString", "coordinates": [[30.506781, 39.7968523], [30.5069189, 39.7963691], [30.5070522, 39.7959335]]}, "bbox": [30.506781, 39.7959335, 30.5070522, 39.7968523]}, {"id": "3746", "type": "Feature", "properties": {"name": "Yudum Sokak", "_mahalle_str": "Yeşiltepe Mahallesi", "_hvi_str": "%61", "_aciklama_str": "Sıcaklık: yüksek<br>Ağaç örtüsü: orta<br>Hastaneye uzaklık: uzak<br>Yeşil alana uzaklık: orta<br>Yapılaşma yoğunluğu: çok yoğun<br>Nüfus yoğunluğu: seyrek<br>Yaşlı nüfus oranı: orta<br>Çocuk nüfus oranı: orta<br>Sosyoekonomik gelişmişlik: düşük"}, "geometry": {"type": "LineString", "coordinates": [[30.5016053, 39.7952729], [30.5017231, 39.7952985], [30.5021678, 39.7953937]]}, "bbox": [30.5016053, 39.7952729, 30.5021678, 39.7953937]}, {"id": "3748", "type": "Feature", "properties": {"name": "Feslihan Sokak", "_mahalle_str": "Yeşiltepe Mahallesi", "_hvi_str": "%50", "_aciklama_str": "Sıcaklık: orta<br>Ağaç örtüsü: orta<br>Hastaneye uzaklık: yakın<br>Yeşil alana uzaklık: yakın<br>Yapılaşma yoğunluğu: çok yoğun<br>Nüfus yoğunluğu: seyrek<br>Yaşlı nüfus oranı: orta<br>Çocuk nüfus oranı: orta<br>Sosyoekonomik gelişmişlik: düşük"}, "geometry": {"type": "LineString", "coordinates": [[30.4951191, 39.7998272], [30.4955006, 39.7999507], [30.4959161, 39.8000917]]}, "bbox": [30.4951191, 39.7998272, 30.4959161, 39.8000917]}, {"id": "3751", "type": "Feature", "properties": {"name": "Kısal Sokak", "_mahalle_str": "Sütlüce Mahallesi", "_hvi_str": "%55", "_aciklama_str": "Sıcaklık: yüksek<br>Ağaç örtüsü: düşük<br>Hastaneye uzaklık: orta<br>Yeşil alana uzaklık: orta<br>Yapılaşma yoğunluğu: çok yoğun<br>Nüfus yoğunluğu: seyrek<br>Yaşlı nüfus oranı: orta<br>Çocuk nüfus oranı: orta<br>Sosyoekonomik gelişmişlik: düşük"}, "geometry": {"type": "LineString", "coordinates": [[30.5055427, 39.7952571], [30.5056779, 39.7952367], [30.5058567, 39.7952605], [30.5060699, 39.7953131]]}, "bbox": [30.5055427, 39.7952367, 30.5060699, 39.7953131]}, {"id": "3752", "type": "Feature", "properties": {"name": "Kısaca Sk.", "_mahalle_str": "Sütlüce Mahallesi", "_hvi_str": "%53", "_aciklama_str": "Sıcaklık: çok yüksek<br>Ağaç örtüsü: düşük<br>Hastaneye uzaklık: yakın<br>Yeşil alana uzaklık: çok yakın<br>Yapılaşma yoğunluğu: çok yoğun<br>Nüfus yoğunluğu: seyrek<br>Yaşlı nüfus oranı: orta<br>Çocuk nüfus oranı: orta<br>Sosyoekonomik gelişmişlik: düşük"}, "geometry": {"type": "LineString", "coordinates": [[30.5080044, 39.7951925], [30.5081254, 39.7952468], [30.5083421, 39.7953393], [30.5085074, 39.7954087]]}, "bbox": [30.5080044, 39.7951925, 30.5085074, 39.7954087]}, {"id": "3754", "type": "Feature", "properties": {"name": "Gençeri Sokak", "_mahalle_str": "Yeşiltepe Mahallesi", "_hvi_str": "%52", "_aciklama_str": "Sıcaklık: orta<br>Ağaç örtüsü: düşük<br>Hastaneye uzaklık: uzak<br>Yeşil alana uzaklık: çok yakın<br>Yapılaşma yoğunluğu: çok yoğun<br>Nüfus yoğunluğu: seyrek<br>Yaşlı nüfus oranı: orta<br>Çocuk nüfus oranı: orta<br>Sosyoekonomik gelişmişlik: düşük"}, "geometry": {"type": "LineString", "coordinates": [[30.503903, 39.7989104], [30.5041281, 39.798619], [30.5047695, 39.797738]]}, "bbox": [30.503903, 39.797738, 30.5047695, 39.7989104]}, {"id": "3755", "type": "Feature", "properties": {"name": "Erhan Sokak", "_mahalle_str": "Yeşiltepe Mahallesi", "_hvi_str": "%60", "_aciklama_str": "Sıcaklık: yüksek<br>Ağaç örtüsü: orta<br>Hastaneye uzaklık: uzak<br>Yeşil alana uzaklık: orta<br>Yapılaşma yoğunluğu: çok yoğun<br>Nüfus yoğunluğu: seyrek<br>Yaşlı nüfus oranı: orta<br>Çocuk nüfus oranı: orta<br>Sosyoekonomik gelişmişlik: düşük"}, "geometry": {"type": "LineString", "coordinates": [[30.5013967, 39.7963742], [30.501454, 39.7961864], [30.5016048, 39.7956958], [30.5017231, 39.7952985]]}, "bbox": [30.5013967, 39.7952985, 30.5017231, 39.7963742]}, {"id": "3756", "type": "Feature", "properties": {"name": null, "_mahalle_str": "Yeşiltepe Mahallesi", "_hvi_str": "%51", "_aciklama_str": "Sıcaklık: düşük<br>Ağaç örtüsü: orta<br>Hastaneye uzaklık: orta<br>Yeşil alana uzaklık: çok yakın<br>Yapılaşma yoğunluğu: çok yoğun<br>Nüfus yoğunluğu: seyrek<br>Yaşlı nüfus oranı: orta<br>Çocuk nüfus oranı: orta<br>Sosyoekonomik gelişmişlik: düşük"}, "geometry": {"type": "LineString", "coordinates": [[30.4943441, 39.7986065], [30.4944642, 39.798606], [30.4946309, 39.798643], [30.4950345, 39.798811]]}, "bbox": [30.4943441, 39.798606, 30.4950345, 39.798811]}, {"id": "3758", "type": "Feature", "properties": {"name": "Saruhan Sokak", "_mahalle_str": "Yeşiltepe Mahallesi", "_hvi_str": "%55", "_aciklama_str": "Sıcaklık: orta<br>Ağaç örtüsü: yüksek<br>Hastaneye uzaklık: orta<br>Yeşil alana uzaklık: orta<br>Yapılaşma yoğunluğu: çok yoğun<br>Nüfus yoğunluğu: seyrek<br>Yaşlı nüfus oranı: orta<br>Çocuk nüfus oranı: orta<br>Sosyoekonomik gelişmişlik: düşük"}, "geometry": {"type": "LineString", "coordinates": [[30.5021493, 39.7994419], [30.502365, 39.799147], [30.5029091, 39.79846]]}, "bbox": [30.5021493, 39.79846, 30.5029091, 39.7994419]}, {"id": "3760", "type": "Feature", "properties": {"name": null, "_mahalle_str": "Yeşiltepe Mahallesi", "_hvi_str": "%55", "_aciklama_str": "Sıcaklık: yüksek<br>Ağaç örtüsü: orta<br>Hastaneye uzaklık: orta<br>Yeşil alana uzaklık: yakın<br>Yapılaşma yoğunluğu: çok yoğun<br>Nüfus yoğunluğu: seyrek<br>Yaşlı nüfus oranı: orta<br>Çocuk nüfus oranı: orta<br>Sosyoekonomik gelişmişlik: düşük"}, "geometry": {"type": "LineString", "coordinates": [[30.4984507, 39.7968907], [30.4987527, 39.7971747], [30.4989032, 39.797333], [30.4990292, 39.7974686]]}, "bbox": [30.4984507, 39.7968907, 30.4990292, 39.7974686]}, {"id": "3761", "type": "Feature", "properties": {"name": "Şahinler Sokak", "_mahalle_str": "Yeşiltepe Mahallesi", "_hvi_str": "%51", "_aciklama_str": "Sıcaklık: orta<br>Ağaç örtüsü: yüksek<br>Hastaneye uzaklık: yakın<br>Yeşil alana uzaklık: orta<br>Yapılaşma yoğunluğu: çok yoğun<br>Nüfus yoğunluğu: seyrek<br>Yaşlı nüfus oranı: orta<br>Çocuk nüfus oranı: orta<br>Sosyoekonomik gelişmişlik: düşük"}, "geometry": {"type": "LineString", "coordinates": [[30.4962229, 39.8005663], [30.4965528, 39.8000547], [30.4967213, 39.7998142], [30.4970472, 39.799416], [30.4971409, 39.7993015], [30.4972099, 39.7992212], [30.4976513, 39.7986853]]}, "bbox": [30.4962229, 39.7986853, 30.4976513, 39.8005663]}, {"id": "3763", "type": "Feature", "properties": {"name": "2.Tugay Sokak", "_mahalle_str": "Yeşiltepe Mahallesi", "_hvi_str": "%53", "_aciklama_str": "Sıcaklık: orta<br>Ağaç örtüsü: orta<br>Hastaneye uzaklık: uzak<br>Yeşil alana uzaklık: çok yakın<br>Yapılaşma yoğunluğu: çok yoğun<br>Nüfus yoğunluğu: seyrek<br>Yaşlı nüfus oranı: orta<br>Çocuk nüfus oranı: orta<br>Sosyoekonomik gelişmişlik: düşük"}, "geometry": {"type": "LineString", "coordinates": [[30.5045258, 39.7976579], [30.5047607, 39.7971914], [30.505025, 39.796674], [30.5054188, 39.7960516]]}, "bbox": [30.5045258, 39.7960516, 30.5054188, 39.7976579]}, {"id": "3769", "type": "Feature", "properties": {"name": "Parlar Sokak", "_mahalle_str": "Sütlüce Mahallesi", "_hvi_str": "%55", "_aciklama_str": "Sıcaklık: yüksek<br>Ağaç örtüsü: düşük<br>Hastaneye uzaklık: yakın<br>Yeşil alana uzaklık: uzak<br>Yapılaşma yoğunluğu: çok yoğun<br>Nüfus yoğunluğu: seyrek<br>Yaşlı nüfus oranı: orta<br>Çocuk nüfus oranı: orta<br>Sosyoekonomik gelişmişlik: düşük"}, "geometry": {"type": "LineString", "coordinates": [[30.5080524, 39.797584], [30.508206, 39.7976192], [30.5089442, 39.7977715]]}, "bbox": [30.5080524, 39.797584, 30.5089442, 39.7977715]}, {"id": "3770", "type": "Feature", "properties": {"name": null, "_mahalle_str": "Yeşiltepe Mahallesi", "_hvi_str": "%54", "_aciklama_str": "Sıcaklık: orta<br>Ağaç örtüsü: düşük<br>Hastaneye uzaklık: uzak<br>Yeşil alana uzaklık: çok yakın<br>Yapılaşma yoğunluğu: çok yoğun<br>Nüfus yoğunluğu: seyrek<br>Yaşlı nüfus oranı: orta<br>Çocuk nüfus oranı: orta<br>Sosyoekonomik gelişmişlik: düşük"}, "geometry": {"type": "LineString", "coordinates": [[30.5045887, 39.7965552], [30.504779, 39.7966088], [30.5049541, 39.7966574], [30.505025, 39.796674], [30.5052289, 39.7967022], [30.5054418, 39.7967276]]}, "bbox": [30.5045887, 39.7965552, 30.5054418, 39.7967276]}, {"id": "3774", "type": "Feature", "properties": {"name": "Sağlam Sokak", "_mahalle_str": "Yeşiltepe Mahallesi", "_hvi_str": "%60", "_aciklama_str": "Sıcaklık: yüksek<br>Ağaç örtüsü: orta<br>Hastaneye uzaklık: uzak<br>Yeşil alana uzaklık: orta<br>Yapılaşma yoğunluğu: çok yoğun<br>Nüfus yoğunluğu: seyrek<br>Yaşlı nüfus oranı: orta<br>Çocuk nüfus oranı: orta<br>Sosyoekonomik gelişmişlik: düşük"}, "geometry": {"type": "LineString", "coordinates": [[30.5011093, 39.7962209], [30.501297, 39.7956605], [30.501432, 39.7952316]]}, "bbox": [30.5011093, 39.7952316, 30.501432, 39.7962209]}, {"id": "3778", "type": "Feature", "properties": {"name": "Askeriye Sokak", "_mahalle_str": "Yeşiltepe Mahallesi", "_hvi_str": "%57", "_aciklama_str": "Sıcaklık: yüksek<br>Ağaç örtüsü: orta<br>Hastaneye uzaklık: orta<br>Yeşil alana uzaklık: orta<br>Yapılaşma yoğunluğu: çok yoğun<br>Nüfus yoğunluğu: seyrek<br>Yaşlı nüfus oranı: orta<br>Çocuk nüfus oranı: orta<br>Sosyoekonomik gelişmişlik: düşük"}, "geometry": {"type": "LineString", "coordinates": [[30.5009947, 39.7987816], [30.5012213, 39.7984603], [30.5016915, 39.7979013]]}, "bbox": [30.5009947, 39.7979013, 30.5016915, 39.7987816]}, {"id": "3783", "type": "Feature", "properties": {"name": "Sazak Sokak", "_mahalle_str": "Yeşiltepe Mahallesi", "_hvi_str": "%57", "_aciklama_str": "Sıcaklık: yüksek<br>Ağaç örtüsü: orta<br>Hastaneye uzaklık: uzak<br>Yeşil alana uzaklık: orta<br>Yapılaşma yoğunluğu: çok yoğun<br>Nüfus yoğunluğu: seyrek<br>Yaşlı nüfus oranı: orta<br>Çocuk nüfus oranı: orta<br>Sosyoekonomik gelişmişlik: düşük"}, "geometry": {"type": "LineString", "coordinates": [[30.5036724, 39.7973184], [30.5036612, 39.797254], [30.5044075, 39.7959548], [30.5047475, 39.7950982]]}, "bbox": [30.5036612, 39.7950982, 30.5047475, 39.7973184]}, {"id": "3788", "type": "Feature", "properties": {"name": null, "_mahalle_str": "Yeşiltepe Mahallesi", "_hvi_str": "%54", "_aciklama_str": "Sıcaklık: orta<br>Ağaç örtüsü: düşük<br>Hastaneye uzaklık: orta<br>Yeşil alana uzaklık: çok yakın<br>Yapılaşma yoğunluğu: çok yoğun<br>Nüfus yoğunluğu: seyrek<br>Yaşlı nüfus oranı: orta<br>Çocuk nüfus oranı: orta<br>Sosyoekonomik gelişmişlik: düşük"}, "geometry": {"type": "LineString", "coordinates": [[30.4981736, 39.7977192], [30.4983879, 39.79787], [30.4985043, 39.7979448]]}, "bbox": [30.4981736, 39.7977192, 30.4985043, 39.7979448]}, {"id": "3791", "type": "Feature", "properties": {"name": "Pazarlı Sokak", "_mahalle_str": "Sütlüce Mahallesi", "_hvi_str": "%52", "_aciklama_str": "Sıcaklık: yüksek<br>Ağaç örtüsü: çok düşük<br>Hastaneye uzaklık: orta<br>Yeşil alana uzaklık: yakın<br>Yapılaşma yoğunluğu: çok yoğun<br>Nüfus yoğunluğu: seyrek<br>Yaşlı nüfus oranı: orta<br>Çocuk nüfus oranı: orta<br>Sosyoekonomik gelişmişlik: düşük"}, "geometry": {"type": "LineString", "coordinates": [[30.506299, 39.7967417], [30.506686, 39.7968302], [30.506781, 39.7968523], [30.5072527, 39.7969633], [30.5073354, 39.7969815], [30.5075397, 39.7970376], [30.507671, 39.79706], [30.5079652, 39.797054]]}, "bbox": [30.506299, 39.7967417, 30.5079652, 39.79706]}, {"id": "3792", "type": "Feature", "properties": {"name": "Fener Sokak", "_mahalle_str": "Yeşiltepe Mahallesi", "_hvi_str": "%52", "_aciklama_str": "Sıcaklık: orta<br>Ağaç örtüsü: orta<br>Hastaneye uzaklık: yakın<br>Yeşil alana uzaklık: uzak<br>Yapılaşma yoğunluğu: çok yoğun<br>Nüfus yoğunluğu: seyrek<br>Yaşlı nüfus oranı: orta<br>Çocuk nüfus oranı: orta<br>Sosyoekonomik gelişmişlik: düşük"}, "geometry": {"type": "LineString", "coordinates": [[30.4979411, 39.7992464], [30.4990629, 39.7999127], [30.499593, 39.8002178], [30.5001394, 39.800537], [30.5007281, 39.8008454], [30.5010386, 39.8010171], [30.5015415, 39.8012708], [30.5021076, 39.8015824]]}, "bbox": [30.4979411, 39.7992464, 30.5021076, 39.8015824]}, {"id": "3796", "type": "Feature", "properties": {"name": "Belyurt Sokak", "_mahalle_str": "Yeşiltepe Mahallesi", "_hvi_str": "%52", "_aciklama_str": "Sıcaklık: çok yüksek<br>Ağaç örtüsü: orta<br>Hastaneye uzaklık: uzak<br>Yeşil alana uzaklık: yakın<br>Yapılaşma yoğunluğu: yoğun<br>Nüfus yoğunluğu: seyrek<br>Yaşlı nüfus oranı: orta<br>Çocuk nüfus oranı: orta<br>Sosyoekonomik gelişmişlik: düşük"}, "geometry": {"type": "LineString", "coordinates": [[30.5003508, 39.7941323], [30.5001986, 39.7946085], [30.5000736, 39.7949443], [30.4998526, 39.7956616]]}, "bbox": [30.4998526, 39.7941323, 30.5003508, 39.7956616]}, {"id": "3797", "type": "Feature", "properties": {"name": "Ekinci Sokak", "_mahalle_str": "Yeşiltepe Mahallesi", "_hvi_str": "%51", "_aciklama_str": "Sıcaklık: düşük<br>Ağaç örtüsü: düşük<br>Hastaneye uzaklık: orta<br>Yeşil alana uzaklık: orta<br>Yapılaşma yoğunluğu: çok yoğun<br>Nüfus yoğunluğu: seyrek<br>Yaşlı nüfus oranı: orta<br>Çocuk nüfus oranı: orta<br>Sosyoekonomik gelişmişlik: düşük"}, "geometry": {"type": "LineString", "coordinates": [[30.4909302, 39.7997009], [30.4911038, 39.799786], [30.4914271, 39.7998825], [30.4919551, 39.8000424], [30.4925828, 39.8002221], [30.4929727, 39.8003495], [30.4934805, 39.8004982], [30.4941031, 39.8006607], [30.494589, 39.8007523]]}, "bbox": [30.4909302, 39.7997009, 30.494589, 39.8007523]}, {"id": "3800", "type": "Feature", "properties": {"name": "Alaz Sokak", "_mahalle_str": "Şirintepe Mahallesi", "_hvi_str": "%53", "_aciklama_str": "Sıcaklık: orta<br>Ağaç örtüsü: düşük<br>Hastaneye uzaklık: uzak<br>Yeşil alana uzaklık: yakın<br>Yapılaşma yoğunluğu: çok yoğun<br>Nüfus yoğunluğu: seyrek<br>Yaşlı nüfus oranı: orta<br>Çocuk nüfus oranı: orta<br>Sosyoekonomik gelişmişlik: düşük"}, "geometry": {"type": "LineString", "coordinates": [[30.4925021, 39.7981923], [30.4927828, 39.7984121], [30.4929103, 39.7985195]]}, "bbox": [30.4925021, 39.7981923, 30.4929103, 39.7985195]}, {"id": "4078", "type": "Feature", "properties": {"name": "Arıtepe Sokak", "_mahalle_str": "Ertuğrulgazi Mahallesi", "_hvi_str": "%51", "_aciklama_str": "Sıcaklık: düşük<br>Ağaç örtüsü: yüksek<br>Hastaneye uzaklık: uzak<br>Yeşil alana uzaklık: uzak<br>Yapılaşma yoğunluğu: çok yoğun<br>Nüfus yoğunluğu: seyrek<br>Yaşlı nüfus oranı: orta<br>Çocuk nüfus oranı: orta<br>Sosyoekonomik gelişmişlik: düşük"}, "geometry": {"type": "LineString", "coordinates": [[30.4796988, 39.7708299], [30.4801259, 39.7712463], [30.4805592, 39.7716527]]}, "bbox": [30.4796988, 39.7708299, 30.4805592, 39.7716527]}, {"id": "4086", "type": "Feature", "properties": {"name": "Kulüp Sokak", "_mahalle_str": "Ertuğrulgazi Mahallesi", "_hvi_str": "%51", "_aciklama_str": "Sıcaklık: düşük<br>Ağaç örtüsü: orta<br>Hastaneye uzaklık: uzak<br>Yeşil alana uzaklık: uzak<br>Yapılaşma yoğunluğu: çok yoğun<br>Nüfus yoğunluğu: seyrek<br>Yaşlı nüfus oranı: orta<br>Çocuk nüfus oranı: orta<br>Sosyoekonomik gelişmişlik: düşük"}, "geometry": {"type": "LineString", "coordinates": [[30.481903, 39.7700897], [30.4810848, 39.7706034], [30.4801259, 39.7712463], [30.4797202, 39.7715026]]}, "bbox": [30.4797202, 39.7700897, 30.481903, 39.7715026]}, {"id": "4088", "type": "Feature", "properties": {"name": "Akansel Sokak", "_mahalle_str": "Ertuğrulgazi Mahallesi", "_hvi_str": "%51", "_aciklama_str": "Sıcaklık: orta<br>Ağaç örtüsü: orta<br>Hastaneye uzaklık: uzak<br>Yeşil alana uzaklık: uzak<br>Yapılaşma yoğunluğu: yoğun<br>Nüfus yoğunluğu: seyrek<br>Yaşlı nüfus oranı: orta<br>Çocuk nüfus oranı: orta<br>Sosyoekonomik gelişmişlik: düşük"}, "geometry": {"type": "LineString", "coordinates": [[30.4815778, 39.7696193], [30.4806462, 39.7701963], [30.4796988, 39.7708299], [30.4792882, 39.7710831]]}, "bbox": [30.4792882, 39.7696193, 30.4815778, 39.7710831]}, {"id": "4105", "type": "Feature", "properties": {"name": null, "_mahalle_str": "Uluönder Mahallesi", "_hvi_str": "%54", "_aciklama_str": "Sıcaklık: orta<br>Ağaç örtüsü: çok düşük<br>Hastaneye uzaklık: uzak<br>Yeşil alana uzaklık: uzak<br>Yapılaşma yoğunluğu: yoğun<br>Nüfus yoğunluğu: seyrek<br>Yaşlı nüfus oranı: orta<br>Çocuk nüfus oranı: orta<br>Sosyoekonomik gelişmişlik: düşük"}, "geometry": {"type": "LineString", "coordinates": [[30.4693192, 39.7823054], [30.4687046, 39.7834679], [30.4683756, 39.7840661], [30.4680624, 39.7845845]]}, "bbox": [30.4680624, 39.7823054, 30.4693192, 39.7845845]}, {"id": "4106", "type": "Feature", "properties": {"name": "3185. Sokak", "_mahalle_str": "Uluönder Mahallesi", "_hvi_str": "%54", "_aciklama_str": "Sıcaklık: orta<br>Ağaç örtüsü: çok düşük<br>Hastaneye uzaklık: uzak<br>Yeşil alana uzaklık: çok uzak<br>Yapılaşma yoğunluğu: yoğun<br>Nüfus yoğunluğu: seyrek<br>Yaşlı nüfus oranı: orta<br>Çocuk nüfus oranı: orta<br>Sosyoekonomik gelişmişlik: düşük"}, "geometry": {"type": "LineString", "coordinates": [[30.4676988, 39.7831378], [30.4675461, 39.7834017], [30.4674622, 39.7835539], [30.4671742, 39.7839386], [30.4669959, 39.784229]]}, "bbox": [30.4669959, 39.7831378, 30.4676988, 39.784229]}, {"id": "4118", "type": "Feature", "properties": {"name": null, "_mahalle_str": "Uluönder Mahallesi", "_hvi_str": "%52", "_aciklama_str": "Sıcaklık: orta<br>Ağaç örtüsü: çok düşük<br>Hastaneye uzaklık: uzak<br>Yeşil alana uzaklık: uzak<br>Yapılaşma yoğunluğu: yoğun<br>Nüfus yoğunluğu: seyrek<br>Yaşlı nüfus oranı: orta<br>Çocuk nüfus oranı: orta<br>Sosyoekonomik gelişmişlik: düşük"}, "geometry": {"type": "LineString", "coordinates": [[30.4681455, 39.7818979], [30.4674515, 39.7830396]]}, "bbox": [30.4674515, 39.7818979, 30.4681455, 39.7830396]}, {"id": "4119", "type": "Feature", "properties": {"name": null, "_mahalle_str": "Uluönder Mahallesi", "_hvi_str": "%52", "_aciklama_str": "Sıcaklık: yüksek<br>Ağaç örtüsü: çok düşük<br>Hastaneye uzaklık: uzak<br>Yeşil alana uzaklık: uzak<br>Yapılaşma yoğunluğu: yoğun<br>Nüfus yoğunluğu: seyrek<br>Yaşlı nüfus oranı: orta<br>Çocuk nüfus oranı: orta<br>Sosyoekonomik gelişmişlik: düşük"}, "geometry": {"type": "LineString", "coordinates": [[30.4720694, 39.7832288], [30.4718916, 39.7835487], [30.4717247, 39.783823], [30.4715677, 39.7840982], [30.4715282, 39.7841684], [30.4714308, 39.784326]]}, "bbox": [30.4714308, 39.7832288, 30.4720694, 39.784326]}, {"id": "4121", "type": "Feature", "properties": {"name": null, "_mahalle_str": "Uluönder Mahallesi", "_hvi_str": "%52", "_aciklama_str": "Sıcaklık: orta<br>Ağaç örtüsü: çok düşük<br>Hastaneye uzaklık: uzak<br>Yeşil alana uzaklık: uzak<br>Yapılaşma yoğunluğu: yoğun<br>Nüfus yoğunluğu: seyrek<br>Yaşlı nüfus oranı: orta<br>Çocuk nüfus oranı: orta<br>Sosyoekonomik gelişmişlik: düşük"}, "geometry": {"type": "LineString", "coordinates": [[30.4699846, 39.7825364], [30.4693083, 39.7836806], [30.4690559, 39.7841311], [30.4686559, 39.7847901]]}, "bbox": [30.4686559, 39.7825364, 30.4699846, 39.7847901]}, {"id": "4125", "type": "Feature", "properties": {"name": "3211. Sokak", "_mahalle_str": "Uluönder Mahallesi", "_hvi_str": "%55", "_aciklama_str": "Sıcaklık: orta<br>Ağaç örtüsü: çok düşük<br>Hastaneye uzaklık: uzak<br>Yeşil alana uzaklık: uzak<br>Yapılaşma yoğunluğu: yoğun<br>Nüfus yoğunluğu: seyrek<br>Yaşlı nüfus oranı: orta<br>Çocuk nüfus oranı: orta<br>Sosyoekonomik gelişmişlik: düşük"}, "geometry": {"type": "LineString", "coordinates": [[30.468745, 39.782106], [30.4681016, 39.7832555]]}, "bbox": [30.4681016, 39.782106, 30.468745, 39.7832555]}, {"id": "4132", "type": "Feature", "properties": {"name": null, "_mahalle_str": "Uluönder Mahallesi", "_hvi_str": "%51", "_aciklama_str": "Sıcaklık: çok yüksek<br>Ağaç örtüsü: çok düşük<br>Hastaneye uzaklık: uzak<br>Yeşil alana uzaklık: çok uzak<br>Yapılaşma yoğunluğu: yoğun<br>Nüfus yoğunluğu: seyrek<br>Yaşlı nüfus oranı: orta<br>Çocuk nüfus oranı: orta<br>Sosyoekonomik gelişmişlik: düşük"}, "geometry": {"type": "LineString", "coordinates": [[30.4710701, 39.7814642], [30.4704849, 39.7824515]]}, "bbox": [30.4704849, 39.7814642, 30.4710701, 39.7824515]}, {"id": "4159", "type": "Feature", "properties": {"name": "3102. Sokak", "_mahalle_str": "Uluönder Mahallesi", "_hvi_str": "%54", "_aciklama_str": "Sıcaklık: düşük<br>Ağaç örtüsü: çok düşük<br>Hastaneye uzaklık: uzak<br>Yeşil alana uzaklık: çok uzak<br>Yapılaşma yoğunluğu: yoğun<br>Nüfus yoğunluğu: seyrek<br>Yaşlı nüfus oranı: orta<br>Çocuk nüfus oranı: orta<br>Sosyoekonomik gelişmişlik: düşük"}, "geometry": {"type": "LineString", "coordinates": [[30.4656477, 39.782559], [30.4657818, 39.7825623], [30.4664812, 39.7826817], [30.4669575, 39.782847], [30.4674515, 39.7830396], [30.4676988, 39.7831378], [30.4681016, 39.7832555], [30.4683854, 39.7833555], [30.4687046, 39.7834679], [30.4690122, 39.7835763], [30.4693083, 39.7836806], [30.4695748, 39.7837734], [30.4698545, 39.783873], [30.469956, 39.7839088]]}, "bbox": [30.4656477, 39.782559, 30.469956, 39.7839088]}, {"id": "4179", "type": "Feature", "properties": {"name": "Gülbaharlar Sokak", "_mahalle_str": "Şirintepe Mahallesi", "_hvi_str": "%55", "_aciklama_str": "Sıcaklık: yüksek<br>Ağaç örtüsü: düşük<br>Hastaneye uzaklık: uzak<br>Yeşil alana uzaklık: yakın<br>Yapılaşma yoğunluğu: çok yoğun<br>Nüfus yoğunluğu: seyrek<br>Yaşlı nüfus oranı: orta<br>Çocuk nüfus oranı: orta<br>Sosyoekonomik gelişmişlik: düşük"}, "geometry": {"type": "LineString", "coordinates": [[30.4792328, 39.7962673], [30.4795858, 39.7955047], [30.4796537, 39.7953784], [30.4796769, 39.7953184], [30.4797368, 39.7951028], [30.4798118, 39.7948611]]}, "bbox": [30.4792328, 39.7948611, 30.4798118, 39.7962673]}, {"id": "4187", "type": "Feature", "properties": {"name": "Kıbrıslı Sokak", "_mahalle_str": "Şirintepe Mahallesi", "_hvi_str": "%51", "_aciklama_str": "Sıcaklık: orta<br>Ağaç örtüsü: düşük<br>Hastaneye uzaklık: uzak<br>Yeşil alana uzaklık: yakın<br>Yapılaşma yoğunluğu: çok yoğun<br>Nüfus yoğunluğu: seyrek<br>Yaşlı nüfus oranı: orta<br>Çocuk nüfus oranı: orta<br>Sosyoekonomik gelişmişlik: düşük"}, "geometry": {"type": "LineString", "coordinates": [[30.4779818, 39.7981437], [30.4781141, 39.7976795], [30.4782875, 39.7970585], [30.4783521, 39.7968632], [30.4785306, 39.7967993], [30.478782, 39.79616]]}, "bbox": [30.4779818, 39.79616, 30.478782, 39.7981437]}, {"id": "4215", "type": "Feature", "properties": {"name": null, "_mahalle_str": "Esentepe Mahallesi", "_hvi_str": "%57", "_aciklama_str": "Sıcaklık: çok yüksek<br>Ağaç örtüsü: çok düşük<br>Hastaneye uzaklık: çok yakın<br>Yeşil alana uzaklık: orta<br>Yapılaşma yoğunluğu: çok yoğun<br>Nüfus yoğunluğu: seyrek<br>Yaşlı nüfus oranı: orta<br>Çocuk nüfus oranı: orta<br>Sosyoekonomik gelişmişlik: düşük"}, "geometry": {"type": "LineString", "coordinates": [[30.5158488, 39.8000647], [30.5160341, 39.8005374]]}, "bbox": [30.5158488, 39.8000647, 30.5160341, 39.8005374]}, {"id": "4217", "type": "Feature", "properties": {"name": null, "_mahalle_str": "Sütlüce Mahallesi", "_hvi_str": "%55", "_aciklama_str": "Sıcaklık: çok yüksek<br>Ağaç örtüsü: düşük<br>Hastaneye uzaklık: orta<br>Yeşil alana uzaklık: uzak<br>Yapılaşma yoğunluğu: çok yoğun<br>Nüfus yoğunluğu: seyrek<br>Yaşlı nüfus oranı: orta<br>Çocuk nüfus oranı: orta<br>Sosyoekonomik gelişmişlik: düşük"}, "geometry": {"type": "LineString", "coordinates": [[30.5087401, 39.8009081], [30.5088185, 39.8004711]]}, "bbox": [30.5087401, 39.8004711, 30.5088185, 39.8009081]}, {"id": "4219", "type": "Feature", "properties": {"name": "3165. Sokak", "_mahalle_str": "Uluönder Mahallesi", "_hvi_str": "%51", "_aciklama_str": "Sıcaklık: yüksek<br>Ağaç örtüsü: çok düşük<br>Hastaneye uzaklık: uzak<br>Yeşil alana uzaklık: orta<br>Yapılaşma yoğunluğu: yoğun<br>Nüfus yoğunluğu: seyrek<br>Yaşlı nüfus oranı: orta<br>Çocuk nüfus oranı: orta<br>Sosyoekonomik gelişmişlik: düşük"}, "geometry": {"type": "LineString", "coordinates": [[30.4747174, 39.7850723], [30.4751371, 39.7843825]]}, "bbox": [30.4747174, 39.7843825, 30.4751371, 39.7850723]}, {"id": "4221", "type": "Feature", "properties": {"name": null, "_mahalle_str": "Sütlüce Mahallesi", "_hvi_str": "%55", "_aciklama_str": "Sıcaklık: çok yüksek<br>Ağaç örtüsü: düşük<br>Hastaneye uzaklık: uzak<br>Yeşil alana uzaklık: orta<br>Yapılaşma yoğunluğu: çok yoğun<br>Nüfus yoğunluğu: seyrek<br>Yaşlı nüfus oranı: orta<br>Çocuk nüfus oranı: orta<br>Sosyoekonomik gelişmişlik: düşük"}, "geometry": {"type": "LineString", "coordinates": [[30.508543, 39.8018776], [30.5087337, 39.8014171]]}, "bbox": [30.508543, 39.8014171, 30.5087337, 39.8018776]}, {"id": "4229", "type": "Feature", "properties": {"name": null, "_mahalle_str": "Esentepe Mahallesi", "_hvi_str": "%61", "_aciklama_str": "Sıcaklık: yüksek<br>Ağaç örtüsü: çok düşük<br>Hastaneye uzaklık: çok yakın<br>Yeşil alana uzaklık: uzak<br>Yapılaşma yoğunluğu: çok yoğun<br>Nüfus yoğunluğu: seyrek<br>Yaşlı nüfus oranı: orta<br>Çocuk nüfus oranı: orta<br>Sosyoekonomik gelişmişlik: düşük"}, "geometry": {"type": "LineString", "coordinates": [[30.5146244, 39.7992998], [30.5149645, 39.79928]]}, "bbox": [30.5146244, 39.79928, 30.5149645, 39.7992998]}, {"id": "4230", "type": "Feature", "properties": {"name": null, "_mahalle_str": "Esentepe Mahallesi", "_hvi_str": "%58", "_aciklama_str": "Sıcaklık: yüksek<br>Ağaç örtüsü: düşük<br>Hastaneye uzaklık: yakın<br>Yeşil alana uzaklık: orta<br>Yapılaşma yoğunluğu: çok yoğun<br>Nüfus yoğunluğu: seyrek<br>Yaşlı nüfus oranı: orta<br>Çocuk nüfus oranı: orta<br>Sosyoekonomik gelişmişlik: düşük"}, "geometry": {"type": "LineString", "coordinates": [[30.5148473, 39.7982646], [30.5160131, 39.7980744]]}, "bbox": [30.5148473, 39.7980744, 30.5160131, 39.7982646]}, {"id": "4235", "type": "Feature", "properties": {"name": null, "_mahalle_str": "Sütlüce Mahallesi", "_hvi_str": "%55", "_aciklama_str": "Sıcaklık: çok yüksek<br>Ağaç örtüsü: çok düşük<br>Hastaneye uzaklık: orta<br>Yeşil alana uzaklık: uzak<br>Yapılaşma yoğunluğu: çok yoğun<br>Nüfus yoğunluğu: seyrek<br>Yaşlı nüfus oranı: orta<br>Çocuk nüfus oranı: orta<br>Sosyoekonomik gelişmişlik: düşük"}, "geometry": {"type": "LineString", "coordinates": [[30.5086536, 39.801404], [30.508819, 39.8009164]]}, "bbox": [30.5086536, 39.8009164, 30.508819, 39.801404]}, {"id": "4241", "type": "Feature", "properties": {"name": "Maraş Sokak", "_mahalle_str": "Şirintepe Mahallesi", "_hvi_str": "%50", "_aciklama_str": "Sıcaklık: yüksek<br>Ağaç örtüsü: çok düşük<br>Hastaneye uzaklık: yakın<br>Yeşil alana uzaklık: yakın<br>Yapılaşma yoğunluğu: çok yoğun<br>Nüfus yoğunluğu: seyrek<br>Yaşlı nüfus oranı: orta<br>Çocuk nüfus oranı: orta<br>Sosyoekonomik gelişmişlik: düşük"}, "geometry": {"type": "LineString", "coordinates": [[30.4875566, 39.7917371], [30.4880495, 39.7917906]]}, "bbox": [30.4875566, 39.7917371, 30.4880495, 39.7917906]}, {"id": "4250", "type": "Feature", "properties": {"name": "Ruşen Sokak", "_mahalle_str": "Sütlüce Mahallesi", "_hvi_str": "%51", "_aciklama_str": "Sıcaklık: orta<br>Ağaç örtüsü: düşük<br>Hastaneye uzaklık: orta<br>Yeşil alana uzaklık: orta<br>Yapılaşma yoğunluğu: çok yoğun<br>Nüfus yoğunluğu: seyrek<br>Yaşlı nüfus oranı: orta<br>Çocuk nüfus oranı: orta<br>Sosyoekonomik gelişmişlik: düşük"}, "geometry": {"type": "LineString", "coordinates": [[30.5051476, 39.7985401], [30.5071184, 39.7990001]]}, "bbox": [30.5051476, 39.7985401, 30.5071184, 39.7990001]}, {"id": "4254", "type": "Feature", "properties": {"name": "Gülay Sokak", "_mahalle_str": "Şirintepe Mahallesi", "_hvi_str": "%56", "_aciklama_str": "Sıcaklık: yüksek<br>Ağaç örtüsü: çok düşük<br>Hastaneye uzaklık: uzak<br>Yeşil alana uzaklık: yakın<br>Yapılaşma yoğunluğu: çok yoğun<br>Nüfus yoğunluğu: seyrek<br>Yaşlı nüfus oranı: orta<br>Çocuk nüfus oranı: orta<br>Sosyoekonomik gelişmişlik: düşük"}, "geometry": {"type": "LineString", "coordinates": [[30.4797368, 39.7951028], [30.4802951, 39.7952341]]}, "bbox": [30.4797368, 39.7951028, 30.4802951, 39.7952341]}, {"id": "4255", "type": "Feature", "properties": {"name": "Adışanlı Sokak", "_mahalle_str": "Yeşiltepe Mahallesi", "_hvi_str": "%52", "_aciklama_str": "Sıcaklık: orta<br>Ağaç örtüsü: çok düşük<br>Hastaneye uzaklık: uzak<br>Yeşil alana uzaklık: yakın<br>Yapılaşma yoğunluğu: çok yoğun<br>Nüfus yoğunluğu: seyrek<br>Yaşlı nüfus oranı: orta<br>Çocuk nüfus oranı: orta<br>Sosyoekonomik gelişmişlik: düşük"}, "geometry": {"type": "LineString", "coordinates": [[30.4947556, 39.7967312], [30.4952255, 39.7970267]]}, "bbox": [30.4947556, 39.7967312, 30.4952255, 39.7970267]}, {"id": "4256", "type": "Feature", "properties": {"name": null, "_mahalle_str": "Şirintepe Mahallesi", "_hvi_str": "%56", "_aciklama_str": "Sıcaklık: orta<br>Ağaç örtüsü: düşük<br>Hastaneye uzaklık: uzak<br>Yeşil alana uzaklık: yakın<br>Yapılaşma yoğunluğu: çok yoğun<br>Nüfus yoğunluğu: seyrek<br>Yaşlı nüfus oranı: orta<br>Çocuk nüfus oranı: orta<br>Sosyoekonomik gelişmişlik: düşük"}, "geometry": {"type": "LineString", "coordinates": [[30.4780431, 39.7951623], [30.4783805, 39.7952841]]}, "bbox": [30.4780431, 39.7951623, 30.4783805, 39.7952841]}, {"id": "4257", "type": "Feature", "properties": {"name": "Güreşli Sokak", "_mahalle_str": "Esentepe Mahallesi", "_hvi_str": "%56", "_aciklama_str": "Sıcaklık: çok yüksek<br>Ağaç örtüsü: çok düşük<br>Hastaneye uzaklık: orta<br>Yeşil alana uzaklık: orta<br>Yapılaşma yoğunluğu: çok yoğun<br>Nüfus yoğunluğu: seyrek<br>Yaşlı nüfus oranı: orta<br>Çocuk nüfus oranı: orta<br>Sosyoekonomik gelişmişlik: düşük"}, "geometry": {"type": "LineString", "coordinates": [[30.5099246, 39.8009734], [30.5114531, 39.8010937]]}, "bbox": [30.5099246, 39.8009734, 30.5114531, 39.8010937]}, {"id": "4261", "type": "Feature", "properties": {"name": "3167. Sokak", "_mahalle_str": "Uluönder Mahallesi", "_hvi_str": "%50", "_aciklama_str": "Sıcaklık: orta<br>Ağaç örtüsü: çok düşük<br>Hastaneye uzaklık: uzak<br>Yeşil alana uzaklık: orta<br>Yapılaşma yoğunluğu: yoğun<br>Nüfus yoğunluğu: seyrek<br>Yaşlı nüfus oranı: orta<br>Çocuk nüfus oranı: orta<br>Sosyoekonomik gelişmişlik: düşük"}, "geometry": {"type": "LineString", "coordinates": [[30.4743087, 39.7849266], [30.4747023, 39.7842157]]}, "bbox": [30.4743087, 39.7842157, 30.4747023, 39.7849266]}, {"id": "4264", "type": "Feature", "properties": {"name": null, "_mahalle_str": "Esentepe Mahallesi", "_hvi_str": "%54", "_aciklama_str": "Sıcaklık: çok yüksek<br>Ağaç örtüsü: orta<br>Hastaneye uzaklık: yakın<br>Yeşil alana uzaklık: orta<br>Yapılaşma yoğunluğu: çok yoğun<br>Nüfus yoğunluğu: seyrek<br>Yaşlı nüfus oranı: orta<br>Çocuk nüfus oranı: orta<br>Sosyoekonomik gelişmişlik: düşük"}, "geometry": {"type": "LineString", "coordinates": [[30.5154119, 39.8031724], [30.5153162, 39.8028486]]}, "bbox": [30.5153162, 39.8028486, 30.5154119, 39.8031724]}, {"id": "4275", "type": "Feature", "properties": {"name": "Şamlı Sokak", "_mahalle_str": "Esentepe Mahallesi", "_hvi_str": "%53", "_aciklama_str": "Sıcaklık: orta<br>Ağaç örtüsü: çok düşük<br>Hastaneye uzaklık: uzak<br>Yeşil alana uzaklık: çok yakın<br>Yapılaşma yoğunluğu: çok yoğun<br>Nüfus yoğunluğu: seyrek<br>Yaşlı nüfus oranı: orta<br>Çocuk nüfus oranı: orta<br>Sosyoekonomik gelişmişlik: düşük"}, "geometry": {"type": "LineString", "coordinates": [[30.5090193, 39.8028732], [30.5105719, 39.8030294]]}, "bbox": [30.5090193, 39.8028732, 30.5105719, 39.8030294]}, {"id": "4276", "type": "Feature", "properties": {"name": "Cemile Sokak", "_mahalle_str": "Sütlüce Mahallesi", "_hvi_str": "%50", "_aciklama_str": "Sıcaklık: orta<br>Ağaç örtüsü: çok düşük<br>Hastaneye uzaklık: orta<br>Yeşil alana uzaklık: orta<br>Yapılaşma yoğunluğu: çok yoğun<br>Nüfus yoğunluğu: seyrek<br>Yaşlı nüfus oranı: orta<br>Çocuk nüfus oranı: orta<br>Sosyoekonomik gelişmişlik: düşük"}, "geometry": {"type": "LineString", "coordinates": [[30.5049805, 39.7987747], [30.5070348, 39.7992631]]}, "bbox": [30.5049805, 39.7987747, 30.5070348, 39.7992631]}, {"id": "4280", "type": "Feature", "properties": {"name": "Turhan Sokak", "_mahalle_str": "Şirintepe Mahallesi", "_hvi_str": "%56", "_aciklama_str": "Sıcaklık: orta<br>Ağaç örtüsü: çok düşük<br>Hastaneye uzaklık: uzak<br>Yeşil alana uzaklık: yakın<br>Yapılaşma yoğunluğu: çok yoğun<br>Nüfus yoğunluğu: seyrek<br>Yaşlı nüfus oranı: orta<br>Çocuk nüfus oranı: orta<br>Sosyoekonomik gelişmişlik: düşük"}, "geometry": {"type": "LineString", "coordinates": [[30.4796537, 39.7953784], [30.4801776, 39.7955152]]}, "bbox": [30.4796537, 39.7953784, 30.4801776, 39.7955152]}, {"id": "4281", "type": "Feature", "properties": {"name": "Menevşeler Sokak", "_mahalle_str": "Yeşiltepe Mahallesi", "_hvi_str": "%52", "_aciklama_str": "Sıcaklık: düşük<br>Ağaç örtüsü: çok düşük<br>Hastaneye uzaklık: uzak<br>Yeşil alana uzaklık: çok yakın<br>Yapılaşma yoğunluğu: çok yoğun<br>Nüfus yoğunluğu: seyrek<br>Yaşlı nüfus oranı: orta<br>Çocuk nüfus oranı: orta<br>Sosyoekonomik gelişmişlik: düşük"}, "geometry": {"type": "LineString", "coordinates": [[30.4945022, 39.797008], [30.4949341, 39.7972693]]}, "bbox": [30.4945022, 39.797008, 30.4949341, 39.7972693]}, {"id": "4283", "type": "Feature", "properties": {"name": null, "_mahalle_str": "Esentepe Mahallesi", "_hvi_str": "%55", "_aciklama_str": "Sıcaklık: yüksek<br>Ağaç örtüsü: düşük<br>Hastaneye uzaklık: orta<br>Yeşil alana uzaklık: orta<br>Yapılaşma yoğunluğu: çok yoğun<br>Nüfus yoğunluğu: seyrek<br>Yaşlı nüfus oranı: orta<br>Çocuk nüfus oranı: orta<br>Sosyoekonomik gelişmişlik: düşük"}, "geometry": {"type": "LineString", "coordinates": [[30.5101965, 39.8005407], [30.5114914, 39.800708]]}, "bbox": [30.5101965, 39.8005407, 30.5114914, 39.800708]}, {"id": "4297", "type": "Feature", "properties": {"name": "Görgülü Sokak", "_mahalle_str": "Sütlüce Mahallesi", "_hvi_str": "%54", "_aciklama_str": "Sıcaklık: yüksek<br>Ağaç örtüsü: çok düşük<br>Hastaneye uzaklık: orta<br>Yeşil alana uzaklık: uzak<br>Yapılaşma yoğunluğu: çok yoğun<br>Nüfus yoğunluğu: seyrek<br>Yaşlı nüfus oranı: orta<br>Çocuk nüfus oranı: orta<br>Sosyoekonomik gelişmişlik: düşük"}, "geometry": {"type": "LineString", "coordinates": [[30.5073901, 39.7984817], [30.5074703, 39.7982029]]}, "bbox": [30.5073901, 39.7982029, 30.5074703, 39.7984817]}, {"id": "4304", "type": "Feature", "properties": {"name": null, "_mahalle_str": "Şirintepe Mahallesi", "_hvi_str": "%53", "_aciklama_str": "Sıcaklık: yüksek<br>Ağaç örtüsü: düşük<br>Hastaneye uzaklık: uzak<br>Yeşil alana uzaklık: yakın<br>Yapılaşma yoğunluğu: çok yoğun<br>Nüfus yoğunluğu: seyrek<br>Yaşlı nüfus oranı: orta<br>Çocuk nüfus oranı: orta<br>Sosyoekonomik gelişmişlik: düşük"}, "geometry": {"type": "LineString", "coordinates": [[30.479549, 39.796635], [30.4799152, 39.7968441]]}, "bbox": [30.479549, 39.796635, 30.4799152, 39.7968441]}, {"id": "4318", "type": "Feature", "properties": {"name": "Cansu Sk.", "_mahalle_str": "Şirintepe Mahallesi", "_hvi_str": "%53", "_aciklama_str": "Sıcaklık: yüksek<br>Ağaç örtüsü: çok düşük<br>Hastaneye uzaklık: uzak<br>Yeşil alana uzaklık: çok yakın<br>Yapılaşma yoğunluğu: çok yoğun<br>Nüfus yoğunluğu: seyrek<br>Yaşlı nüfus oranı: orta<br>Çocuk nüfus oranı: orta<br>Sosyoekonomik gelişmişlik: düşük"}, "geometry": {"type": "LineString", "coordinates": [[30.4794235, 39.796875], [30.4798872, 39.7969674], [30.480298, 39.797051]]}, "bbox": [30.4794235, 39.796875, 30.480298, 39.797051]}, {"id": "4326", "type": "Feature", "properties": {"name": null, "_mahalle_str": "Esentepe Mahallesi", "_hvi_str": "%57", "_aciklama_str": "Sıcaklık: orta<br>Ağaç örtüsü: düşük<br>Hastaneye uzaklık: yakın<br>Yeşil alana uzaklık: orta<br>Yapılaşma yoğunluğu: çok yoğun<br>Nüfus yoğunluğu: seyrek<br>Yaşlı nüfus oranı: orta<br>Çocuk nüfus oranı: orta<br>Sosyoekonomik gelişmişlik: düşük"}, "geometry": {"type": "LineString", "coordinates": [[30.5149012, 39.7985847], [30.5153672, 39.7985422], [30.5163397, 39.7984155]]}, "bbox": [30.5149012, 39.7984155, 30.5163397, 39.7985847]}, {"id": "4329", "type": "Feature", "properties": {"name": "Adıgüzel Sokak", "_mahalle_str": "Şirintepe Mahallesi", "_hvi_str": "%51", "_aciklama_str": "Sıcaklık: orta<br>Ağaç örtüsü: düşük<br>Hastaneye uzaklık: uzak<br>Yeşil alana uzaklık: çok yakın<br>Yapılaşma yoğunluğu: çok yoğun<br>Nüfus yoğunluğu: seyrek<br>Yaşlı nüfus oranı: orta<br>Çocuk nüfus oranı: orta<br>Sosyoekonomik gelişmişlik: düşük"}, "geometry": {"type": "LineString", "coordinates": [[30.4784013, 39.7980912], [30.4785032, 39.7977591], [30.478743, 39.7971381]]}, "bbox": [30.4784013, 39.7971381, 30.478743, 39.7980912]}, {"id": "4356", "type": "Feature", "properties": {"name": null, "_mahalle_str": "Sütlüce Mahallesi", "_hvi_str": "%55", "_aciklama_str": "Sıcaklık: çok yüksek<br>Ağaç örtüsü: düşük<br>Hastaneye uzaklık: uzak<br>Yeşil alana uzaklık: yakın<br>Yapılaşma yoğunluğu: çok yoğun<br>Nüfus yoğunluğu: seyrek<br>Yaşlı nüfus oranı: orta<br>Çocuk nüfus oranı: orta<br>Sosyoekonomik gelişmişlik: düşük"}, "geometry": {"type": "LineString", "coordinates": [[30.5084567, 39.802527], [30.5084514, 39.8023724], [30.5084782, 39.8022603], [30.5086363, 39.8018805]]}, "bbox": [30.5084514, 39.8018805, 30.5086363, 39.802527]}, {"id": "4361", "type": "Feature", "properties": {"name": "Ufuk Deniz Sokak", "_mahalle_str": "Şirintepe Mahallesi", "_hvi_str": "%56", "_aciklama_str": "Sıcaklık: çok yüksek<br>Ağaç örtüsü: çok düşük<br>Hastaneye uzaklık: uzak<br>Yeşil alana uzaklık: yakın<br>Yapılaşma yoğunluğu: çok yoğun<br>Nüfus yoğunluğu: seyrek<br>Yaşlı nüfus oranı: orta<br>Çocuk nüfus oranı: orta<br>Sosyoekonomik gelişmişlik: düşük"}, "geometry": {"type": "LineString", "coordinates": [[30.4795858, 39.7955047], [30.4793162, 39.7954382], [30.479314, 39.7953813], [30.4795463, 39.7948182]]}, "bbox": [30.479314, 39.7948182, 30.4795858, 39.7955047]}, {"id": "4367", "type": "Feature", "properties": {"name": "Çamgeliş Sk.", "_mahalle_str": "Şirintepe Mahallesi", "_hvi_str": "%52", "_aciklama_str": "Sıcaklık: orta<br>Ağaç örtüsü: düşük<br>Hastaneye uzaklık: uzak<br>Yeşil alana uzaklık: çok yakın<br>Yapılaşma yoğunluğu: çok yoğun<br>Nüfus yoğunluğu: seyrek<br>Yaşlı nüfus oranı: orta<br>Çocuk nüfus oranı: orta<br>Sosyoekonomik gelişmişlik: düşük"}, "geometry": {"type": "LineString", "coordinates": [[30.4767941, 39.7975469], [30.4770101, 39.7969665], [30.4770782, 39.7967489], [30.4773229, 39.7962323], [30.4774675, 39.7958258]]}, "bbox": [30.4767941, 39.7958258, 30.4774675, 39.7975469]}, {"id": "4386", "type": "Feature", "properties": {"name": null, "_mahalle_str": "Fevziçakmak Mahallesi", "_hvi_str": "%50", "_aciklama_str": "Sıcaklık: çok yüksek<br>Ağaç örtüsü: orta<br>Hastaneye uzaklık: orta<br>Yeşil alana uzaklık: uzak<br>Yapılaşma yoğunluğu: yoğun<br>Nüfus yoğunluğu: seyrek<br>Yaşlı nüfus oranı: orta<br>Çocuk nüfus oranı: orta<br>Sosyoekonomik gelişmişlik: düşük"}, "geometry": {"type": "LineString", "coordinates": [[30.5499409, 39.7914096], [30.5502464, 39.7914439], [30.5505334, 39.7914868], [30.5507644, 39.7915261], [30.5513262, 39.7916008], [30.5518242, 39.7916876]]}, "bbox": [30.5499409, 39.7914096, 30.5518242, 39.7916876]}, {"id": "4387", "type": "Feature", "properties": {"name": null, "_mahalle_str": "Sütlüce Mahallesi", "_hvi_str": "%54", "_aciklama_str": "Sıcaklık: çok yüksek<br>Ağaç örtüsü: düşük<br>Hastaneye uzaklık: orta<br>Yeşil alana uzaklık: uzak<br>Yapılaşma yoğunluğu: çok yoğun<br>Nüfus yoğunluğu: seyrek<br>Yaşlı nüfus oranı: orta<br>Çocuk nüfus oranı: orta<br>Sosyoekonomik gelişmişlik: düşük"}, "geometry": {"type": "LineString", "coordinates": [[30.5074509, 39.8007602], [30.5082934, 39.8008664], [30.5087401, 39.8009081], [30.508819, 39.8009164], [30.509006, 39.8009393], [30.5098904, 39.8010355]]}, "bbox": [30.5074509, 39.8007602, 30.5098904, 39.8010355]}, {"id": "4388", "type": "Feature", "properties": {"name": "Erikli Sokak", "_mahalle_str": "Sütlüce Mahallesi", "_hvi_str": "%53", "_aciklama_str": "Sıcaklık: yüksek<br>Ağaç örtüsü: düşük<br>Hastaneye uzaklık: orta<br>Yeşil alana uzaklık: orta<br>Yapılaşma yoğunluğu: çok yoğun<br>Nüfus yoğunluğu: seyrek<br>Yaşlı nüfus oranı: orta<br>Çocuk nüfus oranı: orta<br>Sosyoekonomik gelişmişlik: düşük"}, "geometry": {"type": "LineString", "coordinates": [[30.5067477, 39.797961], [30.507178, 39.7981155], [30.5074066, 39.7981846], [30.5074703, 39.7982029], [30.5076109, 39.7982332], [30.5078756, 39.7982748]]}, "bbox": [30.5067477, 39.797961, 30.5078756, 39.7982748]}, {"id": "4400", "type": "Feature", "properties": {"name": null, "_mahalle_str": "Şirintepe Mahallesi", "_hvi_str": "%51", "_aciklama_str": "Sıcaklık: çok yüksek<br>Ağaç örtüsü: düşük<br>Hastaneye uzaklık: uzak<br>Yeşil alana uzaklık: uzak<br>Yapılaşma yoğunluğu: yoğun<br>Nüfus yoğunluğu: seyrek<br>Yaşlı nüfus oranı: orta<br>Çocuk nüfus oranı: orta<br>Sosyoekonomik gelişmişlik: düşük"}, "geometry": {"type": "LineString", "coordinates": [[30.4800434, 39.8003854], [30.481613, 39.8004237]]}, "bbox": [30.4800434, 39.8003854, 30.481613, 39.8004237]}, {"id": "4402", "type": "Feature", "properties": {"name": null, "_mahalle_str": "Esentepe Mahallesi", "_hvi_str": "%55", "_aciklama_str": "Sıcaklık: orta<br>Ağaç örtüsü: düşük<br>Hastaneye uzaklık: çok yakın<br>Yeşil alana uzaklık: uzak<br>Yapılaşma yoğunluğu: çok yoğun<br>Nüfus yoğunluğu: seyrek<br>Yaşlı nüfus oranı: orta<br>Çocuk nüfus oranı: orta<br>Sosyoekonomik gelişmişlik: düşük"}, "geometry": {"type": "LineString", "coordinates": [[30.5146486, 39.7990396], [30.5149422, 39.7990205], [30.5154835, 39.798999], [30.5156076, 39.7989768], [30.5166142, 39.7987687]]}, "bbox": [30.5146486, 39.7987687, 30.5166142, 39.7990396]}, {"id": "4408", "type": "Feature", "properties": {"name": "Kirazbakan Sokak", "_mahalle_str": "Şirintepe Mahallesi", "_hvi_str": "%53", "_aciklama_str": "Sıcaklık: yüksek<br>Ağaç örtüsü: çok düşük<br>Hastaneye uzaklık: yakın<br>Yeşil alana uzaklık: uzak<br>Yapılaşma yoğunluğu: çok yoğun<br>Nüfus yoğunluğu: seyrek<br>Yaşlı nüfus oranı: orta<br>Çocuk nüfus oranı: orta<br>Sosyoekonomik gelişmişlik: düşük"}, "geometry": {"type": "LineString", "coordinates": [[30.4838127, 39.7947414], [30.483929, 39.794147], [30.4839653, 39.7940702], [30.4840007, 39.7940505], [30.4840908, 39.7940497], [30.484187, 39.7940663], [30.4842615, 39.7940929], [30.4843313, 39.7941589], [30.484346, 39.7942156], [30.4843273, 39.7943197], [30.4842377, 39.7948102]]}, "bbox": [30.4838127, 39.7940497, 30.484346, 39.7948102]}, {"id": "4412", "type": "Feature", "properties": {"name": "Zevye Sokak", "_mahalle_str": "Şirintepe Mahallesi", "_hvi_str": "%53", "_aciklama_str": "Sıcaklık: orta<br>Ağaç örtüsü: çok düşük<br>Hastaneye uzaklık: uzak<br>Yeşil alana uzaklık: yakın<br>Yapılaşma yoğunluğu: çok yoğun<br>Nüfus yoğunluğu: seyrek<br>Yaşlı nüfus oranı: orta<br>Çocuk nüfus oranı: orta<br>Sosyoekonomik gelişmişlik: düşük"}, "geometry": {"type": "LineString", "coordinates": [[30.4761594, 39.7964001], [30.476526, 39.7965325], [30.476648, 39.7965812], [30.4768927, 39.7966766], [30.4770782, 39.7967489], [30.4775025, 39.7968942], [30.4779055, 39.7969849], [30.4782875, 39.7970585], [30.4785151, 39.7970985], [30.478743, 39.7971381], [30.4792408, 39.7972245]]}, "bbox": [30.4761594, 39.7964001, 30.4792408, 39.7972245]}, {"id": "4416", "type": "Feature", "properties": {"name": null, "_mahalle_str": "Eskibağlar Mahallesi", "_hvi_str": "%53", "_aciklama_str": "Sıcaklık: çok yüksek<br>Ağaç örtüsü: düşük<br>Hastaneye uzaklık: yakın<br>Yeşil alana uzaklık: uzak<br>Yapılaşma yoğunluğu: çok yoğun<br>Nüfus yoğunluğu: seyrek<br>Yaşlı nüfus oranı: orta<br>Çocuk nüfus oranı: orta<br>Sosyoekonomik gelişmişlik: düşük"}, "geometry": {"type": "LineString", "coordinates": [[30.5124015, 39.7854208], [30.5124972, 39.7854163], [30.5127264, 39.7853967], [30.5129572, 39.7853792], [30.5131655, 39.7853364], [30.5133474, 39.7852989], [30.5136826, 39.7852359]]}, "bbox": [30.5124015, 39.7852359, 30.5136826, 39.7854208]}, {"id": "4428", "type": "Feature", "properties": {"name": "Mutluhan Sokak", "_mahalle_str": "Şirintepe Mahallesi", "_hvi_str": "%55", "_aciklama_str": "Sıcaklık: yüksek<br>Ağaç örtüsü: düşük<br>Hastaneye uzaklık: uzak<br>Yeşil alana uzaklık: yakın<br>Yapılaşma yoğunluğu: çok yoğun<br>Nüfus yoğunluğu: seyrek<br>Yaşlı nüfus oranı: orta<br>Çocuk nüfus oranı: orta<br>Sosyoekonomik gelişmişlik: düşük"}, "geometry": {"type": "LineString", "coordinates": [[30.4796349, 39.7963567], [30.4798589, 39.7959683], [30.4800183, 39.7957177], [30.4801245, 39.7956332], [30.4801776, 39.7955152], [30.4802269, 39.7954058], [30.4802951, 39.7952341], [30.4804095, 39.794946], [30.4806273, 39.7943518]]}, "bbox": [30.4796349, 39.7943518, 30.4806273, 39.7963567]}, {"id": "4473", "type": "Feature", "properties": {"name": "Çatalçeşme Sokak", "_mahalle_str": "Ömerağa Mahallesi", "_hvi_str": "%56", "_aciklama_str": "Sıcaklık: çok yüksek<br>Ağaç örtüsü: orta<br>Hastaneye uzaklık: yakın<br>Yeşil alana uzaklık: çok uzak<br>Yapılaşma yoğunluğu: çok yoğun<br>Nüfus yoğunluğu: seyrek<br>Yaşlı nüfus oranı: orta<br>Çocuk nüfus oranı: orta<br>Sosyoekonomik gelişmişlik: düşük"}, "geometry": {"type": "LineString", "coordinates": [[30.5215619, 39.7832807], [30.5218322, 39.7835205], [30.5219833, 39.7834896]]}, "bbox": [30.5215619, 39.7832807, 30.5219833, 39.7835205]}, {"id": "4493", "type": "Feature", "properties": {"name": null, "_mahalle_str": "Güllük Mahallesi", "_hvi_str": "%53", "_aciklama_str": "Sıcaklık: çok yüksek<br>Ağaç örtüsü: yüksek<br>Hastaneye uzaklık: çok yakın<br>Yeşil alana uzaklık: çok uzak<br>Yapılaşma yoğunluğu: çok yoğun<br>Nüfus yoğunluğu: seyrek<br>Yaşlı nüfus oranı: orta<br>Çocuk nüfus oranı: orta<br>Sosyoekonomik gelişmişlik: düşük"}, "geometry": {"type": "LineString", "coordinates": [[30.51879, 39.7846327], [30.5183722, 39.7846086]]}, "bbox": [30.5183722, 39.7846086, 30.51879, 39.7846327]}, {"id": "4764", "type": "Feature", "properties": {"name": null, "_mahalle_str": "Gündoğdu Mahallesi", "_hvi_str": "%58", "_aciklama_str": "Sıcaklık: yüksek<br>Ağaç örtüsü: yüksek<br>Hastaneye uzaklık: çok uzak<br>Yeşil alana uzaklık: orta<br>Yapılaşma yoğunluğu: çok yoğun<br>Nüfus yoğunluğu: çok yoğun<br>Yaşlı nüfus oranı: orta<br>Çocuk nüfus oranı: orta<br>Sosyoekonomik gelişmişlik: çok yüksek"}, "geometry": {"type": "LineString", "coordinates": [[30.5692576, 39.765168], [30.5695192, 39.7648911], [30.5696916, 39.764676], [30.5697308, 39.7646215], [30.5699559, 39.7643088], [30.5701999, 39.7639734], [30.5703677, 39.7637428], [30.5704611, 39.7636323], [30.5706477, 39.7633553], [30.5708244, 39.7630956]]}, "bbox": [30.5692576, 39.7630956, 30.5708244, 39.765168]}, {"id": "4765", "type": "Feature", "properties": {"name": null, "_mahalle_str": "Gündoğdu Mahallesi", "_hvi_str": "%56", "_aciklama_str": "Sıcaklık: yüksek<br>Ağaç örtüsü: çok yüksek<br>Hastaneye uzaklık: çok uzak<br>Yeşil alana uzaklık: yakın<br>Yapılaşma yoğunluğu: çok yoğun<br>Nüfus yoğunluğu: çok yoğun<br>Yaşlı nüfus oranı: orta<br>Çocuk nüfus oranı: orta<br>Sosyoekonomik gelişmişlik: çok yüksek"}, "geometry": {"type": "LineString", "coordinates": [[30.5704869, 39.7684396], [30.5704779, 39.7683477], [30.5704735, 39.7680968], [30.5704452, 39.7677408], [30.5703769, 39.7672747], [30.5703525, 39.7671088], [30.5703371, 39.7668724], [30.5702668, 39.7665442], [30.5702668, 39.7662701], [30.5702231, 39.7655149]]}, "bbox": [30.5702231, 39.7655149, 30.5704869, 39.7684396]}, {"id": "4766", "type": "Feature", "properties": {"name": null, "_mahalle_str": "Gündoğdu Mahallesi", "_hvi_str": "%56", "_aciklama_str": "Sıcaklık: yüksek<br>Ağaç örtüsü: orta<br>Hastaneye uzaklık: çok uzak<br>Yeşil alana uzaklık: orta<br>Yapılaşma yoğunluğu: yoğun<br>Nüfus yoğunluğu: çok yoğun<br>Yaşlı nüfus oranı: orta<br>Çocuk nüfus oranı: orta<br>Sosyoekonomik gelişmişlik: çok yüksek"}, "geometry": {"type": "LineString", "coordinates": [[30.5677118, 39.7647332], [30.5682053, 39.764539], [30.5683623, 39.7644773], [30.5686483, 39.7643541], [30.5688285, 39.7642765], [30.568977, 39.7646663], [30.5690149, 39.7647523], [30.5692576, 39.765168], [30.5693048, 39.7652372], [30.569584, 39.7654832]]}, "bbox": [30.5677118, 39.7642765, 30.569584, 39.7654832]}, {"id": "4767", "type": "Feature", "properties": {"name": null, "_mahalle_str": "Gündoğdu Mahallesi", "_hvi_str": "%63", "_aciklama_str": "Sıcaklık: çok yüksek<br>Ağaç örtüsü: yüksek<br>Hastaneye uzaklık: çok uzak<br>Yeşil alana uzaklık: çok uzak<br>Yapılaşma yoğunluğu: çok yoğun<br>Nüfus yoğunluğu: çok yoğun<br>Yaşlı nüfus oranı: orta<br>Çocuk nüfus oranı: orta<br>Sosyoekonomik gelişmişlik: çok yüksek"}, "geometry": {"type": "LineString", "coordinates": [[30.5662851, 39.7658416], [30.5665589, 39.7664052], [30.5666736, 39.7672457], [30.5666848, 39.7673822], [30.5667737, 39.7684646], [30.566804, 39.7688327], [30.5668088, 39.7689545], [30.5668262, 39.7693969], [30.5668402, 39.7697514], [30.5668474, 39.7700019], [30.5669271, 39.7701912], [30.566921, 39.7711112]]}, "bbox": [30.5662851, 39.7658416, 30.5669271, 39.7711112]}, {"id": "4768", "type": "Feature", "properties": {"name": null, "_mahalle_str": "Gündoğdu Mahallesi", "_hvi_str": "%62", "_aciklama_str": "Sıcaklık: çok yüksek<br>Ağaç örtüsü: orta<br>Hastaneye uzaklık: çok uzak<br>Yeşil alana uzaklık: uzak<br>Yapılaşma yoğunluğu: çok yoğun<br>Nüfus yoğunluğu: çok yoğun<br>Yaşlı nüfus oranı: orta<br>Çocuk nüfus oranı: orta<br>Sosyoekonomik gelişmişlik: çok yüksek"}, "geometry": {"type": "LineString", "coordinates": [[30.5655536, 39.7674344], [30.5661195, 39.7674178], [30.5662314, 39.7674146], [30.5666848, 39.7673822], [30.5671396, 39.7673278], [30.5673686, 39.7673004], [30.5675999, 39.7672726], [30.5680543, 39.7672181], [30.5682548, 39.7671941], [30.5685047, 39.7671631], [30.5689862, 39.767116], [30.5689817, 39.7669941], [30.5688985, 39.7665469], [30.5688104, 39.7657149]]}, "bbox": [30.5655536, 39.7657149, 30.5689862, 39.7674344]}, {"id": "4769", "type": "Feature", "properties": {"name": null, "_mahalle_str": "Gündoğdu Mahallesi", "_hvi_str": "%56", "_aciklama_str": "Sıcaklık: yüksek<br>Ağaç örtüsü: yüksek<br>Hastaneye uzaklık: çok uzak<br>Yeşil alana uzaklık: çok uzak<br>Yapılaşma yoğunluğu: yoğun<br>Nüfus yoğunluğu: çok yoğun<br>Yaşlı nüfus oranı: orta<br>Çocuk nüfus oranı: orta<br>Sosyoekonomik gelişmişlik: çok yüksek"}, "geometry": {"type": "LineString", "coordinates": [[30.5731379, 39.7633104], [30.5737414, 39.7633031], [30.573976, 39.7633037], [30.5745759, 39.7633073], [30.574938, 39.7633403], [30.5751172, 39.7637315], [30.5752747, 39.7642681], [30.5754341, 39.764825], [30.5756877, 39.76458], [30.5757974, 39.7643996], [30.5760066, 39.7642089], [30.5762641, 39.7639295], [30.5763955, 39.7637481], [30.5763432, 39.7636986], [30.5762373, 39.7636192], [30.5759722, 39.7633716]]}, "bbox": [30.5731379, 39.7633031, 30.5763955, 39.764825]}, {"id": "4770", "type": "Feature", "properties": {"name": null, "_mahalle_str": "Gündoğdu Mahallesi", "_hvi_str": "%64", "_aciklama_str": "Sıcaklık: çok yüksek<br>Ağaç örtüsü: orta<br>Hastaneye uzaklık: çok uzak<br>Yeşil alana uzaklık: uzak<br>Yapılaşma yoğunluğu: çok yoğun<br>Nüfus yoğunluğu: çok yoğun<br>Yaşlı nüfus oranı: orta<br>Çocuk nüfus oranı: orta<br>Sosyoekonomik gelişmişlik: çok yüksek"}, "geometry": {"type": "LineString", "coordinates": [[30.5650123, 39.7684776], [30.5655759, 39.7684751], [30.5658933, 39.7684737], [30.5661649, 39.7684709], [30.5667737, 39.7684646], [30.567225, 39.7684547], [30.5674352, 39.7684501], [30.5676847, 39.76844], [30.5681409, 39.7684216], [30.5686054, 39.7684029], [30.5690727, 39.7683808], [30.5695088, 39.7683599], [30.5698581, 39.7683595], [30.5700039, 39.7683567], [30.5704779, 39.7683477]]}, "bbox": [30.5650123, 39.7683477, 30.5704779, 39.7684776]}, {"id": "4771", "type": "Feature", "properties": {"name": null, "_mahalle_str": "Gündoğdu Mahallesi", "_hvi_str": "%59", "_aciklama_str": "Sıcaklık: çok yüksek<br>Ağaç örtüsü: düşük<br>Hastaneye uzaklık: çok uzak<br>Yeşil alana uzaklık: orta<br>Yapılaşma yoğunluğu: yoğun<br>Nüfus yoğunluğu: çok yoğun<br>Yaşlı nüfus oranı: orta<br>Çocuk nüfus oranı: orta<br>Sosyoekonomik gelişmişlik: çok yüksek"}, "geometry": {"type": "LineString", "coordinates": [[30.5704849, 39.7700581], [30.5710619, 39.7700964], [30.5711926, 39.770105], [30.5716209, 39.7701302], [30.571797, 39.7701405], [30.5721607, 39.7701523], [30.5722171, 39.7695184], [30.5722478, 39.7693212], [30.5722734, 39.7691129], [30.5722529, 39.7689396], [30.5722842, 39.7687448], [30.5718733, 39.7686416], [30.5717817, 39.7686207], [30.5708187, 39.768475], [30.5704869, 39.7684396], [30.5705206, 39.7687895], [30.5705315, 39.7692029]]}, "bbox": [30.5704849, 39.7684396, 30.5722842, 39.7701523]}, {"id": "4772", "type": "Feature", "properties": {"name": null, "_mahalle_str": "Gündoğdu Mahallesi", "_hvi_str": "%56", "_aciklama_str": "Sıcaklık: çok yüksek<br>Ağaç örtüsü: yüksek<br>Hastaneye uzaklık: çok uzak<br>Yeşil alana uzaklık: uzak<br>Yapılaşma yoğunluğu: yoğun<br>Nüfus yoğunluğu: çok yoğun<br>Yaşlı nüfus oranı: orta<br>Çocuk nüfus oranı: orta<br>Sosyoekonomik gelişmişlik: çok yüksek"}, "geometry": {"type": "LineString", "coordinates": [[30.5684566, 39.7636962], [30.5687081, 39.7634514], [30.5691837, 39.7630574], [30.5693023, 39.7629592], [30.5696506, 39.7626521], [30.5699945, 39.7627759], [30.5702831, 39.7628927], [30.5703792, 39.7629342], [30.5708244, 39.7630956], [30.5710746, 39.7631955], [30.5712692, 39.7632664], [30.571249, 39.7634829], [30.5712405, 39.7635739], [30.5712129, 39.7638688], [30.5712098, 39.7639167], [30.5711675, 39.764566], [30.5711617, 39.7646563], [30.5711555, 39.764987]]}, "bbox": [30.5684566, 39.7626521, 30.5712692, 39.764987]}, {"id": "4774", "type": "Feature", "properties": {"name": null, "_mahalle_str": "Gündoğdu Mahallesi", "_hvi_str": "%59", "_aciklama_str": "Sıcaklık: çok yüksek<br>Ağaç örtüsü: orta<br>Hastaneye uzaklık: çok uzak<br>Yeşil alana uzaklık: uzak<br>Yapılaşma yoğunluğu: yoğun<br>Nüfus yoğunluğu: çok yoğun<br>Yaşlı nüfus oranı: orta<br>Çocuk nüfus oranı: orta<br>Sosyoekonomik gelişmişlik: çok yüksek"}, "geometry": {"type": "LineString", "coordinates": [[30.5703769, 39.7672747], [30.570833, 39.7673526], [30.5712568, 39.7674073], [30.5717259, 39.767507], [30.5721635, 39.7675971], [30.5723298, 39.7676325], [30.5724066, 39.7676285], [30.5726012, 39.7675537], [30.5726627, 39.7675459], [30.5728358, 39.7675791], [30.573134, 39.7676364], [30.5732637, 39.7676659], [30.5736878, 39.7677623], [30.5739484, 39.7678215], [30.5741055, 39.7678505], [30.5746515, 39.7679516], [30.5754493, 39.7681246], [30.5762079, 39.7682775]]}, "bbox": [30.5703769, 39.7672747, 30.5762079, 39.7682775]}, {"id": "4776", "type": "Feature", "properties": {"name": null, "_mahalle_str": "Gündoğdu Mahallesi", "_hvi_str": "%52", "_aciklama_str": "Sıcaklık: çok yüksek<br>Ağaç örtüsü: yüksek<br>Hastaneye uzaklık: çok uzak<br>Yeşil alana uzaklık: uzak<br>Yapılaşma yoğunluğu: orta<br>Nüfus yoğunluğu: çok yoğun<br>Yaşlı nüfus oranı: orta<br>Çocuk nüfus oranı: orta<br>Sosyoekonomik gelişmişlik: çok yüksek"}, "geometry": {"type": "LineString", "coordinates": [[30.5721607, 39.7701523], [30.5721032, 39.7708682]]}, "bbox": [30.5721032, 39.7701523, 30.5721607, 39.7708682]}, {"id": "4779", "type": "Feature", "properties": {"name": null, "_mahalle_str": "Gündoğdu Mahallesi", "_hvi_str": "%57", "_aciklama_str": "Sıcaklık: çok yüksek<br>Ağaç örtüsü: yüksek<br>Hastaneye uzaklık: çok uzak<br>Yeşil alana uzaklık: uzak<br>Yapılaşma yoğunluğu: yoğun<br>Nüfus yoğunluğu: çok yoğun<br>Yaşlı nüfus oranı: orta<br>Çocuk nüfus oranı: orta<br>Sosyoekonomik gelişmişlik: çok yüksek"}, "geometry": {"type": "LineString", "coordinates": [[30.5722478, 39.7693212], [30.5727138, 39.7697559]]}, "bbox": [30.5722478, 39.7693212, 30.5727138, 39.7697559]}, {"id": "4781", "type": "Feature", "properties": {"name": null, "_mahalle_str": "Gündoğdu Mahallesi", "_hvi_str": "%63", "_aciklama_str": "Sıcaklık: çok yüksek<br>Ağaç örtüsü: çok düşük<br>Hastaneye uzaklık: çok uzak<br>Yeşil alana uzaklık: uzak<br>Yapılaşma yoğunluğu: çok yoğun<br>Nüfus yoğunluğu: çok yoğun<br>Yaşlı nüfus oranı: orta<br>Çocuk nüfus oranı: orta<br>Sosyoekonomik gelişmişlik: çok yüksek"}, "geometry": {"type": "LineString", "coordinates": [[30.5706477, 39.7633553], [30.5712405, 39.7635739]]}, "bbox": [30.5706477, 39.7633553, 30.5712405, 39.7635739]}, {"id": "4783", "type": "Feature", "properties": {"name": null, "_mahalle_str": "Gündoğdu Mahallesi", "_hvi_str": "%59", "_aciklama_str": "Sıcaklık: çok yüksek<br>Ağaç örtüsü: yüksek<br>Hastaneye uzaklık: çok uzak<br>Yeşil alana uzaklık: uzak<br>Yapılaşma yoğunluğu: yoğun<br>Nüfus yoğunluğu: çok yoğun<br>Yaşlı nüfus oranı: orta<br>Çocuk nüfus oranı: orta<br>Sosyoekonomik gelişmişlik: çok yüksek"}, "geometry": {"type": "LineString", "coordinates": [[30.5732637, 39.7676659], [30.5735593, 39.7668269]]}, "bbox": [30.5732637, 39.7668269, 30.5735593, 39.7676659]}, {"id": "4787", "type": "Feature", "properties": {"name": null, "_mahalle_str": "Gündoğdu Mahallesi", "_hvi_str": "%58", "_aciklama_str": "Sıcaklık: çok yüksek<br>Ağaç örtüsü: yüksek<br>Hastaneye uzaklık: çok uzak<br>Yeşil alana uzaklık: yakın<br>Yapılaşma yoğunluğu: çok yoğun<br>Nüfus yoğunluğu: çok yoğun<br>Yaşlı nüfus oranı: orta<br>Çocuk nüfus oranı: orta<br>Sosyoekonomik gelişmişlik: çok yüksek"}, "geometry": {"type": "LineString", "coordinates": [[30.5711254, 39.7678175], [30.5712568, 39.7674073], [30.5712168, 39.7668417]]}, "bbox": [30.5711254, 39.7668417, 30.5712568, 39.7678175]}, {"id": "4788", "type": "Feature", "properties": {"name": null, "_mahalle_str": "Gündoğdu Mahallesi", "_hvi_str": "%59", "_aciklama_str": "Sıcaklık: çok yüksek<br>Ağaç örtüsü: orta<br>Hastaneye uzaklık: çok uzak<br>Yeşil alana uzaklık: çok yakın<br>Yapılaşma yoğunluğu: çok yoğun<br>Nüfus yoğunluğu: çok yoğun<br>Yaşlı nüfus oranı: orta<br>Çocuk nüfus oranı: orta<br>Sosyoekonomik gelişmişlik: çok yüksek"}, "geometry": {"type": "LineString", "coordinates": [[30.5713587, 39.7656023], [30.5711555, 39.764987]]}, "bbox": [30.5711555, 39.764987, 30.5713587, 39.7656023]}, {"id": "4789", "type": "Feature", "properties": {"name": null, "_mahalle_str": "Gündoğdu Mahallesi", "_hvi_str": "%60", "_aciklama_str": "Sıcaklık: çok yüksek<br>Ağaç örtüsü: orta<br>Hastaneye uzaklık: çok uzak<br>Yeşil alana uzaklık: uzak<br>Yapılaşma yoğunluğu: yoğun<br>Nüfus yoğunluğu: çok yoğun<br>Yaşlı nüfus oranı: orta<br>Çocuk nüfus oranı: orta<br>Sosyoekonomik gelişmişlik: çok yüksek"}, "geometry": {"type": "LineString", "coordinates": [[30.5714178, 39.7630183], [30.5712692, 39.7632664]]}, "bbox": [30.5712692, 39.7630183, 30.5714178, 39.7632664]}, {"id": "4790", "type": "Feature", "properties": {"name": null, "_mahalle_str": "Gündoğdu Mahallesi", "_hvi_str": "%59", "_aciklama_str": "Sıcaklık: yüksek<br>Ağaç örtüsü: düşük<br>Hastaneye uzaklık: çok uzak<br>Yeşil alana uzaklık: orta<br>Yapılaşma yoğunluğu: çok yoğun<br>Nüfus yoğunluğu: çok yoğun<br>Yaşlı nüfus oranı: orta<br>Çocuk nüfus oranı: orta<br>Sosyoekonomik gelişmişlik: çok yüksek"}, "geometry": {"type": "LineString", "coordinates": [[30.5650123, 39.7684776], [30.564956, 39.7677413]]}, "bbox": [30.564956, 39.7677413, 30.5650123, 39.7684776]}, {"id": "4791", "type": "Feature", "properties": {"name": null, "_mahalle_str": "Gündoğdu Mahallesi", "_hvi_str": "%59", "_aciklama_str": "Sıcaklık: yüksek<br>Ağaç örtüsü: düşük<br>Hastaneye uzaklık: çok uzak<br>Yeşil alana uzaklık: çok yakın<br>Yapılaşma yoğunluğu: çok yoğun<br>Nüfus yoğunluğu: çok yoğun<br>Yaşlı nüfus oranı: orta<br>Çocuk nüfus oranı: orta<br>Sosyoekonomik gelişmişlik: çok yüksek"}, "geometry": {"type": "LineString", "coordinates": [[30.5710842, 39.7664917], [30.5712168, 39.7668417]]}, "bbox": [30.5710842, 39.7664917, 30.5712168, 39.7668417]}, {"id": "4792", "type": "Feature", "properties": {"name": null, "_mahalle_str": "Gündoğdu Mahallesi", "_hvi_str": "%60", "_aciklama_str": "Sıcaklık: yüksek<br>Ağaç örtüsü: orta<br>Hastaneye uzaklık: çok uzak<br>Yeşil alana uzaklık: yakın<br>Yapılaşma yoğunluğu: çok yoğun<br>Nüfus yoğunluğu: çok yoğun<br>Yaşlı nüfus oranı: orta<br>Çocuk nüfus oranı: orta<br>Sosyoekonomik gelişmişlik: çok yüksek"}, "geometry": {"type": "LineString", "coordinates": [[30.570833, 39.7673526], [30.5707867, 39.7668567]]}, "bbox": [30.5707867, 39.7668567, 30.570833, 39.7673526]}, {"id": "4793", "type": "Feature", "properties": {"name": null, "_mahalle_str": "Gündoğdu Mahallesi", "_hvi_str": "%60", "_aciklama_str": "Sıcaklık: çok yüksek<br>Ağaç örtüsü: orta<br>Hastaneye uzaklık: çok uzak<br>Yeşil alana uzaklık: uzak<br>Yapılaşma yoğunluğu: çok yoğun<br>Nüfus yoğunluğu: çok yoğun<br>Yaşlı nüfus oranı: orta<br>Çocuk nüfus oranı: orta<br>Sosyoekonomik gelişmişlik: çok yüksek"}, "geometry": {"type": "LineString", "coordinates": [[30.5652251, 39.7661318], [30.5659069, 39.7659718], [30.5660798, 39.7659128], [30.5662851, 39.7658416], [30.5665933, 39.7657355], [30.5667575, 39.7656851], [30.5673104, 39.765515], [30.5673817, 39.7654919], [30.5677715, 39.7653654], [30.5680327, 39.7653142], [30.5683592, 39.7658534], [30.5684374, 39.7662631], [30.5685047, 39.7671631], [30.5685142, 39.7672908], [30.5686054, 39.7684029], [30.5686218, 39.7686019], [30.5686423, 39.7693893], [30.5686383, 39.7694512], [30.5685808, 39.7703461], [30.5685641, 39.7709893]]}, "bbox": [30.5652251, 39.7653142, 30.5686423, 39.7709893]}, {"id": "4794", "type": "Feature", "properties": {"name": null, "_mahalle_str": "Gündoğdu Mahallesi", "_hvi_str": "%58", "_aciklama_str": "Sıcaklık: yüksek<br>Ağaç örtüsü: yüksek<br>Hastaneye uzaklık: çok uzak<br>Yeşil alana uzaklık: orta<br>Yapılaşma yoğunluğu: yoğun<br>Nüfus yoğunluğu: çok yoğun<br>Yaşlı nüfus oranı: orta<br>Çocuk nüfus oranı: orta<br>Sosyoekonomik gelişmişlik: çok yüksek"}, "geometry": {"type": "LineString", "coordinates": [[30.5689817, 39.7669941], [30.5694339, 39.7669369], [30.569573, 39.7669316], [30.5698976, 39.7669076], [30.5702344, 39.766876], [30.5703371, 39.7668724], [30.5707867, 39.7668567], [30.5712168, 39.7668417], [30.571584, 39.766829], [30.571639, 39.7668262], [30.5718173, 39.7668208], [30.5720746, 39.7668208], [30.5725912, 39.7668302], [30.5729442, 39.7668208], [30.5731186, 39.7668225], [30.5735593, 39.7668269], [30.5737484, 39.7668287], [30.5739961, 39.7668394], [30.5742043, 39.7668484], [30.57443, 39.7668964], [30.5747974, 39.7669555], [30.5764274, 39.7672776], [30.576741, 39.767335]]}, "bbox": [30.5689817, 39.7668208, 30.576741, 39.767335]}, {"id": "4795", "type": "Feature", "properties": {"name": null, "_mahalle_str": "Gündoğdu Mahallesi", "_hvi_str": "%60", "_aciklama_str": "Sıcaklık: çok yüksek<br>Ağaç örtüsü: orta<br>Hastaneye uzaklık: çok uzak<br>Yeşil alana uzaklık: uzak<br>Yapılaşma yoğunluğu: yoğun<br>Nüfus yoğunluğu: çok yoğun<br>Yaşlı nüfus oranı: orta<br>Çocuk nüfus oranı: orta<br>Sosyoekonomik gelişmişlik: çok yüksek"}, "geometry": {"type": "LineString", "coordinates": [[30.570006, 39.7653928], [30.5702231, 39.7655149], [30.5708706, 39.7655333], [30.5709466, 39.7655405], [30.5710736, 39.7655454], [30.5713587, 39.7656023], [30.5714422, 39.7656189], [30.5718028, 39.7657302], [30.5723984, 39.7659825], [30.5726308, 39.7660809], [30.5727433, 39.7661113], [30.5730178, 39.7661855], [30.5732215, 39.7662405], [30.5733889, 39.7662857], [30.5735829, 39.7663366], [30.5740515, 39.7664594], [30.5741621, 39.7664885], [30.5742597, 39.766514], [30.5748936, 39.7666106], [30.5752064, 39.7666491], [30.5758492, 39.7667795], [30.575985, 39.7668078], [30.5763886, 39.7668917], [30.5769709, 39.7670169]]}, "bbox": [30.570006, 39.7653928, 30.5769709, 39.7670169]}, {"id": "4796", "type": "Feature", "properties": {"name": null, "_mahalle_str": "Gündoğdu Mahallesi", "_hvi_str": "%64", "_aciklama_str": "Sıcaklık: çok yüksek<br>Ağaç örtüsü: orta<br>Hastaneye uzaklık: çok uzak<br>Yeşil alana uzaklık: uzak<br>Yapılaşma yoğunluğu: çok yoğun<br>Nüfus yoğunluğu: çok yoğun<br>Yaşlı nüfus oranı: orta<br>Çocuk nüfus oranı: orta<br>Sosyoekonomik gelişmişlik: çok yüksek"}, "geometry": {"type": "LineString", "coordinates": [[30.5636593, 39.7695144], [30.5641818, 39.7694907], [30.5644339, 39.769474], [30.564776, 39.7694514], [30.5650382, 39.7694453], [30.5654521, 39.7694356], [30.5656114, 39.769433], [30.5662159, 39.7694233], [30.5664305, 39.7694199], [30.5668262, 39.7693969], [30.5676306, 39.7694174], [30.5677425, 39.7694202], [30.5681625, 39.7694309], [30.5683462, 39.7694356], [30.5686383, 39.7694512], [30.569087, 39.7694745], [30.5692819, 39.7694801], [30.5695599, 39.7694874], [30.5700347, 39.7695063], [30.570303, 39.7695144], [30.5705386, 39.7695262], [30.5704849, 39.7700581], [30.5704567, 39.7703372], [30.5704259, 39.7707703], [30.5703662, 39.7709023]]}, "bbox": [30.5636593, 39.7693969, 30.5705386, 39.7709023]}, {"id": "4798", "type": "Feature", "properties": {"name": null, "_mahalle_str": "Gündoğdu Mahallesi", "_hvi_str": "%56", "_aciklama_str": "Sıcaklık: çok yüksek<br>Ağaç örtüsü: çok yüksek<br>Hastaneye uzaklık: çok uzak<br>Yeşil alana uzaklık: çok yakın<br>Yapılaşma yoğunluğu: çok yoğun<br>Nüfus yoğunluğu: çok yoğun<br>Yaşlı nüfus oranı: orta<br>Çocuk nüfus oranı: orta<br>Sosyoekonomik gelişmişlik: çok yüksek"}, "geometry": {"type": "LineString", "coordinates": [[30.5704452, 39.7677408], [30.5704786, 39.7677446], [30.5711254, 39.7678175], [30.5720634, 39.767955]]}, "bbox": [30.5704452, 39.7677408, 30.5720634, 39.767955]}, {"id": "4799", "type": "Feature", "properties": {"name": null, "_mahalle_str": "Gündoğdu Mahallesi", "_hvi_str": "%62", "_aciklama_str": "Sıcaklık: çok yüksek<br>Ağaç örtüsü: orta<br>Hastaneye uzaklık: çok uzak<br>Yeşil alana uzaklık: uzak<br>Yapılaşma yoğunluğu: yoğun<br>Nüfus yoğunluğu: çok yoğun<br>Yaşlı nüfus oranı: orta<br>Çocuk nüfus oranı: orta<br>Sosyoekonomik gelişmişlik: çok yüksek"}, "geometry": {"type": "LineString", "coordinates": [[30.5728358, 39.7675791], [30.5731186, 39.7668225], [30.5730178, 39.7661855]]}, "bbox": [30.5728358, 39.7661855, 30.5731186, 39.7675791]}, {"id": "4800", "type": "Feature", "properties": {"name": null, "_mahalle_str": "Gündoğdu Mahallesi", "_hvi_str": "%58", "_aciklama_str": "Sıcaklık: çok yüksek<br>Ağaç örtüsü: yüksek<br>Hastaneye uzaklık: çok uzak<br>Yeşil alana uzaklık: uzak<br>Yapılaşma yoğunluğu: yoğun<br>Nüfus yoğunluğu: çok yoğun<br>Yaşlı nüfus oranı: orta<br>Çocuk nüfus oranı: orta<br>Sosyoekonomik gelişmişlik: çok yüksek"}, "geometry": {"type": "LineString", "coordinates": [[30.5709835, 39.7708887], [30.5710619, 39.7700964], [30.5711209, 39.769288]]}, "bbox": [30.5709835, 39.769288, 30.5711209, 39.7708887]}, {"id": "4801", "type": "Feature", "properties": {"name": null, "_mahalle_str": "Gündoğdu Mahallesi", "_hvi_str": "%57", "_aciklama_str": "Sıcaklık: yüksek<br>Ağaç örtüsü: orta<br>Hastaneye uzaklık: çok uzak<br>Yeşil alana uzaklık: yakın<br>Yapılaşma yoğunluğu: çok yoğun<br>Nüfus yoğunluğu: çok yoğun<br>Yaşlı nüfus oranı: orta<br>Çocuk nüfus oranı: orta<br>Sosyoekonomik gelişmişlik: çok yüksek"}, "geometry": {"type": "LineString", "coordinates": [[30.5690149, 39.7647523], [30.5695192, 39.7648911], [30.5698401, 39.7650343], [30.5702441, 39.7653005]]}, "bbox": [30.5690149, 39.7647523, 30.5702441, 39.7653005]}, {"id": "4802", "type": "Feature", "properties": {"name": null, "_mahalle_str": "Gündoğdu Mahallesi", "_hvi_str": "%56", "_aciklama_str": "Sıcaklık: çok yüksek<br>Ağaç örtüsü: çok yüksek<br>Hastaneye uzaklık: çok uzak<br>Yeşil alana uzaklık: çok yakın<br>Yapılaşma yoğunluğu: çok yoğun<br>Nüfus yoğunluğu: çok yoğun<br>Yaşlı nüfus oranı: orta<br>Çocuk nüfus oranı: orta<br>Sosyoekonomik gelişmişlik: çok yüksek"}, "geometry": {"type": "LineString", "coordinates": [[30.5704735, 39.7680968], [30.5713209, 39.7682027], [30.5719626, 39.7683149]]}, "bbox": [30.5704735, 39.7680968, 30.5719626, 39.7683149]}, {"id": "4803", "type": "Feature", "properties": {"name": null, "_mahalle_str": "Gündoğdu Mahallesi", "_hvi_str": "%60", "_aciklama_str": "Sıcaklık: çok yüksek<br>Ağaç örtüsü: yüksek<br>Hastaneye uzaklık: çok uzak<br>Yeşil alana uzaklık: uzak<br>Yapılaşma yoğunluğu: yoğun<br>Nüfus yoğunluğu: çok yoğun<br>Yaşlı nüfus oranı: orta<br>Çocuk nüfus oranı: orta<br>Sosyoekonomik gelişmişlik: çok yüksek"}, "geometry": {"type": "LineString", "coordinates": [[30.5674514, 39.7710693], [30.5675632, 39.7700997], [30.5676306, 39.7694174]]}, "bbox": [30.5674514, 39.7694174, 30.5676306, 39.7710693]}, {"id": "4804", "type": "Feature", "properties": {"name": null, "_mahalle_str": "Gündoğdu Mahallesi", "_hvi_str": "%60", "_aciklama_str": "Sıcaklık: çok yüksek<br>Ağaç örtüsü: çok yüksek<br>Hastaneye uzaklık: çok uzak<br>Yeşil alana uzaklık: uzak<br>Yapılaşma yoğunluğu: yoğun<br>Nüfus yoğunluğu: çok yoğun<br>Yaşlı nüfus oranı: orta<br>Çocuk nüfus oranı: orta<br>Sosyoekonomik gelişmişlik: çok yüksek"}, "geometry": {"type": "LineString", "coordinates": [[30.5740515, 39.7664594], [30.5736877, 39.7651664], [30.5734321, 39.7642916]]}, "bbox": [30.5734321, 39.7642916, 30.5740515, 39.7664594]}, {"id": "4805", "type": "Feature", "properties": {"name": null, "_mahalle_str": "Gündoğdu Mahallesi", "_hvi_str": "%58", "_aciklama_str": "Sıcaklık: yüksek<br>Ağaç örtüsü: yüksek<br>Hastaneye uzaklık: çok uzak<br>Yeşil alana uzaklık: uzak<br>Yapılaşma yoğunluğu: yoğun<br>Nüfus yoğunluğu: çok yoğun<br>Yaşlı nüfus oranı: orta<br>Çocuk nüfus oranı: orta<br>Sosyoekonomik gelişmişlik: çok yüksek"}, "geometry": {"type": "LineString", "coordinates": [[30.5727608, 39.7644991], [30.572771, 39.7635078], [30.5727599, 39.7626931]]}, "bbox": [30.5727599, 39.7626931, 30.572771, 39.7644991]}, {"id": "4806", "type": "Feature", "properties": {"name": null, "_mahalle_str": "Gündoğdu Mahallesi", "_hvi_str": "%55", "_aciklama_str": "Sıcaklık: çok yüksek<br>Ağaç örtüsü: yüksek<br>Hastaneye uzaklık: çok uzak<br>Yeşil alana uzaklık: çok uzak<br>Yapılaşma yoğunluğu: yoğun<br>Nüfus yoğunluğu: çok yoğun<br>Yaşlı nüfus oranı: orta<br>Çocuk nüfus oranı: orta<br>Sosyoekonomik gelişmişlik: çok yüksek"}, "geometry": {"type": "LineString", "coordinates": [[30.5757974, 39.7643996], [30.575706, 39.7641021], [30.575515, 39.7635677]]}, "bbox": [30.575515, 39.7635677, 30.5757974, 39.7643996]}, {"id": "4807", "type": "Feature", "properties": {"name": null, "_mahalle_str": "Gündoğdu Mahallesi", "_hvi_str": "%59", "_aciklama_str": "Sıcaklık: çok yüksek<br>Ağaç örtüsü: orta<br>Hastaneye uzaklık: çok uzak<br>Yeşil alana uzaklık: yakın<br>Yapılaşma yoğunluğu: yoğun<br>Nüfus yoğunluğu: çok yoğun<br>Yaşlı nüfus oranı: orta<br>Çocuk nüfus oranı: orta<br>Sosyoekonomik gelişmişlik: çok yüksek"}, "geometry": {"type": "LineString", "coordinates": [[30.5717259, 39.767507], [30.571639, 39.7668262]]}, "bbox": [30.571639, 39.7668262, 30.5717259, 39.767507]}, {"id": "4808", "type": "Feature", "properties": {"name": null, "_mahalle_str": "Gündoğdu Mahallesi", "_hvi_str": "%60", "_aciklama_str": "Sıcaklık: çok yüksek<br>Ağaç örtüsü: yüksek<br>Hastaneye uzaklık: çok uzak<br>Yeşil alana uzaklık: yakın<br>Yapılaşma yoğunluğu: çok yoğun<br>Nüfus yoğunluğu: çok yoğun<br>Yaşlı nüfus oranı: orta<br>Çocuk nüfus oranı: orta<br>Sosyoekonomik gelişmişlik: çok yüksek"}, "geometry": {"type": "LineString", "coordinates": [[30.5718028, 39.7657302], [30.5716754, 39.7651487], [30.5715861, 39.7648601]]}, "bbox": [30.5715861, 39.7648601, 30.5718028, 39.7657302]}, {"id": "4809", "type": "Feature", "properties": {"name": null, "_mahalle_str": "Gündoğdu Mahallesi", "_hvi_str": "%62", "_aciklama_str": "Sıcaklık: çok yüksek<br>Ağaç örtüsü: düşük<br>Hastaneye uzaklık: çok uzak<br>Yeşil alana uzaklık: uzak<br>Yapılaşma yoğunluğu: çok yoğun<br>Nüfus yoğunluğu: çok yoğun<br>Yaşlı nüfus oranı: orta<br>Çocuk nüfus oranı: orta<br>Sosyoekonomik gelişmişlik: çok yüksek"}, "geometry": {"type": "LineString", "coordinates": [[30.5735829, 39.7663366], [30.5732935, 39.7652342], [30.5730398, 39.7644061]]}, "bbox": [30.5730398, 39.7644061, 30.5735829, 39.7663366]}, {"id": "4810", "type": "Feature", "properties": {"name": null, "_mahalle_str": "Gündoğdu Mahallesi", "_hvi_str": "%59", "_aciklama_str": "Sıcaklık: çok yüksek<br>Ağaç örtüsü: orta<br>Hastaneye uzaklık: çok uzak<br>Yeşil alana uzaklık: çok yakın<br>Yapılaşma yoğunluğu: çok yoğun<br>Nüfus yoğunluğu: çok yoğun<br>Yaşlı nüfus oranı: orta<br>Çocuk nüfus oranı: orta<br>Sosyoekonomik gelişmişlik: çok yüksek"}, "geometry": {"type": "LineString", "coordinates": [[30.571584, 39.766829], [30.5714282, 39.7658827], [30.5714422, 39.7656189]]}, "bbox": [30.5714282, 39.7656189, 30.571584, 39.766829]}, {"id": "4811", "type": "Feature", "properties": {"name": null, "_mahalle_str": "Gündoğdu Mahallesi", "_hvi_str": "%56", "_aciklama_str": "Sıcaklık: yüksek<br>Ağaç örtüsü: orta<br>Hastaneye uzaklık: çok uzak<br>Yeşil alana uzaklık: uzak<br>Yapılaşma yoğunluğu: yoğun<br>Nüfus yoğunluğu: çok yoğun<br>Yaşlı nüfus oranı: orta<br>Çocuk nüfus oranı: orta<br>Sosyoekonomik gelişmişlik: çok yüksek"}, "geometry": {"type": "LineString", "coordinates": [[30.5690666, 39.7639554], [30.5696142, 39.7632525], [30.5699945, 39.7627759]]}, "bbox": [30.5690666, 39.7627759, 30.5699945, 39.7639554]}, {"id": "4812", "type": "Feature", "properties": {"name": null, "_mahalle_str": "Gündoğdu Mahallesi", "_hvi_str": "%59", "_aciklama_str": "Sıcaklık: çok yüksek<br>Ağaç örtüsü: yüksek<br>Hastaneye uzaklık: çok uzak<br>Yeşil alana uzaklık: çok uzak<br>Yapılaşma yoğunluğu: yoğun<br>Nüfus yoğunluğu: çok yoğun<br>Yaşlı nüfus oranı: orta<br>Çocuk nüfus oranı: orta<br>Sosyoekonomik gelişmişlik: çok yüksek"}, "geometry": {"type": "LineString", "coordinates": [[30.5747936, 39.7656657], [30.5745971, 39.764994], [30.5743113, 39.7640285]]}, "bbox": [30.5743113, 39.7640285, 30.5747936, 39.7656657]}, {"id": "4813", "type": "Feature", "properties": {"name": null, "_mahalle_str": "Gündoğdu Mahallesi", "_hvi_str": "%61", "_aciklama_str": "Sıcaklık: çok yüksek<br>Ağaç örtüsü: orta<br>Hastaneye uzaklık: çok uzak<br>Yeşil alana uzaklık: orta<br>Yapılaşma yoğunluğu: çok yoğun<br>Nüfus yoğunluğu: çok yoğun<br>Yaşlı nüfus oranı: orta<br>Çocuk nüfus oranı: orta<br>Sosyoekonomik gelişmişlik: çok yüksek"}, "geometry": {"type": "LineString", "coordinates": [[30.5701999, 39.7639734], [30.5706494, 39.7642429], [30.5711675, 39.764566]]}, "bbox": [30.5701999, 39.7639734, 30.5711675, 39.764566]}, {"id": "4815", "type": "Feature", "properties": {"name": null, "_mahalle_str": "Gündoğdu Mahallesi", "_hvi_str": "%60", "_aciklama_str": "Sıcaklık: çok yüksek<br>Ağaç örtüsü: yüksek<br>Hastaneye uzaklık: çok uzak<br>Yeşil alana uzaklık: uzak<br>Yapılaşma yoğunluğu: yoğun<br>Nüfus yoğunluğu: çok yoğun<br>Yaşlı nüfus oranı: orta<br>Çocuk nüfus oranı: orta<br>Sosyoekonomik gelişmişlik: çok yüksek"}, "geometry": {"type": "LineString", "coordinates": [[30.5741055, 39.7678505], [30.5742296, 39.7675215], [30.57443, 39.7668964]]}, "bbox": [30.5741055, 39.7668964, 30.57443, 39.7678505]}, {"id": "4816", "type": "Feature", "properties": {"name": null, "_mahalle_str": "Gündoğdu Mahallesi", "_hvi_str": "%58", "_aciklama_str": "Sıcaklık: çok yüksek<br>Ağaç örtüsü: yüksek<br>Hastaneye uzaklık: çok uzak<br>Yeşil alana uzaklık: çok uzak<br>Yapılaşma yoğunluğu: yoğun<br>Nüfus yoğunluğu: çok yoğun<br>Yaşlı nüfus oranı: orta<br>Çocuk nüfus oranı: orta<br>Sosyoekonomik gelişmişlik: çok yüksek"}, "geometry": {"type": "LineString", "coordinates": [[30.5751121, 39.7652907], [30.5750122, 39.7649429], [30.5747125, 39.7639006]]}, "bbox": [30.5747125, 39.7639006, 30.5751121, 39.7652907]}, {"id": "4817", "type": "Feature", "properties": {"name": null, "_mahalle_str": "Gündoğdu Mahallesi", "_hvi_str": "%64", "_aciklama_str": "Sıcaklık: çok yüksek<br>Ağaç örtüsü: çok düşük<br>Hastaneye uzaklık: çok uzak<br>Yeşil alana uzaklık: uzak<br>Yapılaşma yoğunluğu: çok yoğun<br>Nüfus yoğunluğu: çok yoğun<br>Yaşlı nüfus oranı: orta<br>Çocuk nüfus oranı: orta<br>Sosyoekonomik gelişmişlik: çok yüksek"}, "geometry": {"type": "LineString", "coordinates": [[30.5732215, 39.7662405], [30.5729776, 39.7652885], [30.5727608, 39.7644991]]}, "bbox": [30.5727608, 39.7644991, 30.5732215, 39.7662405]}, {"id": "4818", "type": "Feature", "properties": {"name": null, "_mahalle_str": "Gündoğdu Mahallesi", "_hvi_str": "%63", "_aciklama_str": "Sıcaklık: çok yüksek<br>Ağaç örtüsü: düşük<br>Hastaneye uzaklık: çok uzak<br>Yeşil alana uzaklık: orta<br>Yapılaşma yoğunluğu: çok yoğun<br>Nüfus yoğunluğu: çok yoğun<br>Yaşlı nüfus oranı: orta<br>Çocuk nüfus oranı: orta<br>Sosyoekonomik gelişmişlik: çok yüksek"}, "geometry": {"type": "LineString", "coordinates": [[30.5723984, 39.7659825], [30.5722799, 39.7653731], [30.5721106, 39.7646891]]}, "bbox": [30.5721106, 39.7646891, 30.5723984, 39.7659825]}, {"id": "4820", "type": "Feature", "properties": {"name": null, "_mahalle_str": "Gündoğdu Mahallesi", "_hvi_str": "%59", "_aciklama_str": "Sıcaklık: çok yüksek<br>Ağaç örtüsü: yüksek<br>Hastaneye uzaklık: çok uzak<br>Yeşil alana uzaklık: uzak<br>Yapılaşma yoğunluğu: yoğun<br>Nüfus yoğunluğu: çok yoğun<br>Yaşlı nüfus oranı: orta<br>Çocuk nüfus oranı: orta<br>Sosyoekonomik gelişmişlik: çok yüksek"}, "geometry": {"type": "LineString", "coordinates": [[30.5736878, 39.7677623], [30.5739961, 39.7668394], [30.5741621, 39.7664885]]}, "bbox": [30.5736878, 39.7664885, 30.5741621, 39.7677623]}, {"id": "4821", "type": "Feature", "properties": {"name": null, "_mahalle_str": "Gündoğdu Mahallesi", "_hvi_str": "%59", "_aciklama_str": "Sıcaklık: çok yüksek<br>Ağaç örtüsü: yüksek<br>Hastaneye uzaklık: çok uzak<br>Yeşil alana uzaklık: uzak<br>Yapılaşma yoğunluğu: yoğun<br>Nüfus yoğunluğu: çok yoğun<br>Yaşlı nüfus oranı: orta<br>Çocuk nüfus oranı: orta<br>Sosyoekonomik gelişmişlik: çok yüksek"}, "geometry": {"type": "LineString", "coordinates": [[30.5748936, 39.7666106], [30.5747974, 39.7669555], [30.574757, 39.7672945], [30.5747165, 39.7674469], [30.5746664, 39.7676061], [30.5746397, 39.767691], [30.5746515, 39.7679516], [30.5746602, 39.7681438], [30.574675, 39.7683016], [30.5746909, 39.7684706], [30.5746536, 39.7686188], [30.5746294, 39.7687147], [30.5745424, 39.7689666], [30.5744692, 39.7692293], [30.5744358, 39.7693171], [30.574317, 39.7693564], [30.5739866, 39.7694429], [30.5737419, 39.7694664], [30.573367, 39.7694314], [30.5730927, 39.7693643], [30.5727797, 39.7693408], [30.5726215, 39.7693289], [30.5722478, 39.7693212], [30.5720471, 39.7693211], [30.5716945, 39.7693263], [30.5714433, 39.7693328], [30.5711209, 39.769288], [30.5709618, 39.7692659], [30.5705315, 39.7692029], [30.5705386, 39.7695262]]}, "bbox": [30.5705315, 39.7666106, 30.5748936, 39.7695262]}, {"id": "4822", "type": "Feature", "properties": {"name": null, "_mahalle_str": "Gündoğdu Mahallesi", "_hvi_str": "%58", "_aciklama_str": "Sıcaklık: yüksek<br>Ağaç örtüsü: orta<br>Hastaneye uzaklık: çok uzak<br>Yeşil alana uzaklık: yakın<br>Yapılaşma yoğunluğu: çok yoğun<br>Nüfus yoğunluğu: çok yoğun<br>Yaşlı nüfus oranı: orta<br>Çocuk nüfus oranı: orta<br>Sosyoekonomik gelişmişlik: çok yüksek"}, "geometry": {"type": "LineString", "coordinates": [[30.5697308, 39.7646215], [30.5703421, 39.7648965], [30.5707144, 39.765137], [30.5708706, 39.7655333]]}, "bbox": [30.5697308, 39.7646215, 30.5708706, 39.7655333]}, {"id": "4824", "type": "Feature", "properties": {"name": null, "_mahalle_str": "Gündoğdu Mahallesi", "_hvi_str": "%59", "_aciklama_str": "Sıcaklık: yüksek<br>Ağaç örtüsü: orta<br>Hastaneye uzaklık: çok uzak<br>Yeşil alana uzaklık: uzak<br>Yapılaşma yoğunluğu: yoğun<br>Nüfus yoğunluğu: çok yoğun<br>Yaşlı nüfus oranı: orta<br>Çocuk nüfus oranı: orta<br>Sosyoekonomik gelişmişlik: çok yüksek"}, "geometry": {"type": "LineString", "coordinates": [[30.5715326, 39.7648756], [30.5715305, 39.7639279], [30.5715288, 39.7634907], [30.5715452, 39.7630129], [30.5715498, 39.7627121]]}, "bbox": [30.5715288, 39.7627121, 30.5715498, 39.7648756]}, {"id": "4825", "type": "Feature", "properties": {"name": null, "_mahalle_str": "Gündoğdu Mahallesi", "_hvi_str": "%66", "_aciklama_str": "Sıcaklık: çok yüksek<br>Ağaç örtüsü: orta<br>Hastaneye uzaklık: çok uzak<br>Yeşil alana uzaklık: uzak<br>Yapılaşma yoğunluğu: çok yoğun<br>Nüfus yoğunluğu: çok yoğun<br>Yaşlı nüfus oranı: orta<br>Çocuk nüfus oranı: orta<br>Sosyoekonomik gelişmişlik: çok yüksek"}, "geometry": {"type": "LineString", "coordinates": [[30.5672738, 39.7689515], [30.567225, 39.7684547], [30.5671396, 39.7673278], [30.5670272, 39.7662472]]}, "bbox": [30.5670272, 39.7662472, 30.5672738, 39.7689515]}, {"id": "4826", "type": "Feature", "properties": {"name": null, "_mahalle_str": "Gündoğdu Mahallesi", "_hvi_str": "%55", "_aciklama_str": "Sıcaklık: yüksek<br>Ağaç örtüsü: çok yüksek<br>Hastaneye uzaklık: çok uzak<br>Yeşil alana uzaklık: çok uzak<br>Yapılaşma yoğunluğu: yoğun<br>Nüfus yoğunluğu: çok yoğun<br>Yaşlı nüfus oranı: orta<br>Çocuk nüfus oranı: orta<br>Sosyoekonomik gelişmişlik: çok yüksek"}, "geometry": {"type": "LineString", "coordinates": [[30.5742296, 39.7675215], [30.5746664, 39.7676061], [30.5752546, 39.767727], [30.5763736, 39.7679554]]}, "bbox": [30.5742296, 39.7675215, 30.5763736, 39.7679554]}, {"id": "4829", "type": "Feature", "properties": {"name": null, "_mahalle_str": "Gündoğdu Mahallesi", "_hvi_str": "%58", "_aciklama_str": "Sıcaklık: yüksek<br>Ağaç örtüsü: yüksek<br>Hastaneye uzaklık: çok uzak<br>Yeşil alana uzaklık: uzak<br>Yapılaşma yoğunluğu: çok yoğun<br>Nüfus yoğunluğu: çok yoğun<br>Yaşlı nüfus oranı: orta<br>Çocuk nüfus oranı: orta<br>Sosyoekonomik gelişmişlik: çok yüksek"}, "geometry": {"type": "LineString", "coordinates": [[30.5655759, 39.7684751], [30.5655536, 39.7674344], [30.5655502, 39.7672728], [30.5655216, 39.7667262]]}, "bbox": [30.5655216, 39.7667262, 30.5655759, 39.7684751]}, {"id": "4831", "type": "Feature", "properties": {"name": null, "_mahalle_str": "Gündoğdu Mahallesi", "_hvi_str": "%57", "_aciklama_str": "Sıcaklık: yüksek<br>Ağaç örtüsü: orta<br>Hastaneye uzaklık: çok uzak<br>Yeşil alana uzaklık: çok yakın<br>Yapılaşma yoğunluğu: çok yoğun<br>Nüfus yoğunluğu: çok yoğun<br>Yaşlı nüfus oranı: orta<br>Çocuk nüfus oranı: orta<br>Sosyoekonomik gelişmişlik: çok yüksek"}, "geometry": {"type": "LineString", "coordinates": [[30.5702668, 39.7665442], [30.5710842, 39.7664917], [30.5709674, 39.7656695], [30.5709466, 39.7655405]]}, "bbox": [30.5702668, 39.7655405, 30.5710842, 39.7665442]}, {"id": "4832", "type": "Feature", "properties": {"name": null, "_mahalle_str": "Gündoğdu Mahallesi", "_hvi_str": "%53", "_aciklama_str": "Sıcaklık: orta<br>Ağaç örtüsü: yüksek<br>Hastaneye uzaklık: çok uzak<br>Yeşil alana uzaklık: çok uzak<br>Yapılaşma yoğunluğu: orta<br>Nüfus yoğunluğu: çok yoğun<br>Yaşlı nüfus oranı: orta<br>Çocuk nüfus oranı: orta<br>Sosyoekonomik gelişmişlik: çok yüksek"}, "geometry": {"type": "LineString", "coordinates": [[30.574675, 39.7683016], [30.5750386, 39.7683962], [30.5756211, 39.7685088], [30.5760357, 39.768594]]}, "bbox": [30.574675, 39.7683016, 30.5760357, 39.768594]}, {"id": "4833", "type": "Feature", "properties": {"name": null, "_mahalle_str": "Gündoğdu Mahallesi", "_hvi_str": "%61", "_aciklama_str": "Sıcaklık: çok yüksek<br>Ağaç örtüsü: orta<br>Hastaneye uzaklık: çok uzak<br>Yeşil alana uzaklık: yakın<br>Yapılaşma yoğunluğu: çok yoğun<br>Nüfus yoğunluğu: çok yoğun<br>Yaşlı nüfus oranı: orta<br>Çocuk nüfus oranı: orta<br>Sosyoekonomik gelişmişlik: çok yüksek"}, "geometry": {"type": "LineString", "coordinates": [[30.5700152, 39.768778], [30.5705206, 39.7687895], [30.5711621, 39.7688878], [30.5717873, 39.7689666]]}, "bbox": [30.5700152, 39.768778, 30.5717873, 39.7689666]}, {"id": "4834", "type": "Feature", "properties": {"name": null, "_mahalle_str": "Gündoğdu Mahallesi", "_hvi_str": "%56", "_aciklama_str": "Sıcaklık: yüksek<br>Ağaç örtüsü: çok yüksek<br>Hastaneye uzaklık: çok uzak<br>Yeşil alana uzaklık: çok uzak<br>Yapılaşma yoğunluğu: yoğun<br>Nüfus yoğunluğu: çok yoğun<br>Yaşlı nüfus oranı: orta<br>Çocuk nüfus oranı: orta<br>Sosyoekonomik gelişmişlik: çok yüksek"}, "geometry": {"type": "LineString", "coordinates": [[30.574757, 39.7672945], [30.5754185, 39.767412], [30.5762023, 39.7675774], [30.5765472, 39.7676444]]}, "bbox": [30.574757, 39.7672945, 30.5765472, 39.7676444]}, {"id": "4835", "type": "Feature", "properties": {"name": null, "_mahalle_str": "Gündoğdu Mahallesi", "_hvi_str": "%61", "_aciklama_str": "Sıcaklık: çok yüksek<br>Ağaç örtüsü: yüksek<br>Hastaneye uzaklık: çok uzak<br>Yeşil alana uzaklık: uzak<br>Yapılaşma yoğunluğu: yoğun<br>Nüfus yoğunluğu: çok yoğun<br>Yaşlı nüfus oranı: orta<br>Çocuk nüfus oranı: orta<br>Sosyoekonomik gelişmişlik: çok yüksek"}, "geometry": {"type": "LineString", "coordinates": [[30.5738708, 39.7641632], [30.5741532, 39.7650864], [30.5741946, 39.7652217], [30.5742198, 39.7653116], [30.5744236, 39.7660394]]}, "bbox": [30.5738708, 39.7641632, 30.5744236, 39.7660394]}, {"id": "4836", "type": "Feature", "properties": {"name": null, "_mahalle_str": "Gündoğdu Mahallesi", "_hvi_str": "%53", "_aciklama_str": "Sıcaklık: çok yüksek<br>Ağaç örtüsü: yüksek<br>Hastaneye uzaklık: çok uzak<br>Yeşil alana uzaklık: uzak<br>Yapılaşma yoğunluğu: orta<br>Nüfus yoğunluğu: çok yoğun<br>Yaşlı nüfus oranı: orta<br>Çocuk nüfus oranı: orta<br>Sosyoekonomik gelişmişlik: çok yüksek"}, "geometry": {"type": "LineString", "coordinates": [[30.5727134, 39.7699218], [30.5730639, 39.7700233], [30.573281, 39.7699832], [30.573367, 39.7694314]]}, "bbox": [30.5727134, 39.7694314, 30.573367, 39.7700233]}, {"id": "4839", "type": "Feature", "properties": {"name": null, "_mahalle_str": "Gündoğdu Mahallesi", "_hvi_str": "%58", "_aciklama_str": "Sıcaklık: yüksek<br>Ağaç örtüsü: yüksek<br>Hastaneye uzaklık: çok uzak<br>Yeşil alana uzaklık: yakın<br>Yapılaşma yoğunluğu: çok yoğun<br>Nüfus yoğunluğu: çok yoğun<br>Yaşlı nüfus oranı: orta<br>Çocuk nüfus oranı: orta<br>Sosyoekonomik gelişmişlik: çok yüksek"}, "geometry": {"type": "LineString", "coordinates": [[30.5694791, 39.7709453], [30.5695599, 39.7694874], [30.5695088, 39.7683599], [30.5694339, 39.7669369], [30.5692731, 39.7655739]]}, "bbox": [30.5692731, 39.7655739, 30.5695599, 39.7709453]}, {"id": "4841", "type": "Feature", "properties": {"name": null, "_mahalle_str": "Gündoğdu Mahallesi", "_hvi_str": "%59", "_aciklama_str": "Sıcaklık: çok yüksek<br>Ağaç örtüsü: orta<br>Hastaneye uzaklık: çok uzak<br>Yeşil alana uzaklık: yakın<br>Yapılaşma yoğunluğu: çok yoğun<br>Nüfus yoğunluğu: çok yoğun<br>Yaşlı nüfus oranı: orta<br>Çocuk nüfus oranı: orta<br>Sosyoekonomik gelişmişlik: çok yüksek"}, "geometry": {"type": "LineString", "coordinates": [[30.5721635, 39.7675971], [30.5721785, 39.7675196], [30.5720746, 39.7668208], [30.571926, 39.7661121], [30.5718028, 39.7657302]]}, "bbox": [30.5718028, 39.7657302, 30.5721785, 39.7675971]}, {"id": "4844", "type": "Feature", "properties": {"name": null, "_mahalle_str": "Gündoğdu Mahallesi", "_hvi_str": "%65", "_aciklama_str": "Sıcaklık: çok yüksek<br>Ağaç örtüsü: orta<br>Hastaneye uzaklık: çok uzak<br>Yeşil alana uzaklık: uzak<br>Yapılaşma yoğunluğu: çok yoğun<br>Nüfus yoğunluğu: çok yoğun<br>Yaşlı nüfus oranı: orta<br>Çocuk nüfus oranı: orta<br>Sosyoekonomik gelişmişlik: çok yüksek"}, "geometry": {"type": "LineString", "coordinates": [[30.5677425, 39.7694202], [30.5677138, 39.7689337], [30.5676847, 39.76844], [30.5675999, 39.7672726], [30.5674803, 39.7661132]]}, "bbox": [30.5674803, 39.7661132, 30.5677425, 39.7694202]}, {"id": "4846", "type": "Feature", "properties": {"name": null, "_mahalle_str": "Gündoğdu Mahallesi", "_hvi_str": "%60", "_aciklama_str": "Sıcaklık: çok yüksek<br>Ağaç örtüsü: yüksek<br>Hastaneye uzaklık: çok uzak<br>Yeşil alana uzaklık: orta<br>Yapılaşma yoğunluğu: çok yoğun<br>Nüfus yoğunluğu: çok yoğun<br>Yaşlı nüfus oranı: orta<br>Çocuk nüfus oranı: orta<br>Sosyoekonomik gelişmişlik: çok yüksek"}, "geometry": {"type": "LineString", "coordinates": [[30.5724066, 39.7676285], [30.5724913, 39.7672936], [30.5726073, 39.7669543], [30.5725912, 39.7668302], [30.5724977, 39.7662814], [30.5723984, 39.7659825]]}, "bbox": [30.5723984, 39.7659825, 30.5726073, 39.7676285]}, {"id": "4847", "type": "Feature", "properties": {"name": null, "_mahalle_str": "Gündoğdu Mahallesi", "_hvi_str": "%59", "_aciklama_str": "Sıcaklık: çok yüksek<br>Ağaç örtüsü: yüksek<br>Hastaneye uzaklık: çok uzak<br>Yeşil alana uzaklık: uzak<br>Yapılaşma yoğunluğu: çok yoğun<br>Nüfus yoğunluğu: çok yoğun<br>Yaşlı nüfus oranı: orta<br>Çocuk nüfus oranı: orta<br>Sosyoekonomik gelişmişlik: çok yüksek"}, "geometry": {"type": "LineString", "coordinates": [[30.5727433, 39.7661113], [30.5726026, 39.7653967], [30.5723637, 39.7646073], [30.5723705, 39.7638727], [30.5723501, 39.7635093], [30.5723634, 39.7626949]]}, "bbox": [30.5723501, 39.7626949, 30.5727433, 39.7661113]}, {"id": "4848", "type": "Feature", "properties": {"name": null, "_mahalle_str": "Gündoğdu Mahallesi", "_hvi_str": "%61", "_aciklama_str": "Sıcaklık: yüksek<br>Ağaç örtüsü: orta<br>Hastaneye uzaklık: çok uzak<br>Yeşil alana uzaklık: orta<br>Yapılaşma yoğunluğu: çok yoğun<br>Nüfus yoğunluğu: çok yoğun<br>Yaşlı nüfus oranı: orta<br>Çocuk nüfus oranı: orta<br>Sosyoekonomik gelişmişlik: çok yüksek"}, "geometry": {"type": "LineString", "coordinates": [[30.5690069, 39.7709715], [30.5690768, 39.7698761], [30.569087, 39.7694745], [30.5691126, 39.7689666], [30.5690727, 39.7683808], [30.5689862, 39.767116]]}, "bbox": [30.5689862, 39.767116, 30.5691126, 39.7709715]}, {"id": "4849", "type": "Feature", "properties": {"name": null, "_mahalle_str": "Gündoğdu Mahallesi", "_hvi_str": "%57", "_aciklama_str": "Sıcaklık: yüksek<br>Ağaç örtüsü: yüksek<br>Hastaneye uzaklık: çok uzak<br>Yeşil alana uzaklık: çok yakın<br>Yapılaşma yoğunluğu: çok yoğun<br>Nüfus yoğunluğu: çok yoğun<br>Yaşlı nüfus oranı: orta<br>Çocuk nüfus oranı: orta<br>Sosyoekonomik gelişmişlik: çok yüksek"}, "geometry": {"type": "LineString", "coordinates": [[30.5699298, 39.7709251], [30.5700347, 39.7695063], [30.5700152, 39.768778], [30.5700039, 39.7683567], [30.5698976, 39.7669076], [30.5697212, 39.7654537]]}, "bbox": [30.5697212, 39.7654537, 30.5700347, 39.7709251]}, {"id": "4850", "type": "Feature", "properties": {"name": null, "_mahalle_str": "Gündoğdu Mahallesi", "_hvi_str": "%63", "_aciklama_str": "Sıcaklık: çok yüksek<br>Ağaç örtüsü: orta<br>Hastaneye uzaklık: çok uzak<br>Yeşil alana uzaklık: uzak<br>Yapılaşma yoğunluğu: çok yoğun<br>Nüfus yoğunluğu: çok yoğun<br>Yaşlı nüfus oranı: orta<br>Çocuk nüfus oranı: orta<br>Sosyoekonomik gelişmişlik: çok yüksek"}, "geometry": {"type": "LineString", "coordinates": [[30.5679635, 39.7710274], [30.5680601, 39.7701745], [30.5681625, 39.7694309], [30.5681409, 39.7684216], [30.5680543, 39.7672181], [30.5679214, 39.7659858]]}, "bbox": [30.5679214, 39.7659858, 30.5681625, 39.7710274]}, {"id": "4852", "type": "Feature", "properties": {"name": null, "_mahalle_str": "Gündoğdu Mahallesi", "_hvi_str": "%56", "_aciklama_str": "Sıcaklık: yüksek<br>Ağaç örtüsü: orta<br>Hastaneye uzaklık: çok uzak<br>Yeşil alana uzaklık: uzak<br>Yapılaşma yoğunluğu: yoğun<br>Nüfus yoğunluğu: çok yoğun<br>Yaşlı nüfus oranı: orta<br>Çocuk nüfus oranı: orta<br>Sosyoekonomik gelişmişlik: çok yüksek"}, "geometry": {"type": "LineString", "coordinates": [[30.571952, 39.7647359], [30.5719351, 39.7640932], [30.5719352, 39.7635019], [30.5719533, 39.7632448], [30.5719562, 39.7627072], [30.5714844, 39.7624237], [30.5708953, 39.762215], [30.570321, 39.7619803]]}, "bbox": [30.570321, 39.7619803, 30.5719562, 39.7647359]}, {"id": "4853", "type": "Feature", "properties": {"name": null, "_mahalle_str": "Gündoğdu Mahallesi", "_hvi_str": "%60", "_aciklama_str": "Sıcaklık: yüksek<br>Ağaç örtüsü: orta<br>Hastaneye uzaklık: çok uzak<br>Yeşil alana uzaklık: uzak<br>Yapılaşma yoğunluğu: yoğun<br>Nüfus yoğunluğu: çok yoğun<br>Yaşlı nüfus oranı: orta<br>Çocuk nüfus oranı: orta<br>Sosyoekonomik gelişmişlik: çok yüksek"}, "geometry": {"type": "LineString", "coordinates": [[30.571249, 39.7634829], [30.5715288, 39.7634907], [30.5719352, 39.7635019], [30.5721042, 39.7635065], [30.5723501, 39.7635093], [30.572771, 39.7635078], [30.573141, 39.7635177]]}, "bbox": [30.571249, 39.7634829, 30.573141, 39.7635177]}, {"id": "4854", "type": "Feature", "properties": {"name": null, "_mahalle_str": "Gündoğdu Mahallesi", "_hvi_str": "%59", "_aciklama_str": "Sıcaklık: yüksek<br>Ağaç örtüsü: yüksek<br>Hastaneye uzaklık: çok uzak<br>Yeşil alana uzaklık: orta<br>Yapılaşma yoğunluğu: çok yoğun<br>Nüfus yoğunluğu: çok yoğun<br>Yaşlı nüfus oranı: orta<br>Çocuk nüfus oranı: orta<br>Sosyoekonomik gelişmişlik: çok yüksek"}, "geometry": {"type": "LineString", "coordinates": [[30.5651948, 39.7712981], [30.5652434, 39.7705253], [30.5652411, 39.7703497], [30.5652362, 39.7701708], [30.5652223, 39.7700997], [30.5650635, 39.7699462], [30.5650382, 39.7694453], [30.5650313, 39.7691875]]}, "bbox": [30.5650313, 39.7691875, 30.5652434, 39.7712981]}, {"id": "4855", "type": "Feature", "properties": {"name": null, "_mahalle_str": "Gündoğdu Mahallesi", "_hvi_str": "%61", "_aciklama_str": "Sıcaklık: çok yüksek<br>Ağaç örtüsü: yüksek<br>Hastaneye uzaklık: çok uzak<br>Yeşil alana uzaklık: uzak<br>Yapılaşma yoğunluğu: yoğun<br>Nüfus yoğunluğu: çok yoğun<br>Yaşlı nüfus oranı: orta<br>Çocuk nüfus oranı: orta<br>Sosyoekonomik gelişmişlik: çok yüksek"}, "geometry": {"type": "LineString", "coordinates": [[30.5729776, 39.7652885], [30.5732935, 39.7652342], [30.5736877, 39.7651664], [30.5741532, 39.7650864], [30.5745971, 39.764994], [30.5750122, 39.7649429], [30.5754341, 39.764825]]}, "bbox": [30.5729776, 39.764825, 30.5754341, 39.7652885]}, {"id": "4856", "type": "Feature", "properties": {"name": null, "_mahalle_str": "Gündoğdu Mahallesi", "_hvi_str": "%58", "_aciklama_str": "Sıcaklık: çok yüksek<br>Ağaç örtüsü: yüksek<br>Hastaneye uzaklık: çok uzak<br>Yeşil alana uzaklık: orta<br>Yapılaşma yoğunluğu: çok yoğun<br>Nüfus yoğunluğu: çok yoğun<br>Yaşlı nüfus oranı: orta<br>Çocuk nüfus oranı: orta<br>Sosyoekonomik gelişmişlik: çok yüksek"}, "geometry": {"type": "LineString", "coordinates": [[30.5645066, 39.7699278], [30.5644339, 39.769474], [30.5644335, 39.7688044], [30.5644272, 39.7684974], [30.5644181, 39.7680524], [30.5644079, 39.7677532], [30.564956, 39.7677413], [30.5649217, 39.7669361]]}, "bbox": [30.5644079, 39.7669361, 30.564956, 39.7699278]}, {"id": "4857", "type": "Feature", "properties": {"name": null, "_mahalle_str": "Gündoğdu Mahallesi", "_hvi_str": "%57", "_aciklama_str": "Sıcaklık: çok yüksek<br>Ağaç örtüsü: düşük<br>Hastaneye uzaklık: çok uzak<br>Yeşil alana uzaklık: orta<br>Yapılaşma yoğunluğu: yoğun<br>Nüfus yoğunluğu: çok yoğun<br>Yaşlı nüfus oranı: orta<br>Çocuk nüfus oranı: orta<br>Sosyoekonomik gelişmişlik: çok yüksek"}, "geometry": {"type": "LineString", "coordinates": [[30.5715646, 39.7708563], [30.5716209, 39.7701302], [30.5716945, 39.7693263], [30.5717873, 39.7689666], [30.5718733, 39.7686416], [30.5719626, 39.7683149], [30.5720634, 39.767955], [30.5721635, 39.7675971]]}, "bbox": [30.5715646, 39.7675971, 30.5721635, 39.7708563]}, {"id": "4858", "type": "Feature", "properties": {"name": null, "_mahalle_str": "Gündoğdu Mahallesi", "_hvi_str": "%60", "_aciklama_str": "Sıcaklık: çok yüksek<br>Ağaç örtüsü: orta<br>Hastaneye uzaklık: çok uzak<br>Yeşil alana uzaklık: orta<br>Yapılaşma yoğunluğu: çok yoğun<br>Nüfus yoğunluğu: çok yoğun<br>Yaşlı nüfus oranı: orta<br>Çocuk nüfus oranı: orta<br>Sosyoekonomik gelişmişlik: çok yüksek"}, "geometry": {"type": "LineString", "coordinates": [[30.5658546, 39.7712208], [30.565878, 39.7706864], [30.5658831, 39.7702848], [30.5658729, 39.7701667], [30.5658319, 39.7701352], [30.5656372, 39.770143], [30.5656114, 39.769433], [30.5655759, 39.7684751]]}, "bbox": [30.5655759, 39.7684751, 30.5658831, 39.7712208]}, {"id": "4860", "type": "Feature", "properties": {"name": null, "_mahalle_str": "Gündoğdu Mahallesi", "_hvi_str": "%56", "_aciklama_str": "Sıcaklık: çok yüksek<br>Ağaç örtüsü: orta<br>Hastaneye uzaklık: çok uzak<br>Yeşil alana uzaklık: orta<br>Yapılaşma yoğunluğu: yoğun<br>Nüfus yoğunluğu: çok yoğun<br>Yaşlı nüfus oranı: orta<br>Çocuk nüfus oranı: orta<br>Sosyoekonomik gelişmişlik: çok yüksek"}, "geometry": {"type": "LineString", "coordinates": [[30.5681835, 39.7635496], [30.5684566, 39.7636962], [30.568509, 39.7637213], [30.5690666, 39.7639554], [30.5695129, 39.7641356], [30.5697786, 39.7642429], [30.5699559, 39.7643088], [30.570255, 39.76442], [30.5709465, 39.7648768], [30.5711555, 39.764987]]}, "bbox": [30.5681835, 39.7635496, 30.5711555, 39.764987]}, {"id": "4863", "type": "Feature", "properties": {"name": null, "_mahalle_str": "Gündoğdu Mahallesi", "_hvi_str": "%63", "_aciklama_str": "Sıcaklık: çok yüksek<br>Ağaç örtüsü: orta<br>Hastaneye uzaklık: çok uzak<br>Yeşil alana uzaklık: çok uzak<br>Yapılaşma yoğunluğu: yoğun<br>Nüfus yoğunluğu: çok yoğun<br>Yaşlı nüfus oranı: orta<br>Çocuk nüfus oranı: orta<br>Sosyoekonomik gelişmişlik: çok yüksek"}, "geometry": {"type": "LineString", "coordinates": [[30.5741621, 39.7664885], [30.5743467, 39.7661516], [30.5744236, 39.7660394], [30.5744916, 39.76594], [30.5747936, 39.7656657], [30.5748901, 39.7655781], [30.5751121, 39.7652907], [30.5753247, 39.7650157], [30.5754341, 39.764825]]}, "bbox": [30.5741621, 39.764825, 30.5754341, 39.7664885]}, {"id": "4864", "type": "Feature", "properties": {"name": null, "_mahalle_str": "Gündoğdu Mahallesi", "_hvi_str": "%62", "_aciklama_str": "Sıcaklık: çok yüksek<br>Ağaç örtüsü: orta<br>Hastaneye uzaklık: çok uzak<br>Yeşil alana uzaklık: uzak<br>Yapılaşma yoğunluğu: yoğun<br>Nüfus yoğunluğu: çok yoğun<br>Yaşlı nüfus oranı: orta<br>Çocuk nüfus oranı: orta<br>Sosyoekonomik gelişmişlik: çok yüksek"}, "geometry": {"type": "LineString", "coordinates": [[30.5663873, 39.7711601], [30.5663902, 39.7703714], [30.5663712, 39.7703033], [30.5662724, 39.7702651], [30.5662263, 39.770206], [30.5662159, 39.7694233], [30.5661649, 39.7684709], [30.5661195, 39.7674178], [30.5660768, 39.7665465]]}, "bbox": [30.5660768, 39.7665465, 30.5663902, 39.7711601]}, {"id": "4867", "type": "Feature", "properties": {"name": null, "_mahalle_str": "Gündoğdu Mahallesi", "_hvi_str": "%53", "_aciklama_str": "Sıcaklık: yüksek<br>Ağaç örtüsü: orta<br>Hastaneye uzaklık: çok uzak<br>Yeşil alana uzaklık: yakın<br>Yapılaşma yoğunluğu: yoğun<br>Nüfus yoğunluğu: çok yoğun<br>Yaşlı nüfus oranı: orta<br>Çocuk nüfus oranı: orta<br>Sosyoekonomik gelişmişlik: çok yüksek"}, "geometry": {"type": "LineString", "coordinates": [[30.563746, 39.7676808], [30.5639923, 39.7676179], [30.5641519, 39.7674575], [30.5643919, 39.76717], [30.5645701, 39.7670598], [30.5649217, 39.7669361], [30.5654562, 39.766748], [30.5655216, 39.7667262], [30.5660768, 39.7665465], [30.5665589, 39.7664052], [30.5669314, 39.7662755], [30.5670272, 39.7662472], [30.5674803, 39.7661132], [30.5676897, 39.7660513], [30.5679214, 39.7659858], [30.5683592, 39.7658534], [30.5685296, 39.765803], [30.5688104, 39.7657149], [30.568888, 39.7656922], [30.5692731, 39.7655739], [30.5695234, 39.7654959], [30.569584, 39.7654832], [30.5697212, 39.7654537], [30.570006, 39.7653928], [30.5702441, 39.7653005], [30.5704154, 39.7652324], [30.5707144, 39.765137], [30.5711555, 39.764987], [30.5714773, 39.7648916], [30.5715326, 39.7648756], [30.5715861, 39.7648601], [30.571952, 39.7647359], [30.5721106, 39.7646891], [30.5723637, 39.7646073], [30.5724961, 39.764578], [30.5727608, 39.7644991], [30.5730398, 39.7644061], [30.5731538, 39.7643728], [30.5734321, 39.7642916], [30.5738708, 39.7641632], [30.5739882, 39.7641266], [30.5743113, 39.7640285], [30.5747125, 39.7639006], [30.5748343, 39.7638625], [30.5751172, 39.7637315], [30.575515, 39.7635677], [30.575604, 39.7635291], [30.575747, 39.7634672], [30.5759722, 39.7633716], [30.5764714, 39.7631479], [30.5768337, 39.7629883], [30.5774542, 39.7626724], [30.5777095, 39.7625429], [30.5777754, 39.7625094], [30.5781032, 39.7623316], [30.5784145, 39.7621748], [30.5788496, 39.7619421], [30.5788106, 39.7618724]]}, "bbox": [30.563746, 39.7618724, 30.5788496, 39.7676808]}, {"id": "4871", "type": "Feature", "properties": {"name": null, "_mahalle_str": "Erenköy Mahallesi", "_hvi_str": "%55", "_aciklama_str": "Sıcaklık: yüksek<br>Ağaç örtüsü: düşük<br>Hastaneye uzaklık: uzak<br>Yeşil alana uzaklık: orta<br>Yapılaşma yoğunluğu: çok yoğun<br>Nüfus yoğunluğu: çok yoğun<br>Yaşlı nüfus oranı: orta<br>Çocuk nüfus oranı: orta<br>Sosyoekonomik gelişmişlik: çok yüksek"}, "geometry": {"type": "LineString", "coordinates": [[30.5486362, 39.7538085], [30.5480577, 39.753632], [30.5479207, 39.7535919], [30.5474678, 39.7534741], [30.5473635, 39.7534921], [30.5471594, 39.7534802], [30.5465866, 39.7535071], [30.5454627, 39.7535673], [30.5448607, 39.7535703], [30.5449025, 39.7539293], [30.5449497, 39.7541308], [30.5449814, 39.7543858], [30.545458, 39.7543568]]}, "bbox": [30.5448607, 39.7534741, 30.5486362, 39.7543858]}, {"id": "4883", "type": "Feature", "properties": {"name": "Meram Bağı Sokak", "_mahalle_str": "Yenidoğan Mahallesi", "_hvi_str": "%51", "_aciklama_str": "Sıcaklık: çok yüksek<br>Ağaç örtüsü: çok düşük<br>Hastaneye uzaklık: yakın<br>Yeşil alana uzaklık: orta<br>Yapılaşma yoğunluğu: çok yoğun<br>Nüfus yoğunluğu: çok yoğun<br>Yaşlı nüfus oranı: orta<br>Çocuk nüfus oranı: orta<br>Sosyoekonomik gelişmişlik: çok yüksek"}, "geometry": {"type": "LineString", "coordinates": [[30.5534501, 39.7605134], [30.5537999, 39.7599524], [30.5539047, 39.759415], [30.5539208, 39.7592871], [30.5540086, 39.7585887], [30.5540225, 39.7584778], [30.554066, 39.758121], [30.5541074, 39.7576824], [30.5542172, 39.7570562], [30.5542735, 39.7569027], [30.5544775, 39.7567689], [30.5547468, 39.7564442], [30.5548583, 39.7563068], [30.5549951, 39.7561083], [30.5551952, 39.7558703], [30.5552938, 39.7557667], [30.5555475, 39.7554952], [30.5558866, 39.7552631], [30.5561688, 39.7550833], [30.5566082, 39.7547852]]}, "bbox": [30.5534501, 39.7547852, 30.5566082, 39.7605134]}, {"id": "4897", "type": "Feature", "properties": {"name": null, "_mahalle_str": "Erenköy Mahallesi", "_hvi_str": "%54", "_aciklama_str": "Sıcaklık: yüksek<br>Ağaç örtüsü: orta<br>Hastaneye uzaklık: orta<br>Yeşil alana uzaklık: uzak<br>Yapılaşma yoğunluğu: çok yoğun<br>Nüfus yoğunluğu: çok yoğun<br>Yaşlı nüfus oranı: orta<br>Çocuk nüfus oranı: orta<br>Sosyoekonomik gelişmişlik: çok yüksek"}, "geometry": {"type": "LineString", "coordinates": [[30.5448607, 39.7535703], [30.544532, 39.7535247], [30.5443277, 39.7534598], [30.5439521, 39.7534677], [30.543517, 39.7534652], [30.5434076, 39.7534691], [30.5431872, 39.7535149], [30.5431006, 39.7535371], [30.5430169, 39.7536018], [30.5425576, 39.7538302], [30.5423625, 39.7539284], [30.5429366, 39.7539481], [30.5430903, 39.7539483], [30.5435147, 39.7539504], [30.5436891, 39.7539568], [30.5439482, 39.7539523], [30.5442679, 39.7539479], [30.5443552, 39.7539385], [30.5444369, 39.753944], [30.5449025, 39.7539293], [30.5455089, 39.753892], [30.5467528, 39.7538675], [30.5472156, 39.7538718], [30.547913, 39.7540224], [30.5479866, 39.7540404], [30.5484773, 39.7541678], [30.5491693, 39.7543532], [30.5497477, 39.7545123], [30.5502837, 39.7546619], [30.5508489, 39.7548183], [30.5513573, 39.7549602], [30.551587, 39.7550241], [30.5518027, 39.7550851], [30.5522188, 39.7552049], [30.5526698, 39.7553328], [30.552746, 39.7553534], [30.5530409, 39.7554303], [30.5533005, 39.7554998], [30.5536533, 39.7555971]]}, "bbox": [30.5423625, 39.7534598, 30.5536533, 39.7555971]}, {"id": "4912", "type": "Feature", "properties": {"name": null, "_mahalle_str": "Erenköy Mahallesi", "_hvi_str": "%52", "_aciklama_str": "Sıcaklık: yüksek<br>Ağaç örtüsü: çok yüksek<br>Hastaneye uzaklık: uzak<br>Yeşil alana uzaklık: uzak<br>Yapılaşma yoğunluğu: çok yoğun<br>Nüfus yoğunluğu: çok yoğun<br>Yaşlı nüfus oranı: orta<br>Çocuk nüfus oranı: orta<br>Sosyoekonomik gelişmişlik: çok yüksek"}, "geometry": {"type": "LineString", "coordinates": [[30.5442025, 39.7531544], [30.5444485, 39.753157], [30.5446276, 39.7531407], [30.54493, 39.7531176], [30.5454547, 39.7530719]]}, "bbox": [30.5442025, 39.7530719, 30.5454547, 39.753157]}, {"id": "4939", "type": "Feature", "properties": {"name": null, "_mahalle_str": "Erenköy Mahallesi", "_hvi_str": "%51", "_aciklama_str": "Sıcaklık: yüksek<br>Ağaç örtüsü: düşük<br>Hastaneye uzaklık: uzak<br>Yeşil alana uzaklık: orta<br>Yapılaşma yoğunluğu: çok yoğun<br>Nüfus yoğunluğu: çok yoğun<br>Yaşlı nüfus oranı: orta<br>Çocuk nüfus oranı: orta<br>Sosyoekonomik gelişmişlik: çok yüksek"}, "geometry": {"type": "LineString", "coordinates": [[30.5454601, 39.7527329], [30.5454547, 39.7530719], [30.5454549, 39.7531648], [30.5454627, 39.7535673], [30.5455089, 39.753892], [30.5455204, 39.7541021], [30.545458, 39.7543568], [30.545457, 39.7544559], [30.5454592, 39.7547891], [30.5454617, 39.7549174]]}, "bbox": [30.5454547, 39.7527329, 30.5455204, 39.7549174]}, {"id": "4941", "type": "Feature", "properties": {"name": "Çınarlık Sokak", "_mahalle_str": "Erenköy Mahallesi", "_hvi_str": "%59", "_aciklama_str": "Sıcaklık: çok yüksek<br>Ağaç örtüsü: orta<br>Hastaneye uzaklık: uzak<br>Yeşil alana uzaklık: uzak<br>Yapılaşma yoğunluğu: çok yoğun<br>Nüfus yoğunluğu: çok yoğun<br>Yaşlı nüfus oranı: orta<br>Çocuk nüfus oranı: orta<br>Sosyoekonomik gelişmişlik: çok yüksek"}, "geometry": {"type": "LineString", "coordinates": [[30.5531905, 39.7508765], [30.551375, 39.7505001], [30.5502391, 39.7502735], [30.549717, 39.7499805], [30.549569, 39.749883], [30.5494507, 39.7496977]]}, "bbox": [30.5494507, 39.7496977, 30.5531905, 39.7508765]}, {"id": "4942", "type": "Feature", "properties": {"name": null, "_mahalle_str": "Erenköy Mahallesi", "_hvi_str": "%58", "_aciklama_str": "Sıcaklık: yüksek<br>Ağaç örtüsü: orta<br>Hastaneye uzaklık: uzak<br>Yeşil alana uzaklık: orta<br>Yapılaşma yoğunluğu: çok yoğun<br>Nüfus yoğunluğu: çok yoğun<br>Yaşlı nüfus oranı: orta<br>Çocuk nüfus oranı: orta<br>Sosyoekonomik gelişmişlik: çok yüksek"}, "geometry": {"type": "LineString", "coordinates": [[30.5496181, 39.7537945], [30.5500184, 39.7538868], [30.5505703, 39.7540406], [30.5511383, 39.7542024], [30.551656, 39.7543557], [30.5518721, 39.7544076], [30.5520841, 39.7544765], [30.5524895, 39.7545947], [30.5529391, 39.7547193], [30.5533385, 39.7548331], [30.5536991, 39.7549349]]}, "bbox": [30.5496181, 39.7537945, 30.5536991, 39.7549349]}, {"id": "4944", "type": "Feature", "properties": {"name": null, "_mahalle_str": "Erenköy Mahallesi", "_hvi_str": "%56", "_aciklama_str": "Sıcaklık: çok yüksek<br>Ağaç örtüsü: orta<br>Hastaneye uzaklık: yakın<br>Yeşil alana uzaklık: çok uzak<br>Yapılaşma yoğunluğu: çok yoğun<br>Nüfus yoğunluğu: çok yoğun<br>Yaşlı nüfus oranı: orta<br>Çocuk nüfus oranı: orta<br>Sosyoekonomik gelişmişlik: çok yüksek"}, "geometry": {"type": "LineString", "coordinates": [[30.5473828, 39.7551602], [30.547179, 39.7555832], [30.5469801, 39.7559991], [30.5468053, 39.7564166], [30.5479966, 39.7567683], [30.5492007, 39.757082], [30.5495216, 39.757151], [30.5504228, 39.7574184], [30.5516216, 39.7577357], [30.5519925, 39.7578266], [30.5534723, 39.7582143]]}, "bbox": [30.5468053, 39.7551602, 30.5534723, 39.7582143]}, {"id": "4945", "type": "Feature", "properties": {"name": null, "_mahalle_str": "Erenköy Mahallesi", "_hvi_str": "%54", "_aciklama_str": "Sıcaklık: yüksek<br>Ağaç örtüsü: orta<br>Hastaneye uzaklık: uzak<br>Yeşil alana uzaklık: uzak<br>Yapılaşma yoğunluğu: yoğun<br>Nüfus yoğunluğu: çok yoğun<br>Yaşlı nüfus oranı: orta<br>Çocuk nüfus oranı: orta<br>Sosyoekonomik gelişmişlik: çok yüksek"}, "geometry": {"type": "LineString", "coordinates": [[30.5465605, 39.7510789], [30.546686, 39.7508801], [30.5467094, 39.7507429], [30.5467716, 39.7504917], [30.5467778, 39.7502922], [30.5470843, 39.7501744], [30.5472554, 39.7501086], [30.5476408, 39.7498966], [30.5480116, 39.7496572], [30.5481967, 39.7498165], [30.5484047, 39.7500024]]}, "bbox": [30.5465605, 39.7496572, 30.5484047, 39.7510789]}, {"id": "4947", "type": "Feature", "properties": {"name": null, "_mahalle_str": "Erenköy Mahallesi", "_hvi_str": "%55", "_aciklama_str": "Sıcaklık: yüksek<br>Ağaç örtüsü: orta<br>Hastaneye uzaklık: yakın<br>Yeşil alana uzaklık: çok uzak<br>Yapılaşma yoğunluğu: çok yoğun<br>Nüfus yoğunluğu: çok yoğun<br>Yaşlı nüfus oranı: orta<br>Çocuk nüfus oranı: orta<br>Sosyoekonomik gelişmişlik: çok yüksek"}, "geometry": {"type": "LineString", "coordinates": [[30.5454617, 39.7549174], [30.5454791, 39.7551635], [30.5455095, 39.7555545], [30.5456688, 39.7556691], [30.5460674, 39.7557708], [30.5469801, 39.7559991], [30.54744, 39.7561161], [30.5482312, 39.7563235], [30.5494236, 39.756644], [30.5495954, 39.7566908], [30.5506387, 39.7569676], [30.551295, 39.7571384], [30.5518347, 39.7572787], [30.5535784, 39.7577406]]}, "bbox": [30.5454617, 39.7549174, 30.5535784, 39.7577406]}, {"id": "4948", "type": "Feature", "properties": {"name": "imdat Sokak", "_mahalle_str": "Erenköy Mahallesi", "_hvi_str": "%55", "_aciklama_str": "Sıcaklık: çok yüksek<br>Ağaç örtüsü: düşük<br>Hastaneye uzaklık: uzak<br>Yeşil alana uzaklık: çok yakın<br>Yapılaşma yoğunluğu: çok yoğun<br>Nüfus yoğunluğu: çok yoğun<br>Yaşlı nüfus oranı: orta<br>Çocuk nüfus oranı: orta<br>Sosyoekonomik gelişmişlik: çok yüksek"}, "geometry": {"type": "LineString", "coordinates": [[30.5507416, 39.752243], [30.5513596, 39.7523748], [30.5517138, 39.7524312], [30.551905, 39.7524491]]}, "bbox": [30.5507416, 39.752243, 30.551905, 39.7524491]}, {"id": "4951", "type": "Feature", "properties": {"name": null, "_mahalle_str": "Erenköy Mahallesi", "_hvi_str": "%59", "_aciklama_str": "Sıcaklık: çok yüksek<br>Ağaç örtüsü: orta<br>Hastaneye uzaklık: uzak<br>Yeşil alana uzaklık: uzak<br>Yapılaşma yoğunluğu: çok yoğun<br>Nüfus yoğunluğu: çok yoğun<br>Yaşlı nüfus oranı: orta<br>Çocuk nüfus oranı: orta<br>Sosyoekonomik gelişmişlik: çok yüksek"}, "geometry": {"type": "LineString", "coordinates": [[30.5503036, 39.7490109], [30.5501047, 39.7492089], [30.549974, 39.7493528], [30.5496916, 39.7495767], [30.5494507, 39.7496977], [30.5493143, 39.7497415], [30.5487345, 39.7499176], [30.5484047, 39.7500024], [30.5481648, 39.7500786], [30.5478986, 39.7501803], [30.5472555, 39.750402], [30.5477595, 39.7509114], [30.5484361, 39.7513168], [30.5487483, 39.7515167], [30.5490828, 39.7517223], [30.5496646, 39.7518642], [30.5501176, 39.7519747], [30.55079, 39.7521233]]}, "bbox": [30.5472555, 39.7490109, 30.55079, 39.7521233]}, {"id": "4954", "type": "Feature", "properties": {"name": null, "_mahalle_str": "Erenköy Mahallesi", "_hvi_str": "%56", "_aciklama_str": "Sıcaklık: yüksek<br>Ağaç örtüsü: düşük<br>Hastaneye uzaklık: uzak<br>Yeşil alana uzaklık: uzak<br>Yapılaşma yoğunluğu: çok yoğun<br>Nüfus yoğunluğu: çok yoğun<br>Yaşlı nüfus oranı: orta<br>Çocuk nüfus oranı: orta<br>Sosyoekonomik gelişmişlik: çok yüksek"}, "geometry": {"type": "LineString", "coordinates": [[30.5454549, 39.7531648], [30.545915, 39.7531621], [30.5468131, 39.7531569]]}, "bbox": [30.5454549, 39.7531569, 30.5468131, 39.7531648]}, {"id": "4956", "type": "Feature", "properties": {"name": null, "_mahalle_str": "Erenköy Mahallesi", "_hvi_str": "%50", "_aciklama_str": "Sıcaklık: yüksek<br>Ağaç örtüsü: orta<br>Hastaneye uzaklık: uzak<br>Yeşil alana uzaklık: uzak<br>Yapılaşma yoğunluğu: yoğun<br>Nüfus yoğunluğu: çok yoğun<br>Yaşlı nüfus oranı: orta<br>Çocuk nüfus oranı: orta<br>Sosyoekonomik gelişmişlik: çok yüksek"}, "geometry": {"type": "LineString", "coordinates": [[30.549514, 39.7491208], [30.5486196, 39.7483654]]}, "bbox": [30.5486196, 39.7483654, 30.549514, 39.7491208]}, {"id": "4959", "type": "Feature", "properties": {"name": null, "_mahalle_str": "Erenköy Mahallesi", "_hvi_str": "%58", "_aciklama_str": "Sıcaklık: çok yüksek<br>Ağaç örtüsü: çok yüksek<br>Hastaneye uzaklık: uzak<br>Yeşil alana uzaklık: çok uzak<br>Yapılaşma yoğunluğu: çok yoğun<br>Nüfus yoğunluğu: çok yoğun<br>Yaşlı nüfus oranı: orta<br>Çocuk nüfus oranı: orta<br>Sosyoekonomik gelişmişlik: çok yüksek"}, "geometry": {"type": "LineString", "coordinates": [[30.5478463, 39.7523521], [30.5466138, 39.7515708], [30.5462613, 39.7513473]]}, "bbox": [30.5462613, 39.7513473, 30.5478463, 39.7523521]}, {"id": "4960", "type": "Feature", "properties": {"name": null, "_mahalle_str": "Erenköy Mahallesi", "_hvi_str": "%50", "_aciklama_str": "Sıcaklık: çok yüksek<br>Ağaç örtüsü: orta<br>Hastaneye uzaklık: uzak<br>Yeşil alana uzaklık: çok uzak<br>Yapılaşma yoğunluğu: yoğun<br>Nüfus yoğunluğu: çok yoğun<br>Yaşlı nüfus oranı: orta<br>Çocuk nüfus oranı: orta<br>Sosyoekonomik gelişmişlik: çok yüksek"}, "geometry": {"type": "LineString", "coordinates": [[30.5451679, 39.751633], [30.5452405, 39.7515328], [30.5452844, 39.7507573]]}, "bbox": [30.5451679, 39.7507573, 30.5452844, 39.751633]}, {"id": "4961", "type": "Feature", "properties": {"name": null, "_mahalle_str": "Çankaya Mahallesi", "_hvi_str": "%51", "_aciklama_str": "Sıcaklık: yüksek<br>Ağaç örtüsü: çok düşük<br>Hastaneye uzaklık: uzak<br>Yeşil alana uzaklık: orta<br>Yapılaşma yoğunluğu: yoğun<br>Nüfus yoğunluğu: çok yoğun<br>Yaşlı nüfus oranı: orta<br>Çocuk nüfus oranı: orta<br>Sosyoekonomik gelişmişlik: çok yüksek"}, "geometry": {"type": "LineString", "coordinates": [[30.5464204, 39.749372], [30.5459984, 39.7489967]]}, "bbox": [30.5459984, 39.7489967, 30.5464204, 39.749372]}, {"id": "4962", "type": "Feature", "properties": {"name": null, "_mahalle_str": "Erenköy Mahallesi", "_hvi_str": "%60", "_aciklama_str": "Sıcaklık: çok yüksek<br>Ağaç örtüsü: düşük<br>Hastaneye uzaklık: uzak<br>Yeşil alana uzaklık: uzak<br>Yapılaşma yoğunluğu: çok yoğun<br>Nüfus yoğunluğu: çok yoğun<br>Yaşlı nüfus oranı: orta<br>Çocuk nüfus oranı: orta<br>Sosyoekonomik gelişmişlik: çok yüksek"}, "geometry": {"type": "LineString", "coordinates": [[30.5518027, 39.7550851], [30.5520841, 39.7544765]]}, "bbox": [30.5518027, 39.7544765, 30.5520841, 39.7550851]}, {"id": "4966", "type": "Feature", "properties": {"name": null, "_mahalle_str": "Erenköy Mahallesi", "_hvi_str": "%59", "_aciklama_str": "Sıcaklık: çok yüksek<br>Ağaç örtüsü: orta<br>Hastaneye uzaklık: uzak<br>Yeşil alana uzaklık: orta<br>Yapılaşma yoğunluğu: çok yoğun<br>Nüfus yoğunluğu: çok yoğun<br>Yaşlı nüfus oranı: orta<br>Çocuk nüfus oranı: orta<br>Sosyoekonomik gelişmişlik: çok yüksek"}, "geometry": {"type": "LineString", "coordinates": [[30.5487091, 39.7526851], [30.5499347, 39.7529876]]}, "bbox": [30.5487091, 39.7526851, 30.5499347, 39.7529876]}, {"id": "4967", "type": "Feature", "properties": {"name": null, "_mahalle_str": "Erenköy Mahallesi", "_hvi_str": "%54", "_aciklama_str": "Sıcaklık: yüksek<br>Ağaç örtüsü: çok düşük<br>Hastaneye uzaklık: uzak<br>Yeşil alana uzaklık: uzak<br>Yapılaşma yoğunluğu: yoğun<br>Nüfus yoğunluğu: çok yoğun<br>Yaşlı nüfus oranı: orta<br>Çocuk nüfus oranı: orta<br>Sosyoekonomik gelişmişlik: çok yüksek"}, "geometry": {"type": "LineString", "coordinates": [[30.5504299, 39.7482412], [30.5499855, 39.7484006]]}, "bbox": [30.5499855, 39.7482412, 30.5504299, 39.7484006]}, {"id": "4969", "type": "Feature", "properties": {"name": "LaleGül Sokak", "_mahalle_str": "Erenköy Mahallesi", "_hvi_str": "%59", "_aciklama_str": "Sıcaklık: yüksek<br>Ağaç örtüsü: düşük<br>Hastaneye uzaklık: çok uzak<br>Yeşil alana uzaklık: uzak<br>Yapılaşma yoğunluğu: çok yoğun<br>Nüfus yoğunluğu: çok yoğun<br>Yaşlı nüfus oranı: orta<br>Çocuk nüfus oranı: orta<br>Sosyoekonomik gelişmişlik: çok yüksek"}, "geometry": {"type": "LineString", "coordinates": [[30.5508655, 39.749573], [30.549974, 39.7493528]]}, "bbox": [30.549974, 39.7493528, 30.5508655, 39.749573]}, {"id": "4972", "type": "Feature", "properties": {"name": null, "_mahalle_str": "Erenköy Mahallesi", "_hvi_str": "%56", "_aciklama_str": "Sıcaklık: çok yüksek<br>Ağaç örtüsü: yüksek<br>Hastaneye uzaklık: orta<br>Yeşil alana uzaklık: yakın<br>Yapılaşma yoğunluğu: çok yoğun<br>Nüfus yoğunluğu: çok yoğun<br>Yaşlı nüfus oranı: orta<br>Çocuk nüfus oranı: orta<br>Sosyoekonomik gelişmişlik: çok yüksek"}, "geometry": {"type": "LineString", "coordinates": [[30.5530409, 39.7554303], [30.5533385, 39.7548331]]}, "bbox": [30.5530409, 39.7548331, 30.5533385, 39.7554303]}, {"id": "4973", "type": "Feature", "properties": {"name": "Bağlık Sokak", "_mahalle_str": "Erenköy Mahallesi", "_hvi_str": "%58", "_aciklama_str": "Sıcaklık: çok yüksek<br>Ağaç örtüsü: orta<br>Hastaneye uzaklık: uzak<br>Yeşil alana uzaklık: uzak<br>Yapılaşma yoğunluğu: çok yoğun<br>Nüfus yoğunluğu: çok yoğun<br>Yaşlı nüfus oranı: orta<br>Çocuk nüfus oranı: orta<br>Sosyoekonomik gelişmişlik: çok yüksek"}, "geometry": {"type": "LineString", "coordinates": [[30.5524532, 39.7469228], [30.5523498, 39.7470789], [30.5521079, 39.7476095], [30.5519895, 39.7479383], [30.5518908, 39.7483022], [30.5518622, 39.7486538], [30.5518269, 39.7490003], [30.5517491, 39.7493944], [30.5516626, 39.7497311], [30.551537, 39.7500802], [30.551375, 39.7505001], [30.5512493, 39.7508721], [30.5512021, 39.7510136], [30.5511567, 39.7511455], [30.5510391, 39.751473], [30.5509148, 39.7518095], [30.5508974, 39.7518547], [30.55079, 39.7521233], [30.5507416, 39.752243], [30.5506775, 39.7523964], [30.5505397, 39.7527135], [30.5503495, 39.7531399], [30.5501528, 39.7535811], [30.5500184, 39.7538868], [30.5497477, 39.7545123]]}, "bbox": [30.5497477, 39.7469228, 30.5524532, 39.7545123]}, {"id": "4975", "type": "Feature", "properties": {"name": null, "_mahalle_str": "Erenköy Mahallesi", "_hvi_str": "%59", "_aciklama_str": "Sıcaklık: yüksek<br>Ağaç örtüsü: düşük<br>Hastaneye uzaklık: orta<br>Yeşil alana uzaklık: uzak<br>Yapılaşma yoğunluğu: çok yoğun<br>Nüfus yoğunluğu: çok yoğun<br>Yaşlı nüfus oranı: orta<br>Çocuk nüfus oranı: orta<br>Sosyoekonomik gelişmişlik: çok yüksek"}, "geometry": {"type": "LineString", "coordinates": [[30.5505827, 39.7554005], [30.5508489, 39.7548183]]}, "bbox": [30.5505827, 39.7548183, 30.5508489, 39.7554005]}, {"id": "4976", "type": "Feature", "properties": {"name": "Karanır Sokak", "_mahalle_str": "Erenköy Mahallesi", "_hvi_str": "%59", "_aciklama_str": "Sıcaklık: çok yüksek<br>Ağaç örtüsü: düşük<br>Hastaneye uzaklık: uzak<br>Yeşil alana uzaklık: orta<br>Yapılaşma yoğunluğu: çok yoğun<br>Nüfus yoğunluğu: çok yoğun<br>Yaşlı nüfus oranı: orta<br>Çocuk nüfus oranı: orta<br>Sosyoekonomik gelişmişlik: çok yüksek"}, "geometry": {"type": "LineString", "coordinates": [[30.5512493, 39.7508721], [30.5523134, 39.7511038], [30.55328, 39.7513087]]}, "bbox": [30.5512493, 39.7508721, 30.55328, 39.7513087]}, {"id": "4978", "type": "Feature", "properties": {"name": null, "_mahalle_str": "Erenköy Mahallesi", "_hvi_str": "%57", "_aciklama_str": "Sıcaklık: yüksek<br>Ağaç örtüsü: yüksek<br>Hastaneye uzaklık: orta<br>Yeşil alana uzaklık: uzak<br>Yapılaşma yoğunluğu: çok yoğun<br>Nüfus yoğunluğu: çok yoğun<br>Yaşlı nüfus oranı: orta<br>Çocuk nüfus oranı: orta<br>Sosyoekonomik gelişmişlik: çok yüksek"}, "geometry": {"type": "LineString", "coordinates": [[30.5481546, 39.7549553], [30.5480404, 39.7553096]]}, "bbox": [30.5480404, 39.7549553, 30.5481546, 39.7553096]}, {"id": "4979", "type": "Feature", "properties": {"name": null, "_mahalle_str": "Erenköy Mahallesi", "_hvi_str": "%58", "_aciklama_str": "Sıcaklık: yüksek<br>Ağaç örtüsü: orta<br>Hastaneye uzaklık: orta<br>Yeşil alana uzaklık: uzak<br>Yapılaşma yoğunluğu: çok yoğun<br>Nüfus yoğunluğu: çok yoğun<br>Yaşlı nüfus oranı: orta<br>Çocuk nüfus oranı: orta<br>Sosyoekonomik gelişmişlik: çok yüksek"}, "geometry": {"type": "LineString", "coordinates": [[30.5492574, 39.7555923], [30.5497477, 39.7545123]]}, "bbox": [30.5492574, 39.7545123, 30.5497477, 39.7555923]}, {"id": "4980", "type": "Feature", "properties": {"name": "Aydıntan Sokak", "_mahalle_str": "Erenköy Mahallesi", "_hvi_str": "%55", "_aciklama_str": "Sıcaklık: çok yüksek<br>Ağaç örtüsü: çok düşük<br>Hastaneye uzaklık: uzak<br>Yeşil alana uzaklık: yakın<br>Yapılaşma yoğunluğu: çok yoğun<br>Nüfus yoğunluğu: çok yoğun<br>Yaşlı nüfus oranı: orta<br>Çocuk nüfus oranı: orta<br>Sosyoekonomik gelişmişlik: çok yüksek"}, "geometry": {"type": "LineString", "coordinates": [[30.5522915, 39.7518295], [30.5527844, 39.7519614], [30.5534092, 39.7521286]]}, "bbox": [30.5522915, 39.7518295, 30.5534092, 39.7521286]}, {"id": "4982", "type": "Feature", "properties": {"name": null, "_mahalle_str": "Erenköy Mahallesi", "_hvi_str": "%54", "_aciklama_str": "Sıcaklık: çok yüksek<br>Ağaç örtüsü: düşük<br>Hastaneye uzaklık: orta<br>Yeşil alana uzaklık: yakın<br>Yapılaşma yoğunluğu: çok yoğun<br>Nüfus yoğunluğu: çok yoğun<br>Yaşlı nüfus oranı: orta<br>Çocuk nüfus oranı: orta<br>Sosyoekonomik gelişmişlik: çok yüksek"}, "geometry": {"type": "LineString", "coordinates": [[30.5533005, 39.7554998], [30.5528562, 39.7565687]]}, "bbox": [30.5528562, 39.7554998, 30.5533005, 39.7565687]}, {"id": "4983", "type": "Feature", "properties": {"name": null, "_mahalle_str": "Erenköy Mahallesi", "_hvi_str": "%58", "_aciklama_str": "Sıcaklık: çok yüksek<br>Ağaç örtüsü: düşük<br>Hastaneye uzaklık: orta<br>Yeşil alana uzaklık: orta<br>Yapılaşma yoğunluğu: çok yoğun<br>Nüfus yoğunluğu: çok yoğun<br>Yaşlı nüfus oranı: orta<br>Çocuk nüfus oranı: orta<br>Sosyoekonomik gelişmişlik: çok yüksek"}, "geometry": {"type": "LineString", "coordinates": [[30.5526698, 39.7553328], [30.5529391, 39.7547193]]}, "bbox": [30.5526698, 39.7547193, 30.5529391, 39.7553328]}, {"id": "4984", "type": "Feature", "properties": {"name": null, "_mahalle_str": "Erenköy Mahallesi", "_hvi_str": "%52", "_aciklama_str": "Sıcaklık: yüksek<br>Ağaç örtüsü: düşük<br>Hastaneye uzaklık: uzak<br>Yeşil alana uzaklık: uzak<br>Yapılaşma yoğunluğu: yoğun<br>Nüfus yoğunluğu: çok yoğun<br>Yaşlı nüfus oranı: orta<br>Çocuk nüfus oranı: orta<br>Sosyoekonomik gelişmişlik: çok yüksek"}, "geometry": {"type": "LineString", "coordinates": [[30.5458649, 39.7502593], [30.5468446, 39.7498847]]}, "bbox": [30.5458649, 39.7498847, 30.5468446, 39.7502593]}, {"id": "4989", "type": "Feature", "properties": {"name": null, "_mahalle_str": "Erenköy Mahallesi", "_hvi_str": "%54", "_aciklama_str": "Sıcaklık: yüksek<br>Ağaç örtüsü: orta<br>Hastaneye uzaklık: uzak<br>Yeşil alana uzaklık: orta<br>Yapılaşma yoğunluğu: çok yoğun<br>Nüfus yoğunluğu: çok yoğun<br>Yaşlı nüfus oranı: orta<br>Çocuk nüfus oranı: orta<br>Sosyoekonomik gelişmişlik: çok yüksek"}, "geometry": {"type": "LineString", "coordinates": [[30.5455204, 39.7541021], [30.5470106, 39.7542976]]}, "bbox": [30.5455204, 39.7541021, 30.5470106, 39.7542976]}, {"id": "4990", "type": "Feature", "properties": {"name": "YeşilÇimen Sokak", "_mahalle_str": "Erenköy Mahallesi", "_hvi_str": "%58", "_aciklama_str": "Sıcaklık: çok yüksek<br>Ağaç örtüsü: orta<br>Hastaneye uzaklık: uzak<br>Yeşil alana uzaklık: uzak<br>Yapılaşma yoğunluğu: çok yoğun<br>Nüfus yoğunluğu: çok yoğun<br>Yaşlı nüfus oranı: orta<br>Çocuk nüfus oranı: orta<br>Sosyoekonomik gelişmişlik: çok yüksek"}, "geometry": {"type": "LineString", "coordinates": [[30.5506099, 39.7499078], [30.551537, 39.7500802], [30.5531089, 39.7503918]]}, "bbox": [30.5506099, 39.7499078, 30.5531089, 39.7503918]}, {"id": "4992", "type": "Feature", "properties": {"name": null, "_mahalle_str": "Erenköy Mahallesi", "_hvi_str": "%57", "_aciklama_str": "Sıcaklık: çok yüksek<br>Ağaç örtüsü: orta<br>Hastaneye uzaklık: uzak<br>Yeşil alana uzaklık: orta<br>Yapılaşma yoğunluğu: çok yoğun<br>Nüfus yoğunluğu: çok yoğun<br>Yaşlı nüfus oranı: orta<br>Çocuk nüfus oranı: orta<br>Sosyoekonomik gelişmişlik: çok yüksek"}, "geometry": {"type": "LineString", "coordinates": [[30.5519701, 39.7536747], [30.5527915, 39.7539161], [30.553872, 39.7542229]]}, "bbox": [30.5519701, 39.7536747, 30.553872, 39.7542229]}, {"id": "4993", "type": "Feature", "properties": {"name": null, "_mahalle_str": "Erenköy Mahallesi", "_hvi_str": "%58", "_aciklama_str": "Sıcaklık: yüksek<br>Ağaç örtüsü: düşük<br>Hastaneye uzaklık: uzak<br>Yeşil alana uzaklık: orta<br>Yapılaşma yoğunluğu: çok yoğun<br>Nüfus yoğunluğu: çok yoğun<br>Yaşlı nüfus oranı: orta<br>Çocuk nüfus oranı: orta<br>Sosyoekonomik gelişmişlik: çok yüksek"}, "geometry": {"type": "LineString", "coordinates": [[30.5518171, 39.7540063], [30.5526489, 39.7542365], [30.5538167, 39.7545687]]}, "bbox": [30.5518171, 39.7540063, 30.5538167, 39.7545687]}, {"id": "4996", "type": "Feature", "properties": {"name": null, "_mahalle_str": "Erenköy Mahallesi", "_hvi_str": "%60", "_aciklama_str": "Sıcaklık: çok yüksek<br>Ağaç örtüsü: düşük<br>Hastaneye uzaklık: uzak<br>Yeşil alana uzaklık: uzak<br>Yapılaşma yoğunluğu: çok yoğun<br>Nüfus yoğunluğu: çok yoğun<br>Yaşlı nüfus oranı: orta<br>Çocuk nüfus oranı: orta<br>Sosyoekonomik gelişmişlik: çok yüksek"}, "geometry": {"type": "LineString", "coordinates": [[30.5468131, 39.7531569], [30.5469284, 39.7530618], [30.547206, 39.7528465], [30.5473965, 39.752703], [30.5475616, 39.7525196]]}, "bbox": [30.5468131, 39.7525196, 30.5475616, 39.7531569]}, {"id": "4997", "type": "Feature", "properties": {"name": null, "_mahalle_str": "Yenidoğan Mahallesi", "_hvi_str": "%53", "_aciklama_str": "Sıcaklık: çok yüksek<br>Ağaç örtüsü: çok düşük<br>Hastaneye uzaklık: yakın<br>Yeşil alana uzaklık: orta<br>Yapılaşma yoğunluğu: çok yoğun<br>Nüfus yoğunluğu: çok yoğun<br>Yaşlı nüfus oranı: orta<br>Çocuk nüfus oranı: orta<br>Sosyoekonomik gelişmişlik: çok yüksek"}, "geometry": {"type": "LineString", "coordinates": [[30.5567439, 39.7598535], [30.555364, 39.7602195], [30.5562504, 39.7593216]]}, "bbox": [30.555364, 39.7593216, 30.5567439, 39.7602195]}, {"id": "5000", "type": "Feature", "properties": {"name": null, "_mahalle_str": "Erenköy Mahallesi", "_hvi_str": "%60", "_aciklama_str": "Sıcaklık: çok yüksek<br>Ağaç örtüsü: düşük<br>Hastaneye uzaklık: orta<br>Yeşil alana uzaklık: uzak<br>Yapılaşma yoğunluğu: çok yoğun<br>Nüfus yoğunluğu: çok yoğun<br>Yaşlı nüfus oranı: orta<br>Çocuk nüfus oranı: orta<br>Sosyoekonomik gelişmişlik: çok yüksek"}, "geometry": {"type": "LineString", "coordinates": [[30.551587, 39.7550241], [30.5514276, 39.7553615], [30.5513243, 39.7555662], [30.5513037, 39.7556069], [30.5510818, 39.7560761]]}, "bbox": [30.5510818, 39.7550241, 30.551587, 39.7560761]}, {"id": "5007", "type": "Feature", "properties": {"name": null, "_mahalle_str": "Erenköy Mahallesi", "_hvi_str": "%56", "_aciklama_str": "Sıcaklık: çok yüksek<br>Ağaç örtüsü: orta<br>Hastaneye uzaklık: orta<br>Yeşil alana uzaklık: yakın<br>Yapılaşma yoğunluğu: çok yoğun<br>Nüfus yoğunluğu: çok yoğun<br>Yaşlı nüfus oranı: orta<br>Çocuk nüfus oranı: orta<br>Sosyoekonomik gelişmişlik: çok yüksek"}, "geometry": {"type": "LineString", "coordinates": [[30.552746, 39.7553534], [30.5524803, 39.75592], [30.5522408, 39.7564297]]}, "bbox": [30.5522408, 39.7553534, 30.552746, 39.7564297]}, {"id": "5013", "type": "Feature", "properties": {"name": null, "_mahalle_str": "Yenidoğan Mahallesi", "_hvi_str": "%53", "_aciklama_str": "Sıcaklık: çok yüksek<br>Ağaç örtüsü: çok düşük<br>Hastaneye uzaklık: yakın<br>Yeşil alana uzaklık: orta<br>Yapılaşma yoğunluğu: çok yoğun<br>Nüfus yoğunluğu: çok yoğun<br>Yaşlı nüfus oranı: orta<br>Çocuk nüfus oranı: orta<br>Sosyoekonomik gelişmişlik: çok yüksek"}, "geometry": {"type": "LineString", "coordinates": [[30.5544161, 39.7603825], [30.5543451, 39.7602868], [30.5542203, 39.760152], [30.5537999, 39.7599524]]}, "bbox": [30.5537999, 39.7599524, 30.5544161, 39.7603825]}, {"id": "5015", "type": "Feature", "properties": {"name": "Demirözü Sokak", "_mahalle_str": "Erenköy Mahallesi", "_hvi_str": "%51", "_aciklama_str": "Sıcaklık: çok yüksek<br>Ağaç örtüsü: yüksek<br>Hastaneye uzaklık: uzak<br>Yeşil alana uzaklık: orta<br>Yapılaşma yoğunluğu: yoğun<br>Nüfus yoğunluğu: çok yoğun<br>Yaşlı nüfus oranı: orta<br>Çocuk nüfus oranı: orta<br>Sosyoekonomik gelişmişlik: çok yüksek"}, "geometry": {"type": "LineString", "coordinates": [[30.5505497, 39.7487859], [30.5518269, 39.7490003], [30.5529134, 39.7492394]]}, "bbox": [30.5505497, 39.7487859, 30.5529134, 39.7492394]}, {"id": "5016", "type": "Feature", "properties": {"name": "Alaçınar Sokak", "_mahalle_str": "Erenköy Mahallesi", "_hvi_str": "%57", "_aciklama_str": "Sıcaklık: çok yüksek<br>Ağaç örtüsü: orta<br>Hastaneye uzaklık: uzak<br>Yeşil alana uzaklık: orta<br>Yapılaşma yoğunluğu: çok yoğun<br>Nüfus yoğunluğu: çok yoğun<br>Yaşlı nüfus oranı: orta<br>Çocuk nüfus oranı: orta<br>Sosyoekonomik gelişmişlik: çok yüksek"}, "geometry": {"type": "LineString", "coordinates": [[30.5522054, 39.7513919], [30.5523134, 39.7511038]]}, "bbox": [30.5522054, 39.7511038, 30.5523134, 39.7513919]}, {"id": "5017", "type": "Feature", "properties": {"name": "Yılmazlar Sokak", "_mahalle_str": "Erenköy Mahallesi", "_hvi_str": "%58", "_aciklama_str": "Sıcaklık: çok yüksek<br>Ağaç örtüsü: orta<br>Hastaneye uzaklık: uzak<br>Yeşil alana uzaklık: çok uzak<br>Yapılaşma yoğunluğu: çok yoğun<br>Nüfus yoğunluğu: çok yoğun<br>Yaşlı nüfus oranı: orta<br>Çocuk nüfus oranı: orta<br>Sosyoekonomik gelişmişlik: çok yüksek"}, "geometry": {"type": "LineString", "coordinates": [[30.5508655, 39.749573], [30.5506099, 39.7499078], [30.5502391, 39.7502735], [30.5501738, 39.7503811], [30.5500952, 39.7504707], [30.5497439, 39.7507782], [30.549539, 39.7509599], [30.5493793, 39.7509747], [30.549059, 39.7512292], [30.5487483, 39.7515167], [30.5483762, 39.7519054], [30.5483117, 39.7519663], [30.5480945, 39.7521463], [30.5478463, 39.7523521], [30.5477134, 39.7524312], [30.5475616, 39.7525196], [30.5469585, 39.752234], [30.5457522, 39.7517879], [30.5461152, 39.7514784], [30.5462613, 39.7513473], [30.5465605, 39.7510789], [30.5458485, 39.7508983], [30.5454753, 39.7508108], [30.5452844, 39.7507573], [30.5448923, 39.7506591], [30.5444711, 39.7509336], [30.5441931, 39.7510647], [30.5440333, 39.7511401], [30.5434164, 39.7508953], [30.5431179, 39.7511171], [30.5430934, 39.7509595], [30.5428478, 39.7506208]]}, "bbox": [30.5428478, 39.749573, 30.5508655, 39.7525196]}, {"id": "5024", "type": "Feature", "properties": {"name": null, "_mahalle_str": "Erenköy Mahallesi", "_hvi_str": "%53", "_aciklama_str": "Sıcaklık: yüksek<br>Ağaç örtüsü: orta<br>Hastaneye uzaklık: uzak<br>Yeşil alana uzaklık: uzak<br>Yapılaşma yoğunluğu: yoğun<br>Nüfus yoğunluğu: çok yoğun<br>Yaşlı nüfus oranı: orta<br>Çocuk nüfus oranı: orta<br>Sosyoekonomik gelişmişlik: çok yüksek"}, "geometry": {"type": "LineString", "coordinates": [[30.5472555, 39.750402], [30.5470843, 39.7501744], [30.5468446, 39.7498847], [30.5464204, 39.749372]]}, "bbox": [30.5464204, 39.749372, 30.5472555, 39.750402]}, {"id": "5027", "type": "Feature", "properties": {"name": null, "_mahalle_str": "Erenköy Mahallesi", "_hvi_str": "%55", "_aciklama_str": "Sıcaklık: yüksek<br>Ağaç örtüsü: yüksek<br>Hastaneye uzaklık: uzak<br>Yeşil alana uzaklık: orta<br>Yapılaşma yoğunluğu: çok yoğun<br>Nüfus yoğunluğu: çok yoğun<br>Yaşlı nüfus oranı: orta<br>Çocuk nüfus oranı: orta<br>Sosyoekonomik gelişmişlik: çok yüksek"}, "geometry": {"type": "LineString", "coordinates": [[30.5508489, 39.7548183], [30.5511383, 39.7542024], [30.5515216, 39.7532554], [30.5516446, 39.7529491]]}, "bbox": [30.5508489, 39.7529491, 30.5516446, 39.7548183]}, {"id": "5031", "type": "Feature", "properties": {"name": null, "_mahalle_str": "Erenköy Mahallesi", "_hvi_str": "%59", "_aciklama_str": "Sıcaklık: çok yüksek<br>Ağaç örtüsü: düşük<br>Hastaneye uzaklık: orta<br>Yeşil alana uzaklık: orta<br>Yapılaşma yoğunluğu: çok yoğun<br>Nüfus yoğunluğu: çok yoğun<br>Yaşlı nüfus oranı: orta<br>Çocuk nüfus oranı: orta<br>Sosyoekonomik gelişmişlik: çok yüksek"}, "geometry": {"type": "LineString", "coordinates": [[30.5524803, 39.75592], [30.5513243, 39.7555662]]}, "bbox": [30.5513243, 39.7555662, 30.5524803, 39.75592]}, {"id": "5035", "type": "Feature", "properties": {"name": null, "_mahalle_str": "Erenköy Mahallesi", "_hvi_str": "%61", "_aciklama_str": "Sıcaklık: çok yüksek<br>Ağaç örtüsü: orta<br>Hastaneye uzaklık: uzak<br>Yeşil alana uzaklık: uzak<br>Yapılaşma yoğunluğu: çok yoğun<br>Nüfus yoğunluğu: çok yoğun<br>Yaşlı nüfus oranı: orta<br>Çocuk nüfus oranı: orta<br>Sosyoekonomik gelişmişlik: çok yüksek"}, "geometry": {"type": "LineString", "coordinates": [[30.5481648, 39.7500786], [30.5487991, 39.7506438], [30.5493793, 39.7509747], [30.5499683, 39.7513334]]}, "bbox": [30.5481648, 39.7500786, 30.5499683, 39.7513334]}, {"id": "5041", "type": "Feature", "properties": {"name": null, "_mahalle_str": "Erenköy Mahallesi", "_hvi_str": "%56", "_aciklama_str": "Sıcaklık: yüksek<br>Ağaç örtüsü: orta<br>Hastaneye uzaklık: uzak<br>Yeşil alana uzaklık: uzak<br>Yapılaşma yoğunluğu: çok yoğun<br>Nüfus yoğunluğu: çok yoğun<br>Yaşlı nüfus oranı: orta<br>Çocuk nüfus oranı: orta<br>Sosyoekonomik gelişmişlik: çok yüksek"}, "geometry": {"type": "LineString", "coordinates": [[30.5481967, 39.7498165], [30.5490417, 39.7493749], [30.549514, 39.7491208], [30.5497588, 39.7489435]]}, "bbox": [30.5481967, 39.7489435, 30.5497588, 39.7498165]}, {"id": "5045", "type": "Feature", "properties": {"name": null, "_mahalle_str": "Yenidoğan Mahallesi", "_hvi_str": "%55", "_aciklama_str": "Sıcaklık: çok yüksek<br>Ağaç örtüsü: çok düşük<br>Hastaneye uzaklık: yakın<br>Yeşil alana uzaklık: uzak<br>Yapılaşma yoğunluğu: çok yoğun<br>Nüfus yoğunluğu: çok yoğun<br>Yaşlı nüfus oranı: orta<br>Çocuk nüfus oranı: orta<br>Sosyoekonomik gelişmişlik: çok yüksek"}, "geometry": {"type": "LineString", "coordinates": [[30.555207, 39.7596818], [30.5551319, 39.7595896], [30.554832, 39.7592812], [30.5546266, 39.7590698], [30.5544889, 39.7589282], [30.5540086, 39.7585887], [30.553613, 39.7585001], [30.5534443, 39.7584623]]}, "bbox": [30.5534443, 39.7584623, 30.555207, 39.7596818]}, {"id": "5049", "type": "Feature", "properties": {"name": null, "_mahalle_str": "Erenköy Mahallesi", "_hvi_str": "%61", "_aciklama_str": "Sıcaklık: çok yüksek<br>Ağaç örtüsü: orta<br>Hastaneye uzaklık: uzak<br>Yeşil alana uzaklık: uzak<br>Yapılaşma yoğunluğu: çok yoğun<br>Nüfus yoğunluğu: çok yoğun<br>Yaşlı nüfus oranı: orta<br>Çocuk nüfus oranı: orta<br>Sosyoekonomik gelişmişlik: çok yüksek"}, "geometry": {"type": "LineString", "coordinates": [[30.550127, 39.7512438], [30.5502698, 39.751121], [30.5497439, 39.7507782], [30.5493918, 39.7505668], [30.549123, 39.750392], [30.5487345, 39.7499176]]}, "bbox": [30.5487345, 39.7499176, 30.5502698, 39.7512438]}, {"id": "5051", "type": "Feature", "properties": {"name": null, "_mahalle_str": "Erenköy Mahallesi", "_hvi_str": "%56", "_aciklama_str": "Sıcaklık: çok yüksek<br>Ağaç örtüsü: orta<br>Hastaneye uzaklık: uzak<br>Yeşil alana uzaklık: orta<br>Yapılaşma yoğunluğu: çok yoğun<br>Nüfus yoğunluğu: çok yoğun<br>Yaşlı nüfus oranı: orta<br>Çocuk nüfus oranı: orta<br>Sosyoekonomik gelişmişlik: çok yüksek"}, "geometry": {"type": "LineString", "coordinates": [[30.5522188, 39.7552049], [30.5524895, 39.7545947], [30.5526489, 39.7542365], [30.5527915, 39.7539161], [30.552895, 39.7535504]]}, "bbox": [30.5522188, 39.7535504, 30.552895, 39.7552049]}, {"id": "5055", "type": "Feature", "properties": {"name": null, "_mahalle_str": "Yenidoğan Mahallesi", "_hvi_str": "%53", "_aciklama_str": "Sıcaklık: çok yüksek<br>Ağaç örtüsü: çok düşük<br>Hastaneye uzaklık: çok yakın<br>Yeşil alana uzaklık: uzak<br>Yapılaşma yoğunluğu: çok yoğun<br>Nüfus yoğunluğu: çok yoğun<br>Yaşlı nüfus oranı: orta<br>Çocuk nüfus oranı: orta<br>Sosyoekonomik gelişmişlik: çok yüksek"}, "geometry": {"type": "LineString", "coordinates": [[30.5556353, 39.7593012], [30.555476, 39.7591478], [30.5551131, 39.7587997], [30.5549215, 39.7586159], [30.5545984, 39.7583239], [30.5543496, 39.7581786], [30.554066, 39.758121]]}, "bbox": [30.554066, 39.758121, 30.5556353, 39.7593012]}, {"id": "5057", "type": "Feature", "properties": {"name": null, "_mahalle_str": "Erenköy Mahallesi", "_hvi_str": "%57", "_aciklama_str": "Sıcaklık: yüksek<br>Ağaç örtüsü: yüksek<br>Hastaneye uzaklık: orta<br>Yeşil alana uzaklık: uzak<br>Yapılaşma yoğunluğu: çok yoğun<br>Nüfus yoğunluğu: çok yoğun<br>Yaşlı nüfus oranı: orta<br>Çocuk nüfus oranı: orta<br>Sosyoekonomik gelişmişlik: çok yüksek"}, "geometry": {"type": "LineString", "coordinates": [[30.5502312, 39.7578285], [30.5504228, 39.7574184], [30.5506387, 39.7569676], [30.550833, 39.7565741], [30.5510818, 39.7560761]]}, "bbox": [30.5502312, 39.7560761, 30.5510818, 39.7578285]}, {"id": "5059", "type": "Feature", "properties": {"name": null, "_mahalle_str": "Erenköy Mahallesi", "_hvi_str": "%50", "_aciklama_str": "Sıcaklık: çok yüksek<br>Ağaç örtüsü: orta<br>Hastaneye uzaklık: orta<br>Yeşil alana uzaklık: çok uzak<br>Yapılaşma yoğunluğu: yoğun<br>Nüfus yoğunluğu: çok yoğun<br>Yaşlı nüfus oranı: orta<br>Çocuk nüfus oranı: orta<br>Sosyoekonomik gelişmişlik: çok yüksek"}, "geometry": {"type": "LineString", "coordinates": [[30.543954, 39.7505043], [30.5441931, 39.7510647], [30.5446452, 39.7514382], [30.5451679, 39.751633], [30.5453517, 39.7517136]]}, "bbox": [30.543954, 39.7505043, 30.5453517, 39.7517136]}, {"id": "5062", "type": "Feature", "properties": {"name": null, "_mahalle_str": "Erenköy Mahallesi", "_hvi_str": "%58", "_aciklama_str": "Sıcaklık: yüksek<br>Ağaç örtüsü: düşük<br>Hastaneye uzaklık: uzak<br>Yeşil alana uzaklık: uzak<br>Yapılaşma yoğunluğu: çok yoğun<br>Nüfus yoğunluğu: çok yoğun<br>Yaşlı nüfus oranı: orta<br>Çocuk nüfus oranı: orta<br>Sosyoekonomik gelişmişlik: çok yüksek"}, "geometry": {"type": "LineString", "coordinates": [[30.5468131, 39.7531569], [30.5473635, 39.7534921], [30.5472156, 39.7538718]]}, "bbox": [30.5468131, 39.7531569, 30.5473635, 39.7538718]}, {"id": "5064", "type": "Feature", "properties": {"name": null, "_mahalle_str": "Erenköy Mahallesi", "_hvi_str": "%51", "_aciklama_str": "Sıcaklık: yüksek<br>Ağaç örtüsü: yüksek<br>Hastaneye uzaklık: uzak<br>Yeşil alana uzaklık: uzak<br>Yapılaşma yoğunluğu: yoğun<br>Nüfus yoğunluğu: çok yoğun<br>Yaşlı nüfus oranı: orta<br>Çocuk nüfus oranı: orta<br>Sosyoekonomik gelişmişlik: çok yüksek"}, "geometry": {"type": "LineString", "coordinates": [[30.5482554, 39.7485939], [30.5486196, 39.7483654], [30.5488036, 39.7482331], [30.5490555, 39.7483589], [30.5497588, 39.7489435], [30.5501047, 39.7492089]]}, "bbox": [30.5482554, 39.7482331, 30.5501047, 39.7492089]}, {"id": "5065", "type": "Feature", "properties": {"name": "Kırbağı Caddesi", "_mahalle_str": "Erenköy Mahallesi", "_hvi_str": "%56", "_aciklama_str": "Sıcaklık: yüksek<br>Ağaç örtüsü: orta<br>Hastaneye uzaklık: uzak<br>Yeşil alana uzaklık: orta<br>Yapılaşma yoğunluğu: çok yoğun<br>Nüfus yoğunluğu: çok yoğun<br>Yaşlı nüfus oranı: orta<br>Çocuk nüfus oranı: orta<br>Sosyoekonomik gelişmişlik: çok yüksek"}, "geometry": {"type": "LineString", "coordinates": [[30.5498441, 39.755745], [30.5500385, 39.7552334], [30.5502837, 39.7546619], [30.5505703, 39.7540406], [30.5509186, 39.7532959], [30.5511297, 39.7528447], [30.5513596, 39.7523748]]}, "bbox": [30.5498441, 39.7523748, 30.5513596, 39.755745]}, {"id": "5070", "type": "Feature", "properties": {"name": "Çeliktepe Sokak", "_mahalle_str": "Erenköy Mahallesi", "_hvi_str": "%63", "_aciklama_str": "Sıcaklık: çok yüksek<br>Ağaç örtüsü: düşük<br>Hastaneye uzaklık: çok uzak<br>Yeşil alana uzaklık: uzak<br>Yapılaşma yoğunluğu: çok yoğun<br>Nüfus yoğunluğu: çok yoğun<br>Yaşlı nüfus oranı: orta<br>Çocuk nüfus oranı: orta<br>Sosyoekonomik gelişmişlik: çok yüksek"}, "geometry": {"type": "LineString", "coordinates": [[30.5500952, 39.7504707], [30.5512021, 39.7510136]]}, "bbox": [30.5500952, 39.7504707, 30.5512021, 39.7510136]}, {"id": "5074", "type": "Feature", "properties": {"name": null, "_mahalle_str": "Erenköy Mahallesi", "_hvi_str": "%56", "_aciklama_str": "Sıcaklık: çok yüksek<br>Ağaç örtüsü: düşük<br>Hastaneye uzaklık: uzak<br>Yeşil alana uzaklık: orta<br>Yapılaşma yoğunluğu: çok yoğun<br>Nüfus yoğunluğu: çok yoğun<br>Yaşlı nüfus oranı: orta<br>Çocuk nüfus oranı: orta<br>Sosyoekonomik gelişmişlik: çok yüksek"}, "geometry": {"type": "LineString", "coordinates": [[30.5513573, 39.7549602], [30.551656, 39.7543557], [30.5518171, 39.7540063], [30.5519701, 39.7536747], [30.5520973, 39.7533918]]}, "bbox": [30.5513573, 39.7533918, 30.5520973, 39.7549602]}, {"id": "5077", "type": "Feature", "properties": {"name": "Türkalp Sokak", "_mahalle_str": "Erenköy Mahallesi", "_hvi_str": "%51", "_aciklama_str": "Sıcaklık: çok yüksek<br>Ağaç örtüsü: düşük<br>Hastaneye uzaklık: uzak<br>Yeşil alana uzaklık: orta<br>Yapılaşma yoğunluğu: yoğun<br>Nüfus yoğunluğu: çok yoğun<br>Yaşlı nüfus oranı: orta<br>Çocuk nüfus oranı: orta<br>Sosyoekonomik gelişmişlik: çok yüksek"}, "geometry": {"type": "LineString", "coordinates": [[30.550681, 39.7485094], [30.5507958, 39.7485053], [30.5511275, 39.7484933], [30.5518622, 39.7486538], [30.5528351, 39.7488537]]}, "bbox": [30.550681, 39.7484933, 30.5528351, 39.7488537]}, {"id": "5078", "type": "Feature", "properties": {"name": null, "_mahalle_str": "Erenköy Mahallesi", "_hvi_str": "%56", "_aciklama_str": "Sıcaklık: yüksek<br>Ağaç örtüsü: orta<br>Hastaneye uzaklık: orta<br>Yeşil alana uzaklık: uzak<br>Yapılaşma yoğunluğu: çok yoğun<br>Nüfus yoğunluğu: çok yoğun<br>Yaşlı nüfus oranı: orta<br>Çocuk nüfus oranı: orta<br>Sosyoekonomik gelişmişlik: çok yüksek"}, "geometry": {"type": "LineString", "coordinates": [[30.545457, 39.7544559], [30.5468826, 39.7546115], [30.5481546, 39.7549553], [30.5483311, 39.7545083], [30.5484773, 39.7541678], [30.5486362, 39.7538085], [30.5493535, 39.7540381]]}, "bbox": [30.545457, 39.7538085, 30.5493535, 39.7549553]}, {"id": "5079", "type": "Feature", "properties": {"name": "YamanTürk Sokak", "_mahalle_str": "Erenköy Mahallesi", "_hvi_str": "%55", "_aciklama_str": "Sıcaklık: çok yüksek<br>Ağaç örtüsü: orta<br>Hastaneye uzaklık: uzak<br>Yeşil alana uzaklık: çok yakın<br>Yapılaşma yoğunluğu: çok yoğun<br>Nüfus yoğunluğu: çok yoğun<br>Yaşlı nüfus oranı: orta<br>Çocuk nüfus oranı: orta<br>Sosyoekonomik gelişmişlik: çok yüksek"}, "geometry": {"type": "LineString", "coordinates": [[30.5480945, 39.7521463], [30.5484516, 39.752229], [30.5492594, 39.7524162], [30.550098, 39.7526105], [30.5505397, 39.7527135], [30.5511297, 39.7528447], [30.5516446, 39.7529491], [30.5522701, 39.7530843], [30.5536199, 39.7533837]]}, "bbox": [30.5480945, 39.7521463, 30.5536199, 39.7533837]}, {"id": "5080", "type": "Feature", "properties": {"name": null, "_mahalle_str": "Erenköy Mahallesi", "_hvi_str": "%58", "_aciklama_str": "Sıcaklık: çok yüksek<br>Ağaç örtüsü: düşük<br>Hastaneye uzaklık: orta<br>Yeşil alana uzaklık: uzak<br>Yapılaşma yoğunluğu: çok yoğun<br>Nüfus yoğunluğu: çok yoğun<br>Yaşlı nüfus oranı: orta<br>Çocuk nüfus oranı: orta<br>Sosyoekonomik gelişmişlik: çok yüksek"}, "geometry": {"type": "LineString", "coordinates": [[30.5509773, 39.7591671], [30.5512441, 39.758576], [30.5514304, 39.7581572], [30.5516216, 39.7577357], [30.5518347, 39.7572787], [30.5520194, 39.7568914], [30.5522408, 39.7564297]]}, "bbox": [30.5509773, 39.7564297, 30.5522408, 39.7591671]}, {"id": "5083", "type": "Feature", "properties": {"name": null, "_mahalle_str": "Erenköy Mahallesi", "_hvi_str": "%56", "_aciklama_str": "Sıcaklık: yüksek<br>Ağaç örtüsü: orta<br>Hastaneye uzaklık: orta<br>Yeşil alana uzaklık: çok uzak<br>Yapılaşma yoğunluğu: çok yoğun<br>Nüfus yoğunluğu: çok yoğun<br>Yaşlı nüfus oranı: orta<br>Çocuk nüfus oranı: orta<br>Sosyoekonomik gelişmişlik: çok yüksek"}, "geometry": {"type": "LineString", "coordinates": [[30.5454791, 39.7551635], [30.547179, 39.7555832], [30.5484165, 39.7559227], [30.5496293, 39.7562465], [30.5500314, 39.7563429], [30.550833, 39.7565741], [30.5520194, 39.7568914], [30.553646, 39.7572967]]}, "bbox": [30.5454791, 39.7551635, 30.553646, 39.7572967]}, {"id": "5084", "type": "Feature", "properties": {"name": null, "_mahalle_str": "Erenköy Mahallesi", "_hvi_str": "%59", "_aciklama_str": "Sıcaklık: çok yüksek<br>Ağaç örtüsü: düşük<br>Hastaneye uzaklık: uzak<br>Yeşil alana uzaklık: çok uzak<br>Yapılaşma yoğunluğu: çok yoğun<br>Nüfus yoğunluğu: çok yoğun<br>Yaşlı nüfus oranı: orta<br>Çocuk nüfus oranı: orta<br>Sosyoekonomik gelişmişlik: çok yüksek"}, "geometry": {"type": "LineString", "coordinates": [[30.5499236, 39.7515608], [30.5494858, 39.7514843], [30.549059, 39.7512292], [30.5482918, 39.7507653], [30.5478986, 39.7501803], [30.5476408, 39.7498966], [30.54748, 39.7497422], [30.5467101, 39.7491699]]}, "bbox": [30.5467101, 39.7491699, 30.5499236, 39.7515608]}, {"id": "5085", "type": "Feature", "properties": {"name": null, "_mahalle_str": "Erenköy Mahallesi", "_hvi_str": "%53", "_aciklama_str": "Sıcaklık: çok yüksek<br>Ağaç örtüsü: orta<br>Hastaneye uzaklık: uzak<br>Yeşil alana uzaklık: uzak<br>Yapılaşma yoğunluğu: yoğun<br>Nüfus yoğunluğu: çok yoğun<br>Yaşlı nüfus oranı: orta<br>Çocuk nüfus oranı: orta<br>Sosyoekonomik gelişmişlik: çok yüksek"}, "geometry": {"type": "LineString", "coordinates": [[30.5453044, 39.7518644], [30.545088, 39.7517674], [30.5447696, 39.7517444], [30.5445905, 39.751775], [30.5447795, 39.7520887], [30.5451079, 39.7524405], [30.5454601, 39.7527329], [30.5458776, 39.752808], [30.5461481, 39.7524926]]}, "bbox": [30.5445905, 39.7517444, 30.5461481, 39.752808]}, {"id": "5086", "type": "Feature", "properties": {"name": null, "_mahalle_str": "Erenköy Mahallesi", "_hvi_str": "%54", "_aciklama_str": "Sıcaklık: çok yüksek<br>Ağaç örtüsü: düşük<br>Hastaneye uzaklık: uzak<br>Yeşil alana uzaklık: çok yakın<br>Yapılaşma yoğunluğu: çok yoğun<br>Nüfus yoğunluğu: çok yoğun<br>Yaşlı nüfus oranı: orta<br>Çocuk nüfus oranı: orta<br>Sosyoekonomik gelişmişlik: çok yüksek"}, "geometry": {"type": "LineString", "coordinates": [[30.5515216, 39.7532554], [30.5520973, 39.7533918]]}, "bbox": [30.5515216, 39.7532554, 30.5520973, 39.7533918]}, {"id": "5107", "type": "Feature", "properties": {"name": null, "_mahalle_str": "Erenköy Mahallesi", "_hvi_str": "%52", "_aciklama_str": "Sıcaklık: çok yüksek<br>Ağaç örtüsü: orta<br>Hastaneye uzaklık: uzak<br>Yeşil alana uzaklık: çok uzak<br>Yapılaşma yoğunluğu: yoğun<br>Nüfus yoğunluğu: çok yoğun<br>Yaşlı nüfus oranı: orta<br>Çocuk nüfus oranı: orta<br>Sosyoekonomik gelişmişlik: çok yüksek"}, "geometry": {"type": "LineString", "coordinates": [[30.5454894, 39.751327], [30.5461152, 39.7514784]]}, "bbox": [30.5454894, 39.751327, 30.5461152, 39.7514784]}, {"id": "5118", "type": "Feature", "properties": {"name": null, "_mahalle_str": "Erenköy Mahallesi", "_hvi_str": "%56", "_aciklama_str": "Sıcaklık: yüksek<br>Ağaç örtüsü: orta<br>Hastaneye uzaklık: uzak<br>Yeşil alana uzaklık: çok uzak<br>Yapılaşma yoğunluğu: çok yoğun<br>Nüfus yoğunluğu: çok yoğun<br>Yaşlı nüfus oranı: orta<br>Çocuk nüfus oranı: orta<br>Sosyoekonomik gelişmişlik: çok yüksek"}, "geometry": {"type": "LineString", "coordinates": [[30.54553, 39.7497927], [30.5458649, 39.7502593], [30.5459626, 39.7503677], [30.5460863, 39.7504643], [30.5463201, 39.750644], [30.546686, 39.7508801], [30.5470952, 39.7511283], [30.5483762, 39.7519054]]}, "bbox": [30.54553, 39.7497927, 30.5483762, 39.7519054]}, {"id": "5119", "type": "Feature", "properties": {"name": null, "_mahalle_str": "Erenköy Mahallesi", "_hvi_str": "%51", "_aciklama_str": "Sıcaklık: yüksek<br>Ağaç örtüsü: orta<br>Hastaneye uzaklık: uzak<br>Yeşil alana uzaklık: çok uzak<br>Yapılaşma yoğunluğu: yoğun<br>Nüfus yoğunluğu: çok yoğun<br>Yaşlı nüfus oranı: orta<br>Çocuk nüfus oranı: orta<br>Sosyoekonomik gelişmişlik: çok yüksek"}, "geometry": {"type": "LineString", "coordinates": [[30.5454753, 39.7508108], [30.5454608, 39.7509228], [30.545522, 39.7511039], [30.5454894, 39.751327], [30.5454372, 39.7515006], [30.5452405, 39.7515328]]}, "bbox": [30.5452405, 39.7508108, 30.545522, 39.7515328]}, {"id": "5188", "type": "Feature", "properties": {"name": null, "_mahalle_str": "Karapınar Mahallesi", "_hvi_str": "%51", "_aciklama_str": "Sıcaklık: yüksek<br>Ağaç örtüsü: yüksek<br>Hastaneye uzaklık: uzak<br>Yeşil alana uzaklık: uzak<br>Yapılaşma yoğunluğu: çok yoğun<br>Nüfus yoğunluğu: çok yoğun<br>Yaşlı nüfus oranı: orta<br>Çocuk nüfus oranı: orta<br>Sosyoekonomik gelişmişlik: çok yüksek"}, "geometry": {"type": "LineString", "coordinates": [[30.5300763, 39.7616092], [30.529659, 39.761551], [30.5296104, 39.7613045]]}, "bbox": [30.5296104, 39.7613045, 30.5300763, 39.7616092]}, {"id": "5192", "type": "Feature", "properties": {"name": null, "_mahalle_str": "Karapınar Mahallesi", "_hvi_str": "%53", "_aciklama_str": "Sıcaklık: orta<br>Ağaç örtüsü: yüksek<br>Hastaneye uzaklık: uzak<br>Yeşil alana uzaklık: uzak<br>Yapılaşma yoğunluğu: çok yoğun<br>Nüfus yoğunluğu: çok yoğun<br>Yaşlı nüfus oranı: orta<br>Çocuk nüfus oranı: orta<br>Sosyoekonomik gelişmişlik: çok yüksek"}, "geometry": {"type": "LineString", "coordinates": [[30.530238, 39.7614481], [30.5304143, 39.7611542], [30.5305087, 39.7609503]]}, "bbox": [30.530238, 39.7609503, 30.5305087, 39.7614481]}, {"id": "5207", "type": "Feature", "properties": {"name": null, "_mahalle_str": "Karapınar Mahallesi", "_hvi_str": "%53", "_aciklama_str": "Sıcaklık: orta<br>Ağaç örtüsü: çok yüksek<br>Hastaneye uzaklık: uzak<br>Yeşil alana uzaklık: uzak<br>Yapılaşma yoğunluğu: çok yoğun<br>Nüfus yoğunluğu: çok yoğun<br>Yaşlı nüfus oranı: orta<br>Çocuk nüfus oranı: orta<br>Sosyoekonomik gelişmişlik: çok yüksek"}, "geometry": {"type": "LineString", "coordinates": [[30.530449, 39.7619814], [30.5306438, 39.7615421], [30.5310753, 39.7615223], [30.531101, 39.7616313], [30.5314932, 39.7618677]]}, "bbox": [30.530449, 39.7615223, 30.5314932, 39.7619814]}, {"id": "5210", "type": "Feature", "properties": {"name": null, "_mahalle_str": "Karapınar Mahallesi", "_hvi_str": "%52", "_aciklama_str": "Sıcaklık: düşük<br>Ağaç örtüsü: yüksek<br>Hastaneye uzaklık: uzak<br>Yeşil alana uzaklık: orta<br>Yapılaşma yoğunluğu: çok yoğun<br>Nüfus yoğunluğu: çok yoğun<br>Yaşlı nüfus oranı: orta<br>Çocuk nüfus oranı: orta<br>Sosyoekonomik gelişmişlik: çok yüksek"}, "geometry": {"type": "LineString", "coordinates": [[30.5304143, 39.7611542], [30.5308177, 39.7612501], [30.5310946, 39.7613887], [30.5310753, 39.7615223], [30.531209, 39.7614254], [30.5313231, 39.7612228]]}, "bbox": [30.5304143, 39.7611542, 30.5313231, 39.7615223]}, {"id": "5217", "type": "Feature", "properties": {"name": null, "_mahalle_str": "Karapınar Mahallesi", "_hvi_str": "%51", "_aciklama_str": "Sıcaklık: düşük<br>Ağaç örtüsü: yüksek<br>Hastaneye uzaklık: uzak<br>Yeşil alana uzaklık: uzak<br>Yapılaşma yoğunluğu: çok yoğun<br>Nüfus yoğunluğu: çok yoğun<br>Yaşlı nüfus oranı: orta<br>Çocuk nüfus oranı: orta<br>Sosyoekonomik gelişmişlik: çok yüksek"}, "geometry": {"type": "LineString", "coordinates": [[30.5300648, 39.7609763], [30.5293376, 39.7607528]]}, "bbox": [30.5293376, 39.7607528, 30.5300648, 39.7609763]}, {"id": "5219", "type": "Feature", "properties": {"name": null, "_mahalle_str": "Karapınar Mahallesi", "_hvi_str": "%52", "_aciklama_str": "Sıcaklık: orta<br>Ağaç örtüsü: orta<br>Hastaneye uzaklık: uzak<br>Yeşil alana uzaklık: orta<br>Yapılaşma yoğunluğu: çok yoğun<br>Nüfus yoğunluğu: çok yoğun<br>Yaşlı nüfus oranı: orta<br>Çocuk nüfus oranı: orta<br>Sosyoekonomik gelişmişlik: çok yüksek"}, "geometry": {"type": "LineString", "coordinates": [[30.5302695, 39.760929], [30.5302123, 39.7607599], [30.5295939, 39.7602248]]}, "bbox": [30.5295939, 39.7602248, 30.5302695, 39.760929]}, {"id": "5226", "type": "Feature", "properties": {"name": null, "_mahalle_str": "Gündoğdu Mahallesi", "_hvi_str": "%53", "_aciklama_str": "Sıcaklık: orta<br>Ağaç örtüsü: çok yüksek<br>Hastaneye uzaklık: çok uzak<br>Yeşil alana uzaklık: orta<br>Yapılaşma yoğunluğu: yoğun<br>Nüfus yoğunluğu: çok yoğun<br>Yaşlı nüfus oranı: orta<br>Çocuk nüfus oranı: orta<br>Sosyoekonomik gelişmişlik: çok yüksek"}, "geometry": {"type": "LineString", "coordinates": [[30.5622054, 39.7713738], [30.5622874, 39.7727429], [30.5627359, 39.7728482], [30.5628605, 39.7728745], [30.5632212, 39.7729359], [30.5635239, 39.7729656], [30.5636342, 39.7729597], [30.563891, 39.7729458], [30.564097, 39.7728567], [30.5640454, 39.7714003]]}, "bbox": [30.5622054, 39.7713738, 30.564097, 39.7729656]}, {"id": "5227", "type": "Feature", "properties": {"name": null, "_mahalle_str": "Karapınar Mahallesi", "_hvi_str": "%51", "_aciklama_str": "Sıcaklık: orta<br>Ağaç örtüsü: yüksek<br>Hastaneye uzaklık: orta<br>Yeşil alana uzaklık: uzak<br>Yapılaşma yoğunluğu: çok yoğun<br>Nüfus yoğunluğu: çok yoğun<br>Yaşlı nüfus oranı: orta<br>Çocuk nüfus oranı: orta<br>Sosyoekonomik gelişmişlik: çok yüksek"}, "geometry": {"type": "LineString", "coordinates": [[30.5312119, 39.7637146], [30.530943, 39.763279], [30.5307949, 39.7629968], [30.5307627, 39.7628285], [30.5307444, 39.7627334], [30.5307359, 39.7626219], [30.5308697, 39.762466], [30.5309559, 39.7623859], [30.5311041, 39.7622987], [30.5312135, 39.762274], [30.5317854, 39.7621587]]}, "bbox": [30.5307359, 39.7621587, 30.5317854, 39.7637146]}, {"id": "5230", "type": "Feature", "properties": {"name": null, "_mahalle_str": "Gündoğdu Mahallesi", "_hvi_str": "%61", "_aciklama_str": "Sıcaklık: çok yüksek<br>Ağaç örtüsü: düşük<br>Hastaneye uzaklık: çok uzak<br>Yeşil alana uzaklık: orta<br>Yapılaşma yoğunluğu: çok yoğun<br>Nüfus yoğunluğu: çok yoğun<br>Yaşlı nüfus oranı: orta<br>Çocuk nüfus oranı: orta<br>Sosyoekonomik gelişmişlik: çok yüksek"}, "geometry": {"type": "LineString", "coordinates": [[30.5636593, 39.7695144], [30.5630908, 39.7695222]]}, "bbox": [30.5630908, 39.7695144, 30.5636593, 39.7695222]}, {"id": "5239", "type": "Feature", "properties": {"name": null, "_mahalle_str": "Gündoğdu Mahallesi", "_hvi_str": "%60", "_aciklama_str": "Sıcaklık: yüksek<br>Ağaç örtüsü: yüksek<br>Hastaneye uzaklık: çok uzak<br>Yeşil alana uzaklık: yakın<br>Yapılaşma yoğunluğu: çok yoğun<br>Nüfus yoğunluğu: çok yoğun<br>Yaşlı nüfus oranı: orta<br>Çocuk nüfus oranı: orta<br>Sosyoekonomik gelişmişlik: çok yüksek"}, "geometry": {"type": "LineString", "coordinates": [[30.5652434, 39.7705253], [30.5645414, 39.7704461]]}, "bbox": [30.5645414, 39.7704461, 30.5652434, 39.7705253]}, {"id": "5240", "type": "Feature", "properties": {"name": null, "_mahalle_str": "Gündoğdu Mahallesi", "_hvi_str": "%53", "_aciklama_str": "Sıcaklık: çok yüksek<br>Ağaç örtüsü: yüksek<br>Hastaneye uzaklık: çok uzak<br>Yeşil alana uzaklık: uzak<br>Yapılaşma yoğunluğu: yoğun<br>Nüfus yoğunluğu: çok yoğun<br>Yaşlı nüfus oranı: orta<br>Çocuk nüfus oranı: orta<br>Sosyoekonomik gelişmişlik: çok yüksek"}, "geometry": {"type": "LineString", "coordinates": [[30.5611351, 39.771235], [30.5614029, 39.7698599]]}, "bbox": [30.5611351, 39.7698599, 30.5614029, 39.771235]}, {"id": "5243", "type": "Feature", "properties": {"name": null, "_mahalle_str": "Gündoğdu Mahallesi", "_hvi_str": "%53", "_aciklama_str": "Sıcaklık: yüksek<br>Ağaç örtüsü: yüksek<br>Hastaneye uzaklık: çok uzak<br>Yeşil alana uzaklık: uzak<br>Yapılaşma yoğunluğu: yoğun<br>Nüfus yoğunluğu: çok yoğun<br>Yaşlı nüfus oranı: orta<br>Çocuk nüfus oranı: orta<br>Sosyoekonomik gelişmişlik: çok yüksek"}, "geometry": {"type": "LineString", "coordinates": [[30.5688285, 39.7642765], [30.568509, 39.7637213]]}, "bbox": [30.568509, 39.7637213, 30.5688285, 39.7642765]}, {"id": "5244", "type": "Feature", "properties": {"name": null, "_mahalle_str": "Gündoğdu Mahallesi", "_hvi_str": "%58", "_aciklama_str": "Sıcaklık: çok yüksek<br>Ağaç örtüsü: orta<br>Hastaneye uzaklık: çok uzak<br>Yeşil alana uzaklık: orta<br>Yapılaşma yoğunluğu: çok yoğun<br>Nüfus yoğunluğu: çok yoğun<br>Yaşlı nüfus oranı: orta<br>Çocuk nüfus oranı: orta<br>Sosyoekonomik gelişmişlik: çok yüksek"}, "geometry": {"type": "LineString", "coordinates": [[30.5631083, 39.7688525], [30.5630908, 39.7695222], [30.5630242, 39.7699866]]}, "bbox": [30.5630242, 39.7688525, 30.5631083, 39.7699866]}, {"id": "5247", "type": "Feature", "properties": {"name": null, "_mahalle_str": "Gündoğdu Mahallesi", "_hvi_str": "%56", "_aciklama_str": "Sıcaklık: çok yüksek<br>Ağaç örtüsü: orta<br>Hastaneye uzaklık: çok uzak<br>Yeşil alana uzaklık: uzak<br>Yapılaşma yoğunluğu: yoğun<br>Nüfus yoğunluğu: çok yoğun<br>Yaşlı nüfus oranı: orta<br>Çocuk nüfus oranı: orta<br>Sosyoekonomik gelişmişlik: çok yüksek"}, "geometry": {"type": "LineString", "coordinates": [[30.5660798, 39.7659128], [30.565934, 39.7656276]]}, "bbox": [30.565934, 39.7656276, 30.5660798, 39.7659128]}, {"id": "5253", "type": "Feature", "properties": {"name": null, "_mahalle_str": "Gündoğdu Mahallesi", "_hvi_str": "%52", "_aciklama_str": "Sıcaklık: düşük<br>Ağaç örtüsü: çok yüksek<br>Hastaneye uzaklık: çok uzak<br>Yeşil alana uzaklık: orta<br>Yapılaşma yoğunluğu: yoğun<br>Nüfus yoğunluğu: çok yoğun<br>Yaşlı nüfus oranı: orta<br>Çocuk nüfus oranı: orta<br>Sosyoekonomik gelişmişlik: çok yüksek"}, "geometry": {"type": "LineString", "coordinates": [[30.5632212, 39.7729359], [30.563121, 39.771457]]}, "bbox": [30.563121, 39.771457, 30.5632212, 39.7729359]}, {"id": "5259", "type": "Feature", "properties": {"name": null, "_mahalle_str": "Gündoğdu Mahallesi", "_hvi_str": "%54", "_aciklama_str": "Sıcaklık: orta<br>Ağaç örtüsü: yüksek<br>Hastaneye uzaklık: çok uzak<br>Yeşil alana uzaklık: orta<br>Yapılaşma yoğunluğu: yoğun<br>Nüfus yoğunluğu: çok yoğun<br>Yaşlı nüfus oranı: orta<br>Çocuk nüfus oranı: orta<br>Sosyoekonomik gelişmişlik: çok yüksek"}, "geometry": {"type": "LineString", "coordinates": [[30.5636342, 39.7729597], [30.5635678, 39.7714402]]}, "bbox": [30.5635678, 39.7714402, 30.5636342, 39.7729597]}, {"id": "5261", "type": "Feature", "properties": {"name": null, "_mahalle_str": "Karapınar Mahallesi", "_hvi_str": "%53", "_aciklama_str": "Sıcaklık: orta<br>Ağaç örtüsü: düşük<br>Hastaneye uzaklık: orta<br>Yeşil alana uzaklık: uzak<br>Yapılaşma yoğunluğu: çok yoğun<br>Nüfus yoğunluğu: çok yoğun<br>Yaşlı nüfus oranı: orta<br>Çocuk nüfus oranı: orta<br>Sosyoekonomik gelişmişlik: çok yüksek"}, "geometry": {"type": "LineString", "coordinates": [[30.5307444, 39.7627334], [30.5316488, 39.7627473]]}, "bbox": [30.5307444, 39.7627334, 30.5316488, 39.7627473]}, {"id": "5262", "type": "Feature", "properties": {"name": null, "_mahalle_str": "Gündoğdu Mahallesi", "_hvi_str": "%54", "_aciklama_str": "Sıcaklık: çok yüksek<br>Ağaç örtüsü: orta<br>Hastaneye uzaklık: çok uzak<br>Yeşil alana uzaklık: uzak<br>Yapılaşma yoğunluğu: yoğun<br>Nüfus yoğunluğu: çok yoğun<br>Yaşlı nüfus oranı: orta<br>Çocuk nüfus oranı: orta<br>Sosyoekonomik gelişmişlik: çok yüksek"}, "geometry": {"type": "LineString", "coordinates": [[30.5686483, 39.7643541], [30.5678218, 39.7638439]]}, "bbox": [30.5678218, 39.7638439, 30.5686483, 39.7643541]}, {"id": "5263", "type": "Feature", "properties": {"name": null, "_mahalle_str": "Gündoğdu Mahallesi", "_hvi_str": "%54", "_aciklama_str": "Sıcaklık: çok yüksek<br>Ağaç örtüsü: çok yüksek<br>Hastaneye uzaklık: çok uzak<br>Yeşil alana uzaklık: uzak<br>Yapılaşma yoğunluğu: yoğun<br>Nüfus yoğunluğu: çok yoğun<br>Yaşlı nüfus oranı: orta<br>Çocuk nüfus oranı: orta<br>Sosyoekonomik gelişmişlik: çok yüksek"}, "geometry": {"type": "LineString", "coordinates": [[30.5667575, 39.7656851], [30.566382, 39.765104]]}, "bbox": [30.566382, 39.765104, 30.5667575, 39.7656851]}, {"id": "5264", "type": "Feature", "properties": {"name": null, "_mahalle_str": "Gündoğdu Mahallesi", "_hvi_str": "%61", "_aciklama_str": "Sıcaklık: çok yüksek<br>Ağaç örtüsü: yüksek<br>Hastaneye uzaklık: çok uzak<br>Yeşil alana uzaklık: orta<br>Yapılaşma yoğunluğu: çok yoğun<br>Nüfus yoğunluğu: çok yoğun<br>Yaşlı nüfus oranı: orta<br>Çocuk nüfus oranı: orta<br>Sosyoekonomik gelişmişlik: çok yüksek"}, "geometry": {"type": "LineString", "coordinates": [[30.5636712, 39.7714316], [30.5639619, 39.7699526]]}, "bbox": [30.5636712, 39.7699526, 30.5639619, 39.7714316]}, {"id": "5274", "type": "Feature", "properties": {"name": null, "_mahalle_str": "Huzur Mahallesi", "_hvi_str": "%51", "_aciklama_str": "Sıcaklık: orta<br>Ağaç örtüsü: çok yüksek<br>Hastaneye uzaklık: orta<br>Yeşil alana uzaklık: çok uzak<br>Yapılaşma yoğunluğu: çok yoğun<br>Nüfus yoğunluğu: çok yoğun<br>Yaşlı nüfus oranı: orta<br>Çocuk nüfus oranı: orta<br>Sosyoekonomik gelişmişlik: çok yüksek"}, "geometry": {"type": "LineString", "coordinates": [[30.5421486, 39.7593894], [30.5417215, 39.7588303]]}, "bbox": [30.5417215, 39.7588303, 30.5421486, 39.7593894]}, {"id": "5277", "type": "Feature", "properties": {"name": null, "_mahalle_str": "Gündoğdu Mahallesi", "_hvi_str": "%57", "_aciklama_str": "Sıcaklık: orta<br>Ağaç örtüsü: yüksek<br>Hastaneye uzaklık: çok uzak<br>Yeşil alana uzaklık: uzak<br>Yapılaşma yoğunluğu: yoğun<br>Nüfus yoğunluğu: çok yoğun<br>Yaşlı nüfus oranı: orta<br>Çocuk nüfus oranı: orta<br>Sosyoekonomik gelişmişlik: çok yüksek"}, "geometry": {"type": "LineString", "coordinates": [[30.5627359, 39.7728482], [30.562706, 39.7714361]]}, "bbox": [30.562706, 39.7714361, 30.5627359, 39.7728482]}, {"id": "5293", "type": "Feature", "properties": {"name": null, "_mahalle_str": "Gündoğdu Mahallesi", "_hvi_str": "%58", "_aciklama_str": "Sıcaklık: çok yüksek<br>Ağaç örtüsü: orta<br>Hastaneye uzaklık: çok uzak<br>Yeşil alana uzaklık: orta<br>Yapılaşma yoğunluğu: çok yoğun<br>Nüfus yoğunluğu: çok yoğun<br>Yaşlı nüfus oranı: orta<br>Çocuk nüfus oranı: orta<br>Sosyoekonomik gelişmişlik: çok yüksek"}, "geometry": {"type": "LineString", "coordinates": [[30.5637553, 39.7685162], [30.5644272, 39.7684974], [30.5650123, 39.7684776]]}, "bbox": [30.5637553, 39.7684776, 30.5650123, 39.7685162]}, {"id": "5300", "type": "Feature", "properties": {"name": null, "_mahalle_str": "Gündoğdu Mahallesi", "_hvi_str": "%59", "_aciklama_str": "Sıcaklık: çok yüksek<br>Ağaç örtüsü: orta<br>Hastaneye uzaklık: çok uzak<br>Yeşil alana uzaklık: uzak<br>Yapılaşma yoğunluğu: çok yoğun<br>Nüfus yoğunluğu: çok yoğun<br>Yaşlı nüfus oranı: orta<br>Çocuk nüfus oranı: orta<br>Sosyoekonomik gelişmişlik: çok yüksek"}, "geometry": {"type": "LineString", "coordinates": [[30.5676897, 39.7660513], [30.5673817, 39.7654919], [30.5668757, 39.7646784]]}, "bbox": [30.5668757, 39.7646784, 30.5676897, 39.7660513]}, {"id": "5303", "type": "Feature", "properties": {"name": null, "_mahalle_str": "Gündoğdu Mahallesi", "_hvi_str": "%55", "_aciklama_str": "Sıcaklık: yüksek<br>Ağaç örtüsü: çok yüksek<br>Hastaneye uzaklık: çok uzak<br>Yeşil alana uzaklık: orta<br>Yapılaşma yoğunluğu: yoğun<br>Nüfus yoğunluğu: çok yoğun<br>Yaşlı nüfus oranı: orta<br>Çocuk nüfus oranı: orta<br>Sosyoekonomik gelişmişlik: çok yüksek"}, "geometry": {"type": "LineString", "coordinates": [[30.5617712, 39.7713138], [30.5620093, 39.7697341], [30.5620785, 39.7693903]]}, "bbox": [30.5617712, 39.7693903, 30.5620785, 39.7713138]}, {"id": "5310", "type": "Feature", "properties": {"name": null, "_mahalle_str": "Gündoğdu Mahallesi", "_hvi_str": "%50", "_aciklama_str": "Sıcaklık: çok yüksek<br>Ağaç örtüsü: yüksek<br>Hastaneye uzaklık: çok uzak<br>Yeşil alana uzaklık: yakın<br>Yapılaşma yoğunluğu: yoğun<br>Nüfus yoğunluğu: çok yoğun<br>Yaşlı nüfus oranı: orta<br>Çocuk nüfus oranı: orta<br>Sosyoekonomik gelişmişlik: çok yüksek"}, "geometry": {"type": "LineString", "coordinates": [[30.5646887, 39.7655338], [30.5657023, 39.7652437], [30.5657129, 39.7652603], [30.5657286, 39.7652848]]}, "bbox": [30.5646887, 39.7652437, 30.5657286, 39.7655338]}, {"id": "5313", "type": "Feature", "properties": {"name": null, "_mahalle_str": "Gündoğdu Mahallesi", "_hvi_str": "%51", "_aciklama_str": "Sıcaklık: çok yüksek<br>Ağaç örtüsü: çok düşük<br>Hastaneye uzaklık: çok uzak<br>Yeşil alana uzaklık: orta<br>Yapılaşma yoğunluğu: yoğun<br>Nüfus yoğunluğu: çok yoğun<br>Yaşlı nüfus oranı: orta<br>Çocuk nüfus oranı: orta<br>Sosyoekonomik gelişmişlik: çok yüksek"}, "geometry": {"type": "LineString", "coordinates": [[30.566963, 39.7637498], [30.5665331, 39.7640457], [30.5667202, 39.7642912], [30.566774, 39.7643618]]}, "bbox": [30.5665331, 39.7637498, 30.566963, 39.7643618]}, {"id": "5315", "type": "Feature", "properties": {"name": null, "_mahalle_str": "Karapınar Mahallesi", "_hvi_str": "%52", "_aciklama_str": "Sıcaklık: orta<br>Ağaç örtüsü: yüksek<br>Hastaneye uzaklık: orta<br>Yeşil alana uzaklık: uzak<br>Yapılaşma yoğunluğu: çok yoğun<br>Nüfus yoğunluğu: çok yoğun<br>Yaşlı nüfus oranı: orta<br>Çocuk nüfus oranı: orta<br>Sosyoekonomik gelişmişlik: çok yüksek"}, "geometry": {"type": "LineString", "coordinates": [[30.5307359, 39.7626219], [30.53074, 39.7624357], [30.5308, 39.7622346], [30.5308775, 39.7620513]]}, "bbox": [30.5307359, 39.7620513, 30.5308775, 39.7626219]}, {"id": "5317", "type": "Feature", "properties": {"name": null, "_mahalle_str": "Gündoğdu Mahallesi", "_hvi_str": "%55", "_aciklama_str": "Sıcaklık: çok yüksek<br>Ağaç örtüsü: yüksek<br>Hastaneye uzaklık: çok uzak<br>Yeşil alana uzaklık: yakın<br>Yapılaşma yoğunluğu: yoğun<br>Nüfus yoğunluğu: çok yoğun<br>Yaşlı nüfus oranı: orta<br>Çocuk nüfus oranı: orta<br>Sosyoekonomik gelişmişlik: çok yüksek"}, "geometry": {"type": "LineString", "coordinates": [[30.5627328, 39.7698113], [30.5628412, 39.7688374], [30.5626213, 39.7688236]]}, "bbox": [30.5626213, 39.7688236, 30.5628412, 39.7698113]}, {"id": "5318", "type": "Feature", "properties": {"name": null, "_mahalle_str": "Gündoğdu Mahallesi", "_hvi_str": "%57", "_aciklama_str": "Sıcaklık: çok yüksek<br>Ağaç örtüsü: orta<br>Hastaneye uzaklık: çok uzak<br>Yeşil alana uzaklık: uzak<br>Yapılaşma yoğunluğu: yoğun<br>Nüfus yoğunluğu: çok yoğun<br>Yaşlı nüfus oranı: orta<br>Çocuk nüfus oranı: orta<br>Sosyoekonomik gelişmişlik: çok yüksek"}, "geometry": {"type": "LineString", "coordinates": [[30.5680327, 39.7653142], [30.5677118, 39.7647332], [30.5672559, 39.7643506]]}, "bbox": [30.5672559, 39.7643506, 30.5680327, 39.7653142]}, {"id": "5319", "type": "Feature", "properties": {"name": null, "_mahalle_str": "Gündoğdu Mahallesi", "_hvi_str": "%54", "_aciklama_str": "Sıcaklık: yüksek<br>Ağaç örtüsü: orta<br>Hastaneye uzaklık: çok uzak<br>Yeşil alana uzaklık: uzak<br>Yapılaşma yoğunluğu: yoğun<br>Nüfus yoğunluğu: çok yoğun<br>Yaşlı nüfus oranı: orta<br>Çocuk nüfus oranı: orta<br>Sosyoekonomik gelişmişlik: çok yüksek"}, "geometry": {"type": "LineString", "coordinates": [[30.5708953, 39.762215], [30.5707151, 39.7624254], [30.5705529, 39.7626765], [30.5703792, 39.7629342], [30.5700244, 39.7634399], [30.5695129, 39.7641356], [30.5690149, 39.7647523]]}, "bbox": [30.5690149, 39.762215, 30.5708953, 39.7647523]}, {"id": "5320", "type": "Feature", "properties": {"name": null, "_mahalle_str": "Gündoğdu Mahallesi", "_hvi_str": "%63", "_aciklama_str": "Sıcaklık: yüksek<br>Ağaç örtüsü: yüksek<br>Hastaneye uzaklık: çok uzak<br>Yeşil alana uzaklık: orta<br>Yapılaşma yoğunluğu: çok yoğun<br>Nüfus yoğunluğu: çok yoğun<br>Yaşlı nüfus oranı: orta<br>Çocuk nüfus oranı: orta<br>Sosyoekonomik gelişmişlik: çok yüksek"}, "geometry": {"type": "LineString", "coordinates": [[30.5633359, 39.7699799], [30.5632147, 39.7708372], [30.563121, 39.771457]]}, "bbox": [30.563121, 39.7699799, 30.5633359, 39.771457]}, {"id": "5323", "type": "Feature", "properties": {"name": null, "_mahalle_str": "Gündoğdu Mahallesi", "_hvi_str": "%60", "_aciklama_str": "Sıcaklık: yüksek<br>Ağaç örtüsü: yüksek<br>Hastaneye uzaklık: çok uzak<br>Yeşil alana uzaklık: uzak<br>Yapılaşma yoğunluğu: çok yoğun<br>Nüfus yoğunluğu: çok yoğun<br>Yaşlı nüfus oranı: orta<br>Çocuk nüfus oranı: orta<br>Sosyoekonomik gelişmişlik: çok yüksek"}, "geometry": {"type": "LineString", "coordinates": [[30.5620093, 39.7697341], [30.5627328, 39.7698113], [30.5625378, 39.7714154]]}, "bbox": [30.5620093, 39.7697341, 30.5627328, 39.7714154]}, {"id": "5326", "type": "Feature", "properties": {"name": null, "_mahalle_str": "Huzur Mahallesi", "_hvi_str": "%57", "_aciklama_str": "Sıcaklık: yüksek<br>Ağaç örtüsü: düşük<br>Hastaneye uzaklık: uzak<br>Yeşil alana uzaklık: çok uzak<br>Yapılaşma yoğunluğu: çok yoğun<br>Nüfus yoğunluğu: çok yoğun<br>Yaşlı nüfus oranı: orta<br>Çocuk nüfus oranı: orta<br>Sosyoekonomik gelişmişlik: çok yüksek"}, "geometry": {"type": "LineString", "coordinates": [[30.5416949, 39.7610754], [30.541434, 39.7609971], [30.5414067, 39.759908]]}, "bbox": [30.5414067, 39.759908, 30.5416949, 39.7610754]}, {"id": "5344", "type": "Feature", "properties": {"name": "Bilginer Sokak", "_mahalle_str": "Huzur Mahallesi", "_hvi_str": "%53", "_aciklama_str": "Sıcaklık: yüksek<br>Ağaç örtüsü: orta<br>Hastaneye uzaklık: orta<br>Yeşil alana uzaklık: çok uzak<br>Yapılaşma yoğunluğu: çok yoğun<br>Nüfus yoğunluğu: çok yoğun<br>Yaşlı nüfus oranı: orta<br>Çocuk nüfus oranı: orta<br>Sosyoekonomik gelişmişlik: çok yüksek"}, "geometry": {"type": "LineString", "coordinates": [[30.5423727, 39.7622325], [30.5424565, 39.7621508], [30.5422944, 39.7617235], [30.5420752, 39.7610608]]}, "bbox": [30.5420752, 39.7610608, 30.5424565, 39.7622325]}, {"id": "5356", "type": "Feature", "properties": {"name": null, "_mahalle_str": "Gündoğdu Mahallesi", "_hvi_str": "%56", "_aciklama_str": "Sıcaklık: çok yüksek<br>Ağaç örtüsü: orta<br>Hastaneye uzaklık: çok uzak<br>Yeşil alana uzaklık: uzak<br>Yapılaşma yoğunluğu: yoğun<br>Nüfus yoğunluğu: çok yoğun<br>Yaşlı nüfus oranı: orta<br>Çocuk nüfus oranı: orta<br>Sosyoekonomik gelişmişlik: çok yüksek"}, "geometry": {"type": "LineString", "coordinates": [[30.568888, 39.7656922], [30.5685171, 39.7650715], [30.5684047, 39.7648854], [30.5682053, 39.764539], [30.5676101, 39.7640162]]}, "bbox": [30.5676101, 39.7640162, 30.568888, 39.7656922]}, {"id": "5375", "type": "Feature", "properties": {"name": null, "_mahalle_str": "Gündoğdu Mahallesi", "_hvi_str": "%58", "_aciklama_str": "Sıcaklık: çok yüksek<br>Ağaç örtüsü: orta<br>Hastaneye uzaklık: çok uzak<br>Yeşil alana uzaklık: uzak<br>Yapılaşma yoğunluğu: yoğun<br>Nüfus yoğunluğu: çok yoğun<br>Yaşlı nüfus oranı: orta<br>Çocuk nüfus oranı: orta<br>Sosyoekonomik gelişmişlik: çok yüksek"}, "geometry": {"type": "LineString", "coordinates": [[30.5712098, 39.7639167], [30.5704611, 39.7636323], [30.5700244, 39.7634399], [30.5696142, 39.7632525], [30.5691837, 39.7630574], [30.5690444, 39.7630088]]}, "bbox": [30.5690444, 39.7630088, 30.5712098, 39.7639167]}, {"id": "5382", "type": "Feature", "properties": {"name": null, "_mahalle_str": "Gündoğdu Mahallesi", "_hvi_str": "%56", "_aciklama_str": "Sıcaklık: çok yüksek<br>Ağaç örtüsü: orta<br>Hastaneye uzaklık: çok uzak<br>Yeşil alana uzaklık: yakın<br>Yapılaşma yoğunluğu: yoğun<br>Nüfus yoğunluğu: çok yoğun<br>Yaşlı nüfus oranı: orta<br>Çocuk nüfus oranı: orta<br>Sosyoekonomik gelişmişlik: çok yüksek"}, "geometry": {"type": "LineString", "coordinates": [[30.5637937, 39.7679597], [30.5638137, 39.7681889], [30.5638019, 39.7682547], [30.5637553, 39.7685162], [30.5636893, 39.7688858], [30.5636591, 39.7690552], [30.5636593, 39.7695144]]}, "bbox": [30.5636591, 39.7679597, 30.5638137, 39.7695144]}, {"id": "5430", "type": "Feature", "properties": {"name": null, "_mahalle_str": "Erenköy Mahallesi", "_hvi_str": "%52", "_aciklama_str": "Sıcaklık: yüksek<br>Ağaç örtüsü: orta<br>Hastaneye uzaklık: uzak<br>Yeşil alana uzaklık: uzak<br>Yapılaşma yoğunluğu: yoğun<br>Nüfus yoğunluğu: çok yoğun<br>Yaşlı nüfus oranı: orta<br>Çocuk nüfus oranı: orta<br>Sosyoekonomik gelişmişlik: çok yüksek"}, "geometry": {"type": "LineString", "coordinates": [[30.5459626, 39.7503677], [30.5463813, 39.7503461], [30.5467778, 39.7502922]]}, "bbox": [30.5459626, 39.7502922, 30.5467778, 39.7503677]}, {"id": "5433", "type": "Feature", "properties": {"name": null, "_mahalle_str": "Gündoğdu Mahallesi", "_hvi_str": "%53", "_aciklama_str": "Sıcaklık: yüksek<br>Ağaç örtüsü: yüksek<br>Hastaneye uzaklık: çok uzak<br>Yeşil alana uzaklık: çok uzak<br>Yapılaşma yoğunluğu: yoğun<br>Nüfus yoğunluğu: çok yoğun<br>Yaşlı nüfus oranı: orta<br>Çocuk nüfus oranı: orta<br>Sosyoekonomik gelişmişlik: çok yüksek"}, "geometry": {"type": "LineString", "coordinates": [[30.5715452, 39.7630129], [30.5714178, 39.7630183], [30.5705529, 39.7626765], [30.5697151, 39.762362]]}, "bbox": [30.5697151, 39.762362, 30.5715452, 39.7630183]}, {"id": "5434", "type": "Feature", "properties": {"name": null, "_mahalle_str": "Sazova Mahallesi", "_hvi_str": "%56", "_aciklama_str": "Sıcaklık: düşük<br>Ağaç örtüsü: çok yüksek<br>Hastaneye uzaklık: çok uzak<br>Yeşil alana uzaklık: çok uzak<br>Yapılaşma yoğunluğu: orta<br>Nüfus yoğunluğu: seyrek<br>Yaşlı nüfus oranı: orta<br>Çocuk nüfus oranı: orta<br>Sosyoekonomik gelişmişlik: düşük"}, "geometry": {"type": "LineString", "coordinates": [[30.4324579, 39.7606682], [30.4322129, 39.7600551], [30.4337499, 39.7596906], [30.4349543, 39.7594404], [30.4358258, 39.7591962]]}, "bbox": [30.4322129, 39.7591962, 30.4358258, 39.7606682]}, {"id": "5438", "type": "Feature", "properties": {"name": null, "_mahalle_str": "Gündoğdu Mahallesi", "_hvi_str": "%58", "_aciklama_str": "Sıcaklık: çok yüksek<br>Ağaç örtüsü: yüksek<br>Hastaneye uzaklık: çok uzak<br>Yeşil alana uzaklık: yakın<br>Yapılaşma yoğunluğu: çok yoğun<br>Nüfus yoğunluğu: çok yoğun<br>Yaşlı nüfus oranı: orta<br>Çocuk nüfus oranı: orta<br>Sosyoekonomik gelişmişlik: çok yüksek"}, "geometry": {"type": "LineString", "coordinates": [[30.5630242, 39.7699866], [30.5633359, 39.7699799], [30.5638845, 39.7699561], [30.5639619, 39.7699526], [30.5645066, 39.7699278], [30.5645414, 39.7704461], [30.5644963, 39.7709708], [30.5644787, 39.771365], [30.5645157, 39.7721786]]}, "bbox": [30.5630242, 39.7699278, 30.5645414, 39.7721786]}, {"id": "5441", "type": "Feature", "properties": {"name": null, "_mahalle_str": "Gündoğdu Mahallesi", "_hvi_str": "%55", "_aciklama_str": "Sıcaklık: yüksek<br>Ağaç örtüsü: düşük<br>Hastaneye uzaklık: çok uzak<br>Yeşil alana uzaklık: çok uzak<br>Yapılaşma yoğunluğu: yoğun<br>Nüfus yoğunluğu: çok yoğun<br>Yaşlı nüfus oranı: orta<br>Çocuk nüfus oranı: orta<br>Sosyoekonomik gelişmişlik: çok yüksek"}, "geometry": {"type": "LineString", "coordinates": [[30.5731538, 39.7643728], [30.573141, 39.7635177], [30.5731379, 39.7633104], [30.5731287, 39.7626915], [30.5727599, 39.7626931], [30.5723634, 39.7626949], [30.5722374, 39.7626954], [30.5719562, 39.7627072], [30.5717405, 39.7627033], [30.5715498, 39.7627121], [30.5714844, 39.7627151], [30.5713614, 39.7626836], [30.5707151, 39.7624254], [30.5700057, 39.7621444]]}, "bbox": [30.5700057, 39.7621444, 30.5731538, 39.7643728]}, {"id": "5442", "type": "Feature", "properties": {"name": null, "_mahalle_str": "Şirintepe Mahallesi", "_hvi_str": "%58", "_aciklama_str": "Sıcaklık: orta<br>Ağaç örtüsü: çok düşük<br>Hastaneye uzaklık: uzak<br>Yeşil alana uzaklık: orta<br>Yapılaşma yoğunluğu: çok yoğun<br>Nüfus yoğunluğu: seyrek<br>Yaşlı nüfus oranı: orta<br>Çocuk nüfus oranı: orta<br>Sosyoekonomik gelişmişlik: düşük"}, "geometry": {"type": "LineString", "coordinates": [[30.477597, 39.7951205], [30.477308, 39.7949529]]}, "bbox": [30.477308, 39.7949529, 30.477597, 39.7951205]}, {"id": "5447", "type": "Feature", "properties": {"name": "Emre Sk.", "_mahalle_str": "Şirintepe Mahallesi", "_hvi_str": "%52", "_aciklama_str": "Sıcaklık: orta<br>Ağaç örtüsü: düşük<br>Hastaneye uzaklık: uzak<br>Yeşil alana uzaklık: çok yakın<br>Yapılaşma yoğunluğu: çok yoğun<br>Nüfus yoğunluğu: seyrek<br>Yaşlı nüfus oranı: orta<br>Çocuk nüfus oranı: orta<br>Sosyoekonomik gelişmişlik: düşük"}, "geometry": {"type": "LineString", "coordinates": [[30.476526, 39.7965325], [30.4768534, 39.7957031]]}, "bbox": [30.476526, 39.7957031, 30.4768534, 39.7965325]}, {"id": "5452", "type": "Feature", "properties": {"name": null, "_mahalle_str": "Şirintepe Mahallesi", "_hvi_str": "%57", "_aciklama_str": "Sıcaklık: orta<br>Ağaç örtüsü: düşük<br>Hastaneye uzaklık: uzak<br>Yeşil alana uzaklık: orta<br>Yapılaşma yoğunluğu: çok yoğun<br>Nüfus yoğunluğu: seyrek<br>Yaşlı nüfus oranı: orta<br>Çocuk nüfus oranı: orta<br>Sosyoekonomik gelişmişlik: düşük"}, "geometry": {"type": "LineString", "coordinates": [[30.4779311, 39.794946], [30.4778047, 39.7951012], [30.4777534, 39.7951254], [30.477597, 39.7951205], [30.4772982, 39.7955438]]}, "bbox": [30.4772982, 39.794946, 30.4779311, 39.7955438]}, {"id": "5487", "type": "Feature", "properties": {"name": null, "_mahalle_str": "Sazova Mahallesi", "_hvi_str": "%60", "_aciklama_str": "Sıcaklık: çok düşük<br>Ağaç örtüsü: çok yüksek<br>Hastaneye uzaklık: çok uzak<br>Yeşil alana uzaklık: çok uzak<br>Yapılaşma yoğunluğu: seyrek<br>Nüfus yoğunluğu: seyrek<br>Yaşlı nüfus oranı: orta<br>Çocuk nüfus oranı: orta<br>Sosyoekonomik gelişmişlik: düşük"}, "geometry": {"type": "LineString", "coordinates": [[30.4266444, 39.7611871], [30.4264865, 39.760762], [30.4262499, 39.7598288], [30.426217, 39.7597649], [30.4261282, 39.7597421], [30.4254694, 39.7596453], [30.424691, 39.7597393], [30.4246241, 39.7598012], [30.4246158, 39.7598865], [30.4247712, 39.7602542], [30.4249717, 39.7607338], [30.4253034, 39.7615081], [30.4253744, 39.7615702], [30.4255199, 39.7615536], [30.4259484, 39.7614437], [30.4263556, 39.7613318], [30.4266072, 39.7612789], [30.4266421, 39.7612389], [30.4266444, 39.7611871]]}, "bbox": [30.4246158, 39.7596453, 30.4266444, 39.7615702]}, {"id": "5490", "type": "Feature", "properties": {"name": null, "_mahalle_str": "Erenköy Mahallesi", "_hvi_str": "%61", "_aciklama_str": "Sıcaklık: çok yüksek<br>Ağaç örtüsü: çok düşük<br>Hastaneye uzaklık: uzak<br>Yeşil alana uzaklık: orta<br>Yapılaşma yoğunluğu: çok yoğun<br>Nüfus yoğunluğu: çok yoğun<br>Yaşlı nüfus oranı: orta<br>Çocuk nüfus oranı: orta<br>Sosyoekonomik gelişmişlik: çok yüksek"}, "geometry": {"type": "LineString", "coordinates": [[30.5499236, 39.7515608], [30.5509148, 39.7518095]]}, "bbox": [30.5499236, 39.7515608, 30.5509148, 39.7518095]}, {"id": "5498", "type": "Feature", "properties": {"name": null, "_mahalle_str": "Erenköy Mahallesi", "_hvi_str": "%61", "_aciklama_str": "Sıcaklık: çok yüksek<br>Ağaç örtüsü: düşük<br>Hastaneye uzaklık: uzak<br>Yeşil alana uzaklık: orta<br>Yapılaşma yoğunluğu: çok yoğun<br>Nüfus yoğunluğu: çok yoğun<br>Yaşlı nüfus oranı: orta<br>Çocuk nüfus oranı: orta<br>Sosyoekonomik gelişmişlik: çok yüksek"}, "geometry": {"type": "LineString", "coordinates": [[30.5510391, 39.751473], [30.55055, 39.7513355], [30.550127, 39.7512438]]}, "bbox": [30.550127, 39.7512438, 30.5510391, 39.751473]}, {"id": "5499", "type": "Feature", "properties": {"name": "Giresun Sokak", "_mahalle_str": "Erenköy Mahallesi", "_hvi_str": "%55", "_aciklama_str": "Sıcaklık: çok yüksek<br>Ağaç örtüsü: orta<br>Hastaneye uzaklık: uzak<br>Yeşil alana uzaklık: yakın<br>Yapılaşma yoğunluğu: çok yoğun<br>Nüfus yoğunluğu: çok yoğun<br>Yaşlı nüfus oranı: orta<br>Çocuk nüfus oranı: orta<br>Sosyoekonomik gelişmişlik: çok yüksek"}, "geometry": {"type": "LineString", "coordinates": [[30.5508974, 39.7518547], [30.5521496, 39.7521629]]}, "bbox": [30.5508974, 39.7518547, 30.5521496, 39.7521629]}, {"id": "5512", "type": "Feature", "properties": {"name": null, "_mahalle_str": "Erenköy Mahallesi", "_hvi_str": "%62", "_aciklama_str": "Sıcaklık: çok yüksek<br>Ağaç örtüsü: orta<br>Hastaneye uzaklık: uzak<br>Yeşil alana uzaklık: uzak<br>Yapılaşma yoğunluğu: çok yoğun<br>Nüfus yoğunluğu: çok yoğun<br>Yaşlı nüfus oranı: orta<br>Çocuk nüfus oranı: orta<br>Sosyoekonomik gelişmişlik: çok yüksek"}, "geometry": {"type": "LineString", "coordinates": [[30.550127, 39.7512438], [30.5499683, 39.7513334], [30.5499236, 39.7515608]]}, "bbox": [30.5499236, 39.7512438, 30.550127, 39.7515608]}, {"id": "5521", "type": "Feature", "properties": {"name": "Aydıntan Sokak", "_mahalle_str": "Erenköy Mahallesi", "_hvi_str": "%57", "_aciklama_str": "Sıcaklık: çok yüksek<br>Ağaç örtüsü: düşük<br>Hastaneye uzaklık: uzak<br>Yeşil alana uzaklık: yakın<br>Yapılaşma yoğunluğu: çok yoğun<br>Nüfus yoğunluğu: çok yoğun<br>Yaşlı nüfus oranı: orta<br>Çocuk nüfus oranı: orta<br>Sosyoekonomik gelişmişlik: çok yüksek"}, "geometry": {"type": "LineString", "coordinates": [[30.5522915, 39.7518295], [30.5519053, 39.751699], [30.5510391, 39.751473]]}, "bbox": [30.5510391, 39.751473, 30.5522915, 39.7518295]}, {"id": "5525", "type": "Feature", "properties": {"name": null, "_mahalle_str": "Erenköy Mahallesi", "_hvi_str": "%59", "_aciklama_str": "Sıcaklık: yüksek<br>Ağaç örtüsü: orta<br>Hastaneye uzaklık: uzak<br>Yeşil alana uzaklık: uzak<br>Yapılaşma yoğunluğu: çok yoğun<br>Nüfus yoğunluğu: çok yoğun<br>Yaşlı nüfus oranı: orta<br>Çocuk nüfus oranı: orta<br>Sosyoekonomik gelişmişlik: çok yüksek"}, "geometry": {"type": "LineString", "coordinates": [[30.5468131, 39.7531569], [30.5469789, 39.7530897], [30.5481349, 39.7534327], [30.5483937, 39.7535095], [30.5486232, 39.7535944], [30.5491551, 39.7537692], [30.5494971, 39.7538815]]}, "bbox": [30.5468131, 39.7530897, 30.5494971, 39.7538815]}, {"id": "5543", "type": "Feature", "properties": {"name": null, "_mahalle_str": "Erenköy Mahallesi", "_hvi_str": "%59", "_aciklama_str": "Sıcaklık: çok yüksek<br>Ağaç örtüsü: düşük<br>Hastaneye uzaklık: uzak<br>Yeşil alana uzaklık: orta<br>Yapılaşma yoğunluğu: çok yoğun<br>Nüfus yoğunluğu: çok yoğun<br>Yaşlı nüfus oranı: orta<br>Çocuk nüfus oranı: orta<br>Sosyoekonomik gelişmişlik: çok yüksek"}, "geometry": {"type": "LineString", "coordinates": [[30.549746, 39.7534388], [30.5497955, 39.7533171], [30.5499347, 39.7529876], [30.550098, 39.7526105]]}, "bbox": [30.549746, 39.7526105, 30.550098, 39.7534388]}, {"id": "5554", "type": "Feature", "properties": {"name": null, "_mahalle_str": "Erenköy Mahallesi", "_hvi_str": "%57", "_aciklama_str": "Sıcaklık: yüksek<br>Ağaç örtüsü: yüksek<br>Hastaneye uzaklık: uzak<br>Yeşil alana uzaklık: orta<br>Yapılaşma yoğunluğu: çok yoğun<br>Nüfus yoğunluğu: çok yoğun<br>Yaşlı nüfus oranı: orta<br>Çocuk nüfus oranı: orta<br>Sosyoekonomik gelişmişlik: çok yüksek"}, "geometry": {"type": "LineString", "coordinates": [[30.5494971, 39.7538815], [30.5496181, 39.7537945], [30.5496937, 39.753644], [30.549746, 39.7534388]]}, "bbox": [30.5494971, 39.7534388, 30.549746, 39.7538815]}, {"id": "5569", "type": "Feature", "properties": {"name": null, "_mahalle_str": "Erenköy Mahallesi", "_hvi_str": "%57", "_aciklama_str": "Sıcaklık: çok yüksek<br>Ağaç örtüsü: orta<br>Hastaneye uzaklık: uzak<br>Yeşil alana uzaklık: uzak<br>Yapılaşma yoğunluğu: çok yoğun<br>Nüfus yoğunluğu: çok yoğun<br>Yaşlı nüfus oranı: orta<br>Çocuk nüfus oranı: orta<br>Sosyoekonomik gelişmişlik: çok yüksek"}, "geometry": {"type": "LineString", "coordinates": [[30.547206, 39.7528465], [30.546734, 39.7525088], [30.5465045, 39.7523339], [30.5457522, 39.7517879], [30.5453517, 39.7517136], [30.5453044, 39.7518644], [30.545492, 39.7520032], [30.5461481, 39.7524926], [30.5465259, 39.7527462], [30.5469284, 39.7530618]]}, "bbox": [30.5453044, 39.7517136, 30.547206, 39.7530618]}, {"id": "5582", "type": "Feature", "properties": {"name": null, "_mahalle_str": "Yukarı Söğütönü Mahallesi", "_hvi_str": "%51", "_aciklama_str": "Sıcaklık: çok yüksek<br>Ağaç örtüsü: orta<br>Hastaneye uzaklık: çok uzak<br>Yeşil alana uzaklık: çok uzak<br>Yapılaşma yoğunluğu: çok seyrek<br>Nüfus yoğunluğu: seyrek<br>Yaşlı nüfus oranı: orta<br>Çocuk nüfus oranı: orta<br>Sosyoekonomik gelişmişlik: düşük"}, "geometry": {"type": "LineString", "coordinates": [[30.4189484, 39.8235907], [30.4190888, 39.823654], [30.419484, 39.8238151], [30.4199853, 39.8240194], [30.4202776, 39.8241215], [30.4204487, 39.8241989], [30.4207008, 39.8242504], [30.4213522, 39.8243418], [30.4215102, 39.824346], [30.4215806, 39.8243332], [30.4226265, 39.8246098]]}, "bbox": [30.4189484, 39.8235907, 30.4226265, 39.8246098]}, {"id": "5615", "type": "Feature", "properties": {"name": null, "_mahalle_str": "Uluönder Mahallesi", "_hvi_str": "%51", "_aciklama_str": "Sıcaklık: yüksek<br>Ağaç örtüsü: çok düşük<br>Hastaneye uzaklık: uzak<br>Yeşil alana uzaklık: uzak<br>Yapılaşma yoğunluğu: yoğun<br>Nüfus yoğunluğu: seyrek<br>Yaşlı nüfus oranı: orta<br>Çocuk nüfus oranı: orta<br>Sosyoekonomik gelişmişlik: düşük"}, "geometry": {"type": "LineString", "coordinates": [[30.4734252, 39.783523], [30.473507, 39.7835539], [30.4736135, 39.78359], [30.4737115, 39.7836119], [30.4738107, 39.7836167]]}, "bbox": [30.4734252, 39.783523, 30.4738107, 39.7836167]}, {"id": "5654", "type": "Feature", "properties": {"name": "Sakarya-2 Caddesi", "_mahalle_str": "Güllük Mahallesi", "_hvi_str": "%51", "_aciklama_str": "Sıcaklık: yüksek<br>Ağaç örtüsü: çok düşük<br>Hastaneye uzaklık: çok yakın<br>Yeşil alana uzaklık: çok uzak<br>Yapılaşma yoğunluğu: çok yoğun<br>Nüfus yoğunluğu: seyrek<br>Yaşlı nüfus oranı: orta<br>Çocuk nüfus oranı: orta<br>Sosyoekonomik gelişmişlik: düşük"}, "geometry": {"type": "LineString", "coordinates": [[30.5184631, 39.7818347], [30.5184229, 39.7819963], [30.5183755, 39.7822912], [30.5183675, 39.7825106], [30.518392, 39.7826259], [30.51844, 39.782889]]}, "bbox": [30.5183675, 39.7818347, 30.5184631, 39.782889]}, {"id": "5676", "type": "Feature", "properties": {"name": "Hatboyu-1 Caddesi", "_mahalle_str": "Ömerağa Mahallesi", "_hvi_str": "%53", "_aciklama_str": "Sıcaklık: yüksek<br>Ağaç örtüsü: çok düşük<br>Hastaneye uzaklık: yakın<br>Yeşil alana uzaklık: çok uzak<br>Yapılaşma yoğunluğu: çok yoğun<br>Nüfus yoğunluğu: seyrek<br>Yaşlı nüfus oranı: orta<br>Çocuk nüfus oranı: orta<br>Sosyoekonomik gelişmişlik: düşük"}, "geometry": {"type": "LineString", "coordinates": [[30.5243621, 39.782911], [30.5241268, 39.7828714], [30.5235603, 39.7827763], [30.5230553, 39.7826888], [30.5224671, 39.7825793], [30.521653, 39.7824432], [30.5212634, 39.7823716], [30.5208514, 39.7822761], [30.5207687, 39.7822569], [30.519513, 39.7820352], [30.5187119, 39.7818617], [30.5185578, 39.7818262]]}, "bbox": [30.5185578, 39.7818262, 30.5243621, 39.782911]}, {"id": "5746", "type": "Feature", "properties": {"name": "Kırım Caddesi", "_mahalle_str": "Hacı Ali Bey Mahallesi", "_hvi_str": "%53", "_aciklama_str": "Sıcaklık: yüksek<br>Ağaç örtüsü: düşük<br>Hastaneye uzaklık: çok yakın<br>Yeşil alana uzaklık: çok uzak<br>Yapılaşma yoğunluğu: çok yoğun<br>Nüfus yoğunluğu: seyrek<br>Yaşlı nüfus oranı: orta<br>Çocuk nüfus oranı: orta<br>Sosyoekonomik gelişmişlik: düşük"}, "geometry": {"type": "LineString", "coordinates": [[30.5193318, 39.7801001], [30.5191601, 39.7801455], [30.5189479, 39.7802389]]}, "bbox": [30.5189479, 39.7801001, 30.5193318, 39.7802389]}, {"id": "5770", "type": "Feature", "properties": {"name": null, "_mahalle_str": "Yukarı Söğütönü Mahallesi", "_hvi_str": "%54", "_aciklama_str": "Sıcaklık: çok yüksek<br>Ağaç örtüsü: çok yüksek<br>Hastaneye uzaklık: çok uzak<br>Yeşil alana uzaklık: çok uzak<br>Yapılaşma yoğunluğu: çok seyrek<br>Nüfus yoğunluğu: seyrek<br>Yaşlı nüfus oranı: orta<br>Çocuk nüfus oranı: orta<br>Sosyoekonomik gelişmişlik: düşük"}, "geometry": {"type": "LineString", "coordinates": [[30.4172535, 39.8248489], [30.4169867, 39.8250566], [30.4168124, 39.8251441]]}, "bbox": [30.4168124, 39.8248489, 30.4172535, 39.8251441]}, {"id": "5832", "type": "Feature", "properties": {"name": null, "_mahalle_str": "Erenköy Mahallesi", "_hvi_str": "%52", "_aciklama_str": "Sıcaklık: çok yüksek<br>Ağaç örtüsü: çok düşük<br>Hastaneye uzaklık: orta<br>Yeşil alana uzaklık: çok yakın<br>Yapılaşma yoğunluğu: çok yoğun<br>Nüfus yoğunluğu: çok yoğun<br>Yaşlı nüfus oranı: orta<br>Çocuk nüfus oranı: orta<br>Sosyoekonomik gelişmişlik: çok yüksek"}, "geometry": {"type": "LineString", "coordinates": [[30.5536533, 39.7555971], [30.5538251, 39.7560127], [30.5541473, 39.7565495]]}, "bbox": [30.5536533, 39.7555971, 30.5541473, 39.7565495]}, {"id": "5835", "type": "Feature", "properties": {"name": null, "_mahalle_str": "Batıkent Mahallesi", "_hvi_str": "%52", "_aciklama_str": "Sıcaklık: çok yüksek<br>Ağaç örtüsü: yüksek<br>Hastaneye uzaklık: çok uzak<br>Yeşil alana uzaklık: çok uzak<br>Yapılaşma yoğunluğu: seyrek<br>Nüfus yoğunluğu: seyrek<br>Yaşlı nüfus oranı: orta<br>Çocuk nüfus oranı: orta<br>Sosyoekonomik gelişmişlik: düşük"}, "geometry": {"type": "LineString", "coordinates": [[30.3945818, 39.8074986], [30.3947103, 39.8076346]]}, "bbox": [30.3945818, 39.8074986, 30.3947103, 39.8076346]}, {"id": "5837", "type": "Feature", "properties": {"name": null, "_mahalle_str": "Batıkent Mahallesi", "_hvi_str": "%50", "_aciklama_str": "Sıcaklık: çok yüksek<br>Ağaç örtüsü: orta<br>Hastaneye uzaklık: çok uzak<br>Yeşil alana uzaklık: çok uzak<br>Yapılaşma yoğunluğu: seyrek<br>Nüfus yoğunluğu: seyrek<br>Yaşlı nüfus oranı: orta<br>Çocuk nüfus oranı: orta<br>Sosyoekonomik gelişmişlik: düşük"}, "geometry": {"type": "LineString", "coordinates": [[30.3944404, 39.8079255], [30.3945779, 39.8080873]]}, "bbox": [30.3944404, 39.8079255, 30.3945779, 39.8080873]}, {"id": "5838", "type": "Feature", "properties": {"name": null, "_mahalle_str": "Batıkent Mahallesi", "_hvi_str": "%51", "_aciklama_str": "Sıcaklık: çok yüksek<br>Ağaç örtüsü: orta<br>Hastaneye uzaklık: çok uzak<br>Yeşil alana uzaklık: uzak<br>Yapılaşma yoğunluğu: seyrek<br>Nüfus yoğunluğu: seyrek<br>Yaşlı nüfus oranı: orta<br>Çocuk nüfus oranı: orta<br>Sosyoekonomik gelişmişlik: düşük"}, "geometry": {"type": "LineString", "coordinates": [[30.3940695, 39.8089156], [30.3941747, 39.8091195]]}, "bbox": [30.3940695, 39.8089156, 30.3941747, 39.8091195]}, {"id": "5860", "type": "Feature", "properties": {"name": "Sümbüller Sokak", "_mahalle_str": "Gökmeydan Mahallesi", "_hvi_str": "%50", "_aciklama_str": "Sıcaklık: çok yüksek<br>Ağaç örtüsü: düşük<br>Hastaneye uzaklık: uzak<br>Yeşil alana uzaklık: orta<br>Yapılaşma yoğunluğu: yoğun<br>Nüfus yoğunluğu: çok yoğun<br>Yaşlı nüfus oranı: orta<br>Çocuk nüfus oranı: orta<br>Sosyoekonomik gelişmişlik: çok yüksek"}, "geometry": {"type": "LineString", "coordinates": [[30.5561083, 39.7649296], [30.5557811, 39.76497], [30.5547991, 39.765163], [30.554456, 39.7652297], [30.5534089, 39.7654414]]}, "bbox": [30.5534089, 39.7649296, 30.5561083, 39.7654414]}, {"id": "5861", "type": "Feature", "properties": {"name": "Güleycan Sokak", "_mahalle_str": "Gökmeydan Mahallesi", "_hvi_str": "%54", "_aciklama_str": "Sıcaklık: çok yüksek<br>Ağaç örtüsü: düşük<br>Hastaneye uzaklık: uzak<br>Yeşil alana uzaklık: uzak<br>Yapılaşma yoğunluğu: yoğun<br>Nüfus yoğunluğu: çok yoğun<br>Yaşlı nüfus oranı: orta<br>Çocuk nüfus oranı: orta<br>Sosyoekonomik gelişmişlik: çok yüksek"}, "geometry": {"type": "LineString", "coordinates": [[30.5549582, 39.7656331], [30.5547991, 39.765163]]}, "bbox": [30.5547991, 39.765163, 30.5549582, 39.7656331]}, {"id": "5862", "type": "Feature", "properties": {"name": "Zerrin Sokak", "_mahalle_str": "Gökmeydan Mahallesi", "_hvi_str": "%51", "_aciklama_str": "Sıcaklık: çok yüksek<br>Ağaç örtüsü: düşük<br>Hastaneye uzaklık: uzak<br>Yeşil alana uzaklık: yakın<br>Yapılaşma yoğunluğu: yoğun<br>Nüfus yoğunluğu: çok yoğun<br>Yaşlı nüfus oranı: orta<br>Çocuk nüfus oranı: orta<br>Sosyoekonomik gelişmişlik: çok yüksek"}, "geometry": {"type": "LineString", "coordinates": [[30.5550439, 39.766579], [30.5547862, 39.7656613]]}, "bbox": [30.5547862, 39.7656613, 30.5550439, 39.766579]}, {"id": "5866", "type": "Feature", "properties": {"name": null, "_mahalle_str": "Yenidoğan Mahallesi", "_hvi_str": "%58", "_aciklama_str": "Sıcaklık: çok yüksek<br>Ağaç örtüsü: çok düşük<br>Hastaneye uzaklık: orta<br>Yeşil alana uzaklık: orta<br>Yapılaşma yoğunluğu: çok yoğun<br>Nüfus yoğunluğu: çok yoğun<br>Yaşlı nüfus oranı: orta<br>Çocuk nüfus oranı: orta<br>Sosyoekonomik gelişmişlik: çok yüksek"}, "geometry": {"type": "LineString", "coordinates": [[30.5552416, 39.7618757], [30.5550556, 39.7614946], [30.5548898, 39.7611551], [30.5546886, 39.7607429]]}, "bbox": [30.5546886, 39.7607429, 30.5552416, 39.7618757]}, {"id": "5867", "type": "Feature", "properties": {"name": null, "_mahalle_str": "Yenidoğan Mahallesi", "_hvi_str": "%59", "_aciklama_str": "Sıcaklık: çok yüksek<br>Ağaç örtüsü: çok düşük<br>Hastaneye uzaklık: orta<br>Yeşil alana uzaklık: orta<br>Yapılaşma yoğunluğu: çok yoğun<br>Nüfus yoğunluğu: çok yoğun<br>Yaşlı nüfus oranı: orta<br>Çocuk nüfus oranı: orta<br>Sosyoekonomik gelişmişlik: çok yüksek"}, "geometry": {"type": "LineString", "coordinates": [[30.5558239, 39.7612862], [30.5550556, 39.7614946]]}, "bbox": [30.5550556, 39.7612862, 30.5558239, 39.7614946]}, {"id": "5868", "type": "Feature", "properties": {"name": null, "_mahalle_str": "Yenidoğan Mahallesi", "_hvi_str": "%57", "_aciklama_str": "Sıcaklık: çok yüksek<br>Ağaç örtüsü: çok düşük<br>Hastaneye uzaklık: orta<br>Yeşil alana uzaklık: orta<br>Yapılaşma yoğunluğu: çok yoğun<br>Nüfus yoğunluğu: çok yoğun<br>Yaşlı nüfus oranı: orta<br>Çocuk nüfus oranı: orta<br>Sosyoekonomik gelişmişlik: çok yüksek"}, "geometry": {"type": "LineString", "coordinates": [[30.5556509, 39.7609371], [30.5548898, 39.7611551]]}, "bbox": [30.5548898, 39.7609371, 30.5556509, 39.7611551]}, {"id": "5899", "type": "Feature", "properties": {"name": null, "_mahalle_str": "Gündoğdu Mahallesi", "_hvi_str": "%52", "_aciklama_str": "Sıcaklık: yüksek<br>Ağaç örtüsü: orta<br>Hastaneye uzaklık: çok uzak<br>Yeşil alana uzaklık: uzak<br>Yapılaşma yoğunluğu: yoğun<br>Nüfus yoğunluğu: çok yoğun<br>Yaşlı nüfus oranı: orta<br>Çocuk nüfus oranı: orta<br>Sosyoekonomik gelişmişlik: çok yüksek"}, "geometry": {"type": "LineString", "coordinates": [[30.5605714, 39.7706445], [30.5605618, 39.7708039], [30.5606883, 39.7709802], [30.5608582, 39.7711935]]}, "bbox": [30.5605618, 39.7706445, 30.5608582, 39.7711935]}, {"id": "5924", "type": "Feature", "properties": {"name": "Emir Sokak", "_mahalle_str": "Güllük Mahallesi", "_hvi_str": "%53", "_aciklama_str": "Sıcaklık: yüksek<br>Ağaç örtüsü: çok düşük<br>Hastaneye uzaklık: çok yakın<br>Yeşil alana uzaklık: uzak<br>Yapılaşma yoğunluğu: çok yoğun<br>Nüfus yoğunluğu: seyrek<br>Yaşlı nüfus oranı: orta<br>Çocuk nüfus oranı: orta<br>Sosyoekonomik gelişmişlik: düşük"}, "geometry": {"type": "LineString", "coordinates": [[30.5189792, 39.7853521], [30.5182111, 39.7852906], [30.5175841, 39.7852339], [30.5167502, 39.7851345]]}, "bbox": [30.5167502, 39.7851345, 30.5189792, 39.7853521]}, {"id": "5925", "type": "Feature", "properties": {"name": "Arıcı Sokak", "_mahalle_str": "Tunalı Mahallesi", "_hvi_str": "%53", "_aciklama_str": "Sıcaklık: çok yüksek<br>Ağaç örtüsü: düşük<br>Hastaneye uzaklık: çok yakın<br>Yeşil alana uzaklık: uzak<br>Yapılaşma yoğunluğu: çok yoğun<br>Nüfus yoğunluğu: seyrek<br>Yaşlı nüfus oranı: orta<br>Çocuk nüfus oranı: orta<br>Sosyoekonomik gelişmişlik: düşük"}, "geometry": {"type": "LineString", "coordinates": [[30.5224577, 39.7855442], [30.5219458, 39.785535], [30.5212115, 39.7855629], [30.5206577, 39.7855647], [30.5189792, 39.7853521]]}, "bbox": [30.5189792, 39.7853521, 30.5224577, 39.7855647]}, {"id": "5936", "type": "Feature", "properties": {"name": null, "_mahalle_str": "Karagözler Mahallesi", "_hvi_str": "%51", "_aciklama_str": "Sıcaklık: çok düşük<br>Ağaç örtüsü: çok yüksek<br>Hastaneye uzaklık: çok uzak<br>Yeşil alana uzaklık: çok uzak<br>Yapılaşma yoğunluğu: seyrek<br>Nüfus yoğunluğu: seyrek<br>Yaşlı nüfus oranı: orta<br>Çocuk nüfus oranı: orta<br>Sosyoekonomik gelişmişlik: düşük"}, "geometry": {"type": "LineString", "coordinates": [[30.4072106, 39.7674743], [30.4100657, 39.7663932], [30.4124653, 39.7655395], [30.412964, 39.765344]]}, "bbox": [30.4072106, 39.765344, 30.412964, 39.7674743]}, {"id": "5941", "type": "Feature", "properties": {"name": "Tunacan Sokak", "_mahalle_str": "Erenköy Mahallesi", "_hvi_str": "%55", "_aciklama_str": "Sıcaklık: yüksek<br>Ağaç örtüsü: çok düşük<br>Hastaneye uzaklık: uzak<br>Yeşil alana uzaklık: yakın<br>Yapılaşma yoğunluğu: çok yoğun<br>Nüfus yoğunluğu: çok yoğun<br>Yaşlı nüfus oranı: orta<br>Çocuk nüfus oranı: orta<br>Sosyoekonomik gelişmişlik: çok yüksek"}, "geometry": {"type": "LineString", "coordinates": [[30.5534879, 39.7526347], [30.552832, 39.7524779], [30.5526022, 39.752423], [30.5520801, 39.7522983]]}, "bbox": [30.5520801, 39.7522983, 30.5534879, 39.7526347]}, {"id": "6032", "type": "Feature", "properties": {"name": "İkitepeler Sokak", "_mahalle_str": "Çamlıca Mahallesi", "_hvi_str": "%51", "_aciklama_str": "Sıcaklık: yüksek<br>Ağaç örtüsü: çok düşük<br>Hastaneye uzaklık: yakın<br>Yeşil alana uzaklık: uzak<br>Yapılaşma yoğunluğu: yoğun<br>Nüfus yoğunluğu: seyrek<br>Yaşlı nüfus oranı: orta<br>Çocuk nüfus oranı: orta<br>Sosyoekonomik gelişmişlik: düşük"}, "geometry": {"type": "LineString", "coordinates": [[30.4516558, 39.7781974], [30.4518657, 39.7781995], [30.4520813, 39.7782083], [30.4523973, 39.778221], [30.4525183, 39.7782652], [30.4525625, 39.7783274]]}, "bbox": [30.4516558, 39.7781974, 30.4525625, 39.7783274]}, {"id": "6037", "type": "Feature", "properties": {"name": "Şahika Sokak", "_mahalle_str": "Sazova Mahallesi", "_hvi_str": "%51", "_aciklama_str": "Sıcaklık: orta<br>Ağaç örtüsü: çok düşük<br>Hastaneye uzaklık: yakın<br>Yeşil alana uzaklık: uzak<br>Yapılaşma yoğunluğu: çok yoğun<br>Nüfus yoğunluğu: seyrek<br>Yaşlı nüfus oranı: orta<br>Çocuk nüfus oranı: orta<br>Sosyoekonomik gelişmişlik: düşük"}, "geometry": {"type": "LineString", "coordinates": [[30.4682872, 39.7660684], [30.4687053, 39.7669351]]}, "bbox": [30.4682872, 39.7660684, 30.4687053, 39.7669351]}, {"id": "6119", "type": "Feature", "properties": {"name": "Özkök Sokak", "_mahalle_str": "Yeşiltepe Mahallesi", "_hvi_str": "%52", "_aciklama_str": "Sıcaklık: düşük<br>Ağaç örtüsü: orta<br>Hastaneye uzaklık: orta<br>Yeşil alana uzaklık: yakın<br>Yapılaşma yoğunluğu: çok yoğun<br>Nüfus yoğunluğu: seyrek<br>Yaşlı nüfus oranı: orta<br>Çocuk nüfus oranı: orta<br>Sosyoekonomik gelişmişlik: düşük"}, "geometry": {"type": "LineString", "coordinates": [[30.4921199, 39.7989859], [30.4924046, 39.7990888], [30.4926402, 39.7991774], [30.4929154, 39.7992659], [30.4932318, 39.7993597], [30.4934537, 39.7994272], [30.4935534, 39.7994575], [30.4939318, 39.7995552], [30.4941347, 39.7996134], [30.4944192, 39.7996657]]}, "bbox": [30.4921199, 39.7989859, 30.4944192, 39.7996657]}, {"id": "6128", "type": "Feature", "properties": {"name": "Kırım Caddesi", "_mahalle_str": "Cumhuriye Mahallesi", "_hvi_str": "%52", "_aciklama_str": "Sıcaklık: yüksek<br>Ağaç örtüsü: çok düşük<br>Hastaneye uzaklık: çok yakın<br>Yeşil alana uzaklık: uzak<br>Yapılaşma yoğunluğu: çok yoğun<br>Nüfus yoğunluğu: seyrek<br>Yaşlı nüfus oranı: orta<br>Çocuk nüfus oranı: orta<br>Sosyoekonomik gelişmişlik: düşük"}, "geometry": {"type": "LineString", "coordinates": [[30.5173966, 39.7791637], [30.5170486, 39.778975]]}, "bbox": [30.5170486, 39.778975, 30.5173966, 39.7791637]}, {"id": "6129", "type": "Feature", "properties": {"name": "Otopark Sokak", "_mahalle_str": "Cumhuriye Mahallesi", "_hvi_str": "%53", "_aciklama_str": "Sıcaklık: yüksek<br>Ağaç örtüsü: çok düşük<br>Hastaneye uzaklık: çok yakın<br>Yeşil alana uzaklık: çok uzak<br>Yapılaşma yoğunluğu: çok yoğun<br>Nüfus yoğunluğu: seyrek<br>Yaşlı nüfus oranı: orta<br>Çocuk nüfus oranı: orta<br>Sosyoekonomik gelişmişlik: düşük"}, "geometry": {"type": "LineString", "coordinates": [[30.5189817, 39.7774648], [30.5185495, 39.7779276], [30.517954, 39.7785419], [30.5176733, 39.778855], [30.5173966, 39.7791637]]}, "bbox": [30.5173966, 39.7774648, 30.5189817, 39.7791637]}, {"id": "6136", "type": "Feature", "properties": {"name": "Durumoğlu Sokak", "_mahalle_str": "Hayriye Mahallesi", "_hvi_str": "%53", "_aciklama_str": "Sıcaklık: yüksek<br>Ağaç örtüsü: orta<br>Hastaneye uzaklık: çok yakın<br>Yeşil alana uzaklık: çok uzak<br>Yapılaşma yoğunluğu: çok yoğun<br>Nüfus yoğunluğu: seyrek<br>Yaşlı nüfus oranı: orta<br>Çocuk nüfus oranı: orta<br>Sosyoekonomik gelişmişlik: düşük"}, "geometry": {"type": "LineString", "coordinates": [[30.5199724, 39.7818409], [30.5199744, 39.7815628], [30.5200086, 39.7811267], [30.5200032, 39.7810525], [30.52003, 39.7808011], [30.5200515, 39.7803352], [30.5200947, 39.7799642]]}, "bbox": [30.5199724, 39.7799642, 30.5200947, 39.7818409]}, {"id": "6138", "type": "Feature", "properties": {"name": "Ulutaş Sokak", "_mahalle_str": "Hayriye Mahallesi", "_hvi_str": "%55", "_aciklama_str": "Sıcaklık: çok yüksek<br>Ağaç örtüsü: düşük<br>Hastaneye uzaklık: çok yakın<br>Yeşil alana uzaklık: çok uzak<br>Yapılaşma yoğunluğu: çok yoğun<br>Nüfus yoğunluğu: seyrek<br>Yaşlı nüfus oranı: orta<br>Çocuk nüfus oranı: orta<br>Sosyoekonomik gelişmişlik: düşük"}, "geometry": {"type": "LineString", "coordinates": [[30.5207916, 39.781985], [30.520792, 39.7814401], [30.520758, 39.780997], [30.5207539, 39.7806525], [30.5207217, 39.780199], [30.5206802, 39.7798378]]}, "bbox": [30.5206802, 39.7798378, 30.520792, 39.781985]}, {"id": "6139", "type": "Feature", "properties": {"name": "Uluhan Sokak", "_mahalle_str": "Hacı Ali Bey Mahallesi", "_hvi_str": "%55", "_aciklama_str": "Sıcaklık: çok yüksek<br>Ağaç örtüsü: yüksek<br>Hastaneye uzaklık: yakın<br>Yeşil alana uzaklık: çok uzak<br>Yapılaşma yoğunluğu: çok yoğun<br>Nüfus yoğunluğu: seyrek<br>Yaşlı nüfus oranı: orta<br>Çocuk nüfus oranı: orta<br>Sosyoekonomik gelişmişlik: düşük"}, "geometry": {"type": "LineString", "coordinates": [[30.5206152, 39.7782459], [30.5206802, 39.7798378]]}, "bbox": [30.5206152, 39.7782459, 30.5206802, 39.7798378]}, {"id": "6307", "type": "Feature", "properties": {"name": "Esenlik Sokak", "_mahalle_str": "Çamlıca Mahallesi", "_hvi_str": "%51", "_aciklama_str": "Sıcaklık: çok yüksek<br>Ağaç örtüsü: çok düşük<br>Hastaneye uzaklık: çok yakın<br>Yeşil alana uzaklık: orta<br>Yapılaşma yoğunluğu: çok yoğun<br>Nüfus yoğunluğu: seyrek<br>Yaşlı nüfus oranı: orta<br>Çocuk nüfus oranı: orta<br>Sosyoekonomik gelişmişlik: düşük"}, "geometry": {"type": "LineString", "coordinates": [[30.4708469, 39.7760402], [30.4707059, 39.776238], [30.470461, 39.7765696]]}, "bbox": [30.470461, 39.7760402, 30.4708469, 39.7765696]}, {"id": "6334", "type": "Feature", "properties": {"name": "Deryalı Sokak", "_mahalle_str": "Şarhöyük Mahallesi", "_hvi_str": "%53", "_aciklama_str": "Sıcaklık: yüksek<br>Ağaç örtüsü: çok düşük<br>Hastaneye uzaklık: yakın<br>Yeşil alana uzaklık: uzak<br>Yapılaşma yoğunluğu: çok yoğun<br>Nüfus yoğunluğu: seyrek<br>Yaşlı nüfus oranı: orta<br>Çocuk nüfus oranı: orta<br>Sosyoekonomik gelişmişlik: düşük"}, "geometry": {"type": "LineString", "coordinates": [[30.5336086, 39.7870328], [30.5336436, 39.7873808]]}, "bbox": [30.5336086, 39.7870328, 30.5336436, 39.7873808]}, {"id": "6420", "type": "Feature", "properties": {"name": null, "_mahalle_str": "Yeşiltepe Mahallesi", "_hvi_str": "%52", "_aciklama_str": "Sıcaklık: orta<br>Ağaç örtüsü: orta<br>Hastaneye uzaklık: orta<br>Yeşil alana uzaklık: çok yakın<br>Yapılaşma yoğunluğu: çok yoğun<br>Nüfus yoğunluğu: seyrek<br>Yaşlı nüfus oranı: orta<br>Çocuk nüfus oranı: orta<br>Sosyoekonomik gelişmişlik: düşük"}, "geometry": {"type": "LineString", "coordinates": [[30.5054472, 39.796843], [30.5056928, 39.7961177]]}, "bbox": [30.5054472, 39.7961177, 30.5056928, 39.796843]}, {"id": "6421", "type": "Feature", "properties": {"name": null, "_mahalle_str": "Sütlüce Mahallesi", "_hvi_str": "%51", "_aciklama_str": "Sıcaklık: orta<br>Ağaç örtüsü: düşük<br>Hastaneye uzaklık: orta<br>Yeşil alana uzaklık: orta<br>Yapılaşma yoğunluğu: çok yoğun<br>Nüfus yoğunluğu: seyrek<br>Yaşlı nüfus oranı: orta<br>Çocuk nüfus oranı: orta<br>Sosyoekonomik gelişmişlik: düşük"}, "geometry": {"type": "LineString", "coordinates": [[30.5065565, 39.7983097], [30.5063621, 39.7982781]]}, "bbox": [30.5063621, 39.7982781, 30.5065565, 39.7983097]}, {"id": "6422", "type": "Feature", "properties": {"name": "Doğru Sokak", "_mahalle_str": "Sütlüce Mahallesi", "_hvi_str": "%52", "_aciklama_str": "Sıcaklık: yüksek<br>Ağaç örtüsü: düşük<br>Hastaneye uzaklık: orta<br>Yeşil alana uzaklık: yakın<br>Yapılaşma yoğunluğu: çok yoğun<br>Nüfus yoğunluğu: seyrek<br>Yaşlı nüfus oranı: orta<br>Çocuk nüfus oranı: orta<br>Sosyoekonomik gelişmişlik: düşük"}, "geometry": {"type": "LineString", "coordinates": [[30.5065565, 39.7983097], [30.5067477, 39.797961], [30.5069605, 39.7976768], [30.5071116, 39.7974543], [30.5071797, 39.7973382], [30.5072527, 39.7969633], [30.507363, 39.7965916], [30.5075443, 39.7960012]]}, "bbox": [30.5065565, 39.7960012, 30.5075443, 39.7983097]}, {"id": "6478", "type": "Feature", "properties": {"name": null, "_mahalle_str": "Hasanbey Mahallesi", "_hvi_str": "%51", "_aciklama_str": "Sıcaklık: çok yüksek<br>Ağaç örtüsü: çok yüksek<br>Hastaneye uzaklık: çok uzak<br>Yeşil alana uzaklık: çok uzak<br>Yapılaşma yoğunluğu: çok seyrek<br>Nüfus yoğunluğu: seyrek<br>Yaşlı nüfus oranı: orta<br>Çocuk nüfus oranı: orta<br>Sosyoekonomik gelişmişlik: düşük"}, "geometry": {"type": "LineString", "coordinates": [[30.6104274, 39.7886384], [30.6104142, 39.7888208], [30.6103895, 39.7891614], [30.6103821, 39.7893082], [30.6103765, 39.7893666], [30.6104108, 39.7895624], [30.6104488, 39.7897975], [30.6104227, 39.789998], [30.6104056, 39.7901809], [30.610187, 39.7902595], [30.6100528, 39.7902829], [30.6098329, 39.7902925], [30.6096766, 39.7902988], [30.6095493, 39.7903031], [30.6094691, 39.7902882], [30.6093971, 39.7902574], [30.6093363, 39.7901649], [30.6092533, 39.7900512], [30.6092228, 39.7900267], [30.6091841, 39.7900129], [30.609126, 39.7900012], [30.6090195, 39.7899863], [30.608942, 39.7899683], [30.6088728, 39.7899204], [30.608823, 39.7898737], [30.6088037, 39.7898195], [30.608823, 39.7897121], [30.6088341, 39.7895186], [30.6088397, 39.7894021]]}, "bbox": [30.6088037, 39.7886384, 30.6104488, 39.7903031]}, {"id": "6479", "type": "Feature", "properties": {"name": null, "_mahalle_str": "Hasanbey Mahallesi", "_hvi_str": "%55", "_aciklama_str": "Sıcaklık: düşük<br>Ağaç örtüsü: çok yüksek<br>Hastaneye uzaklık: çok uzak<br>Yeşil alana uzaklık: çok uzak<br>Yapılaşma yoğunluğu: çok seyrek<br>Nüfus yoğunluğu: seyrek<br>Yaşlı nüfus oranı: orta<br>Çocuk nüfus oranı: orta<br>Sosyoekonomik gelişmişlik: düşük"}, "geometry": {"type": "LineString", "coordinates": [[30.6122632, 39.7850579], [30.6145259, 39.7857569], [30.6175452, 39.7867375], [30.6201566, 39.7875558], [30.6204412, 39.7876196], [30.6205978, 39.7876323], [30.6208563, 39.7876141], [30.6235104, 39.7873462], [30.6347172, 39.786249], [30.6365127, 39.7860394], [30.636642, 39.7860221], [30.6367534, 39.7860303], [30.6368234, 39.7860786], [30.6368661, 39.7861879], [30.6369052, 39.7863091], [30.6371768, 39.7875044], [30.6378546, 39.7901086], [30.6381812, 39.7913776], [30.6385078, 39.7925802], [30.6387789, 39.7936503], [30.6389807, 39.7944017], [30.6392288, 39.7953973]]}, "bbox": [30.6122632, 39.7850579, 30.6392288, 39.7953973]}, {"id": "6481", "type": "Feature", "properties": {"name": null, "_mahalle_str": "Hasanbey Mahallesi", "_hvi_str": "%53", "_aciklama_str": "Sıcaklık: yüksek<br>Ağaç örtüsü: çok düşük<br>Hastaneye uzaklık: çok uzak<br>Yeşil alana uzaklık: çok uzak<br>Yapılaşma yoğunluğu: çok seyrek<br>Nüfus yoğunluğu: seyrek<br>Yaşlı nüfus oranı: orta<br>Çocuk nüfus oranı: orta<br>Sosyoekonomik gelişmişlik: düşük"}, "geometry": {"type": "LineString", "coordinates": [[30.6104056, 39.7901809], [30.6106214, 39.7902085], [30.610833, 39.7902244], [30.6109644, 39.7902244], [30.6110723, 39.7902298], [30.6111733, 39.7902234], [30.6112245, 39.7902], [30.611349, 39.7900384]]}, "bbox": [30.6104056, 39.7900384, 30.611349, 39.7902298]}, {"id": "6482", "type": "Feature", "properties": {"name": null, "_mahalle_str": "Hasanbey Mahallesi", "_hvi_str": "%50", "_aciklama_str": "Sıcaklık: çok yüksek<br>Ağaç örtüsü: yüksek<br>Hastaneye uzaklık: çok uzak<br>Yeşil alana uzaklık: çok uzak<br>Yapılaşma yoğunluğu: çok seyrek<br>Nüfus yoğunluğu: seyrek<br>Yaşlı nüfus oranı: orta<br>Çocuk nüfus oranı: orta<br>Sosyoekonomik gelişmişlik: düşük"}, "geometry": {"type": "LineString", "coordinates": [[30.6100052, 39.7886293], [30.6099625, 39.7887022], [30.6099839, 39.7889136], [30.6100123, 39.7890904], [30.609992, 39.7893911]]}, "bbox": [30.6099625, 39.7886293, 30.6100123, 39.7893911]}, {"id": "6497", "type": "Feature", "properties": {"name": null, "_mahalle_str": "Karagözler Mahallesi", "_hvi_str": "%53", "_aciklama_str": "Sıcaklık: orta<br>Ağaç örtüsü: düşük<br>Hastaneye uzaklık: çok uzak<br>Yeşil alana uzaklık: çok uzak<br>Yapılaşma yoğunluğu: çok seyrek<br>Nüfus yoğunluğu: seyrek<br>Yaşlı nüfus oranı: orta<br>Çocuk nüfus oranı: orta<br>Sosyoekonomik gelişmişlik: düşük"}, "geometry": {"type": "LineString", "coordinates": [[30.4195535, 39.7778635], [30.4197686, 39.7781703]]}, "bbox": [30.4195535, 39.7778635, 30.4197686, 39.7781703]}, {"id": "6504", "type": "Feature", "properties": {"name": null, "_mahalle_str": "Hasanbey Mahallesi", "_hvi_str": "%58", "_aciklama_str": "Sıcaklık: yüksek<br>Ağaç örtüsü: yüksek<br>Hastaneye uzaklık: çok uzak<br>Yeşil alana uzaklık: çok uzak<br>Yapılaşma yoğunluğu: çok seyrek<br>Nüfus yoğunluğu: seyrek<br>Yaşlı nüfus oranı: orta<br>Çocuk nüfus oranı: orta<br>Sosyoekonomik gelişmişlik: düşük"}, "geometry": {"type": "LineString", "coordinates": [[30.627693, 39.7949516], [30.6279931, 39.7934196], [30.6281216, 39.7929925], [30.6283004, 39.7926047], [30.6282652, 39.7924933], [30.6280009, 39.7924431], [30.6274228, 39.7923821], [30.6267649, 39.792264], [30.6250715, 39.7920905], [30.6214703, 39.7916925], [30.6190229, 39.7914405], [30.6184649, 39.7913586], [30.6166511, 39.7906386], [30.6157902, 39.7902787], [30.6153109, 39.7900735], [30.6142508, 39.7895961], [30.6141417, 39.7895597], [30.6127282, 39.7893252], [30.6126092, 39.7892997], [30.6125456, 39.7892773], [30.6124903, 39.7892412], [30.6124446, 39.7891902], [30.6124156, 39.78912], [30.6124067, 39.7887291], [30.6123616, 39.7884429], [30.6123166, 39.7882841], [30.6124955, 39.7873484], [30.6124124, 39.7869486], [30.6121683, 39.7864285]]}, "bbox": [30.6121683, 39.7864285, 30.6283004, 39.7949516]}, {"id": "6510", "type": "Feature", "properties": {"name": "Yeşilkayalar Sokak", "_mahalle_str": "Şirintepe Mahallesi", "_hvi_str": "%50", "_aciklama_str": "Sıcaklık: orta<br>Ağaç örtüsü: düşük<br>Hastaneye uzaklık: orta<br>Yeşil alana uzaklık: orta<br>Yapılaşma yoğunluğu: çok yoğun<br>Nüfus yoğunluğu: seyrek<br>Yaşlı nüfus oranı: orta<br>Çocuk nüfus oranı: orta<br>Sosyoekonomik gelişmişlik: düşük"}, "geometry": {"type": "LineString", "coordinates": [[30.4899159, 39.793258], [30.4899256, 39.79413]]}, "bbox": [30.4899159, 39.793258, 30.4899256, 39.79413]}, {"id": "6511", "type": "Feature", "properties": {"name": "Yeşilkayalar Sokak", "_mahalle_str": "Şirintepe Mahallesi", "_hvi_str": "%52", "_aciklama_str": "Sıcaklık: yüksek<br>Ağaç örtüsü: düşük<br>Hastaneye uzaklık: orta<br>Yeşil alana uzaklık: yakın<br>Yapılaşma yoğunluğu: çok yoğun<br>Nüfus yoğunluğu: seyrek<br>Yaşlı nüfus oranı: orta<br>Çocuk nüfus oranı: orta<br>Sosyoekonomik gelişmişlik: düşük"}, "geometry": {"type": "LineString", "coordinates": [[30.4899347, 39.7930667], [30.490003, 39.7925675]]}, "bbox": [30.4899347, 39.7925675, 30.490003, 39.7930667]}, {"id": "6518", "type": "Feature", "properties": {"name": "Sınırlar Sokak", "_mahalle_str": "Yeşiltepe Mahallesi", "_hvi_str": "%51", "_aciklama_str": "Sıcaklık: düşük<br>Ağaç örtüsü: çok düşük<br>Hastaneye uzaklık: uzak<br>Yeşil alana uzaklık: yakın<br>Yapılaşma yoğunluğu: çok yoğun<br>Nüfus yoğunluğu: seyrek<br>Yaşlı nüfus oranı: orta<br>Çocuk nüfus oranı: orta<br>Sosyoekonomik gelişmişlik: düşük"}, "geometry": {"type": "LineString", "coordinates": [[30.4944958, 39.7965454], [30.4944206, 39.7968936], [30.4944135, 39.7969932], [30.4944131, 39.7970886]]}, "bbox": [30.4944131, 39.7965454, 30.4944958, 39.7970886]}, {"id": "6519", "type": "Feature", "properties": {"name": null, "_mahalle_str": "Yeşiltepe Mahallesi", "_hvi_str": "%50", "_aciklama_str": "Sıcaklık: düşük<br>Ağaç örtüsü: çok düşük<br>Hastaneye uzaklık: uzak<br>Yeşil alana uzaklık: çok yakın<br>Yapılaşma yoğunluğu: çok yoğun<br>Nüfus yoğunluğu: seyrek<br>Yaşlı nüfus oranı: orta<br>Çocuk nüfus oranı: orta<br>Sosyoekonomik gelişmişlik: düşük"}, "geometry": {"type": "LineString", "coordinates": [[30.4944131, 39.7970886], [30.4944067, 39.797208], [30.4944055, 39.7973281], [30.4943896, 39.7974236]]}, "bbox": [30.4943896, 39.7970886, 30.4944131, 39.7974236]}, {"id": "6522", "type": "Feature", "properties": {"name": "Karaasma Sokak", "_mahalle_str": "Yeşiltepe Mahallesi", "_hvi_str": "%50", "_aciklama_str": "Sıcaklık: düşük<br>Ağaç örtüsü: orta<br>Hastaneye uzaklık: orta<br>Yeşil alana uzaklık: çok yakın<br>Yapılaşma yoğunluğu: çok yoğun<br>Nüfus yoğunluğu: seyrek<br>Yaşlı nüfus oranı: orta<br>Çocuk nüfus oranı: orta<br>Sosyoekonomik gelişmişlik: düşük"}, "geometry": {"type": "LineString", "coordinates": [[30.4929103, 39.7985195], [30.4930288, 39.7985971], [30.493132, 39.7986275], [30.4933813, 39.7986896], [30.4937597, 39.7987927], [30.4939832, 39.7988693], [30.4944005, 39.7989925]]}, "bbox": [30.4929103, 39.7985195, 30.4944005, 39.7989925]}, {"id": "6524", "type": "Feature", "properties": {"name": "Okan Sokak", "_mahalle_str": "Yeşiltepe Mahallesi", "_hvi_str": "%52", "_aciklama_str": "Sıcaklık: yüksek<br>Ağaç örtüsü: düşük<br>Hastaneye uzaklık: uzak<br>Yeşil alana uzaklık: çok yakın<br>Yapılaşma yoğunluğu: çok yoğun<br>Nüfus yoğunluğu: seyrek<br>Yaşlı nüfus oranı: orta<br>Çocuk nüfus oranı: orta<br>Sosyoekonomik gelişmişlik: düşük"}, "geometry": {"type": "LineString", "coordinates": [[30.4992759, 39.7953654], [30.4993539, 39.7954073], [30.4996197, 39.7955461], [30.4998526, 39.7956616]]}, "bbox": [30.4992759, 39.7953654, 30.4998526, 39.7956616]}, {"id": "6526", "type": "Feature", "properties": {"name": "Elmas Sokak", "_mahalle_str": "Yeşiltepe Mahallesi", "_hvi_str": "%55", "_aciklama_str": "Sıcaklık: yüksek<br>Ağaç örtüsü: orta<br>Hastaneye uzaklık: uzak<br>Yeşil alana uzaklık: yakın<br>Yapılaşma yoğunluğu: çok yoğun<br>Nüfus yoğunluğu: seyrek<br>Yaşlı nüfus oranı: orta<br>Çocuk nüfus oranı: orta<br>Sosyoekonomik gelişmişlik: düşük"}, "geometry": {"type": "LineString", "coordinates": [[30.4998526, 39.7956616], [30.4989836, 39.7965889]]}, "bbox": [30.4989836, 39.7956616, 30.4998526, 39.7965889]}, {"id": "6527", "type": "Feature", "properties": {"name": "Okan Sokak", "_mahalle_str": "Yeşiltepe Mahallesi", "_hvi_str": "%56", "_aciklama_str": "Sıcaklık: yüksek<br>Ağaç örtüsü: orta<br>Hastaneye uzaklık: uzak<br>Yeşil alana uzaklık: yakın<br>Yapılaşma yoğunluğu: çok yoğun<br>Nüfus yoğunluğu: seyrek<br>Yaşlı nüfus oranı: orta<br>Çocuk nüfus oranı: orta<br>Sosyoekonomik gelişmişlik: düşük"}, "geometry": {"type": "LineString", "coordinates": [[30.4998526, 39.7956616], [30.5000757, 39.7957531], [30.500357, 39.7958708]]}, "bbox": [30.4998526, 39.7956616, 30.500357, 39.7958708]}, {"id": "6528", "type": "Feature", "properties": {"name": "Ersöz Sokak", "_mahalle_str": "Yeşiltepe Mahallesi", "_hvi_str": "%55", "_aciklama_str": "Sıcaklık: çok yüksek<br>Ağaç örtüsü: düşük<br>Hastaneye uzaklık: uzak<br>Yeşil alana uzaklık: yakın<br>Yapılaşma yoğunluğu: çok yoğun<br>Nüfus yoğunluğu: seyrek<br>Yaşlı nüfus oranı: orta<br>Çocuk nüfus oranı: orta<br>Sosyoekonomik gelişmişlik: düşük"}, "geometry": {"type": "LineString", "coordinates": [[30.500357, 39.7958708], [30.5004535, 39.7955668], [30.5006143, 39.79503], [30.5008807, 39.7941918]]}, "bbox": [30.500357, 39.7941918, 30.5008807, 39.7958708]}, {"id": "6529", "type": "Feature", "properties": {"name": "Okan Sokak", "_mahalle_str": "Yeşiltepe Mahallesi", "_hvi_str": "%59", "_aciklama_str": "Sıcaklık: yüksek<br>Ağaç örtüsü: orta<br>Hastaneye uzaklık: uzak<br>Yeşil alana uzaklık: orta<br>Yapılaşma yoğunluğu: çok yoğun<br>Nüfus yoğunluğu: seyrek<br>Yaşlı nüfus oranı: orta<br>Çocuk nüfus oranı: orta<br>Sosyoekonomik gelişmişlik: düşük"}, "geometry": {"type": "LineString", "coordinates": [[30.500357, 39.7958708], [30.5007796, 39.7960554]]}, "bbox": [30.500357, 39.7958708, 30.5007796, 39.7960554]}, {"id": "6530", "type": "Feature", "properties": {"name": "Seyit Ömer Sokak", "_mahalle_str": "Yeşiltepe Mahallesi", "_hvi_str": "%57", "_aciklama_str": "Sıcaklık: çok yüksek<br>Ağaç örtüsü: yüksek<br>Hastaneye uzaklık: uzak<br>Yeşil alana uzaklık: orta<br>Yapılaşma yoğunluğu: çok yoğun<br>Nüfus yoğunluğu: seyrek<br>Yaşlı nüfus oranı: orta<br>Çocuk nüfus oranı: orta<br>Sosyoekonomik gelişmişlik: düşük"}, "geometry": {"type": "LineString", "coordinates": [[30.5007796, 39.7960554], [30.5009009, 39.7957388], [30.5010884, 39.7950928], [30.5012551, 39.7945919], [30.5013897, 39.7942448]]}, "bbox": [30.5007796, 39.7942448, 30.5013897, 39.7960554]}, {"id": "6531", "type": "Feature", "properties": {"name": "Okan Sokak", "_mahalle_str": "Yeşiltepe Mahallesi", "_hvi_str": "%57", "_aciklama_str": "Sıcaklık: yüksek<br>Ağaç örtüsü: orta<br>Hastaneye uzaklık: uzak<br>Yeşil alana uzaklık: çok yakın<br>Yapılaşma yoğunluğu: çok yoğun<br>Nüfus yoğunluğu: seyrek<br>Yaşlı nüfus oranı: orta<br>Çocuk nüfus oranı: orta<br>Sosyoekonomik gelişmişlik: düşük"}, "geometry": {"type": "LineString", "coordinates": [[30.5007796, 39.7960554], [30.5011093, 39.7962209], [30.501291, 39.7963178], [30.5013967, 39.7963742], [30.5016494, 39.7965091], [30.501786, 39.7965819], [30.5020209, 39.7967072], [30.5021706, 39.7967871], [30.5024201, 39.7969202]]}, "bbox": [30.5007796, 39.7960554, 30.5024201, 39.7969202]}, {"id": "6532", "type": "Feature", "properties": {"name": "Yudum Sokak", "_mahalle_str": "Yeşiltepe Mahallesi", "_hvi_str": "%62", "_aciklama_str": "Sıcaklık: çok yüksek<br>Ağaç örtüsü: orta<br>Hastaneye uzaklık: uzak<br>Yeşil alana uzaklık: orta<br>Yapılaşma yoğunluğu: çok yoğun<br>Nüfus yoğunluğu: seyrek<br>Yaşlı nüfus oranı: orta<br>Çocuk nüfus oranı: orta<br>Sosyoekonomik gelişmişlik: düşük"}, "geometry": {"type": "LineString", "coordinates": [[30.501432, 39.7952316], [30.5016053, 39.7952729]]}, "bbox": [30.501432, 39.7952316, 30.5016053, 39.7952729]}, {"id": "6533", "type": "Feature", "properties": {"name": "Ersöz Sokak", "_mahalle_str": "Yeşiltepe Mahallesi", "_hvi_str": "%54", "_aciklama_str": "Sıcaklık: çok yüksek<br>Ağaç örtüsü: çok düşük<br>Hastaneye uzaklık: uzak<br>Yeşil alana uzaklık: orta<br>Yapılaşma yoğunluğu: yoğun<br>Nüfus yoğunluğu: seyrek<br>Yaşlı nüfus oranı: orta<br>Çocuk nüfus oranı: orta<br>Sosyoekonomik gelişmişlik: düşük"}, "geometry": {"type": "LineString", "coordinates": [[30.5008807, 39.7941918], [30.5013897, 39.7942448]]}, "bbox": [30.5008807, 39.7941918, 30.5013897, 39.7942448]}, {"id": "6535", "type": "Feature", "properties": {"name": "Yeşil Çayır Sokak", "_mahalle_str": "Yeşiltepe Mahallesi", "_hvi_str": "%58", "_aciklama_str": "Sıcaklık: çok yüksek<br>Ağaç örtüsü: yüksek<br>Hastaneye uzaklık: uzak<br>Yeşil alana uzaklık: uzak<br>Yapılaşma yoğunluğu: çok yoğun<br>Nüfus yoğunluğu: seyrek<br>Yaşlı nüfus oranı: orta<br>Çocuk nüfus oranı: orta<br>Sosyoekonomik gelişmişlik: düşük"}, "geometry": {"type": "LineString", "coordinates": [[30.5016053, 39.7952729], [30.5017968, 39.7943636], [30.501796, 39.7942181]]}, "bbox": [30.5016053, 39.7942181, 30.5017968, 39.7952729]}, {"id": "6536", "type": "Feature", "properties": {"name": "Girneli Sokak", "_mahalle_str": "Yeşiltepe Mahallesi", "_hvi_str": "%57", "_aciklama_str": "Sıcaklık: yüksek<br>Ağaç örtüsü: yüksek<br>Hastaneye uzaklık: uzak<br>Yeşil alana uzaklık: orta<br>Yapılaşma yoğunluğu: çok yoğun<br>Nüfus yoğunluğu: seyrek<br>Yaşlı nüfus oranı: orta<br>Çocuk nüfus oranı: orta<br>Sosyoekonomik gelişmişlik: düşük"}, "geometry": {"type": "LineString", "coordinates": [[30.501786, 39.7965819], [30.5019302, 39.7961151], [30.5020735, 39.7956958], [30.5021678, 39.7953937], [30.5022915, 39.7944237], [30.5023307, 39.7940166]]}, "bbox": [30.501786, 39.7940166, 30.5023307, 39.7965819]}, {"id": "6537", "type": "Feature", "properties": {"name": "Haliç Sokak", "_mahalle_str": "Yeşiltepe Mahallesi", "_hvi_str": "%57", "_aciklama_str": "Sıcaklık: orta<br>Ağaç örtüsü: yüksek<br>Hastaneye uzaklık: uzak<br>Yeşil alana uzaklık: orta<br>Yapılaşma yoğunluğu: çok yoğun<br>Nüfus yoğunluğu: seyrek<br>Yaşlı nüfus oranı: orta<br>Çocuk nüfus oranı: orta<br>Sosyoekonomik gelişmişlik: düşük"}, "geometry": {"type": "LineString", "coordinates": [[30.5021706, 39.7967871], [30.5026076, 39.7954193], [30.502742, 39.7948414], [30.502934, 39.7942843]]}, "bbox": [30.5021706, 39.7942843, 30.502934, 39.7967871]}, {"id": "6538", "type": "Feature", "properties": {"name": "Kızıltaş Sokak", "_mahalle_str": "Yeşiltepe Mahallesi", "_hvi_str": "%58", "_aciklama_str": "Sıcaklık: yüksek<br>Ağaç örtüsü: yüksek<br>Hastaneye uzaklık: uzak<br>Yeşil alana uzaklık: orta<br>Yapılaşma yoğunluğu: çok yoğun<br>Nüfus yoğunluğu: seyrek<br>Yaşlı nüfus oranı: orta<br>Çocuk nüfus oranı: orta<br>Sosyoekonomik gelişmişlik: düşük"}, "geometry": {"type": "LineString", "coordinates": [[30.5026215, 39.7969537], [30.5028261, 39.7962566], [30.5031616, 39.7951865], [30.5032969, 39.7946797]]}, "bbox": [30.5026215, 39.7946797, 30.5032969, 39.7969537]}, {"id": "6539", "type": "Feature", "properties": {"name": "Biliç Sokak", "_mahalle_str": "Yeşiltepe Mahallesi", "_hvi_str": "%58", "_aciklama_str": "Sıcaklık: yüksek<br>Ağaç örtüsü: yüksek<br>Hastaneye uzaklık: uzak<br>Yeşil alana uzaklık: orta<br>Yapılaşma yoğunluğu: çok yoğun<br>Nüfus yoğunluğu: seyrek<br>Yaşlı nüfus oranı: orta<br>Çocuk nüfus oranı: orta<br>Sosyoekonomik gelişmişlik: düşük"}, "geometry": {"type": "LineString", "coordinates": [[30.5030653, 39.7971078], [30.5030705, 39.7969702], [30.5032024, 39.7964832], [30.5033612, 39.7959557], [30.5036057, 39.7952278], [30.5036227, 39.7951771], [30.5037499, 39.794823]]}, "bbox": [30.5030653, 39.794823, 30.5037499, 39.7971078]}, {"id": "6540", "type": "Feature", "properties": {"name": "Sevili Sokak", "_mahalle_str": "Yeşiltepe Mahallesi", "_hvi_str": "%59", "_aciklama_str": "Sıcaklık: yüksek<br>Ağaç örtüsü: yüksek<br>Hastaneye uzaklık: uzak<br>Yeşil alana uzaklık: orta<br>Yapılaşma yoğunluğu: çok yoğun<br>Nüfus yoğunluğu: seyrek<br>Yaşlı nüfus oranı: orta<br>Çocuk nüfus oranı: orta<br>Sosyoekonomik gelişmişlik: düşük"}, "geometry": {"type": "LineString", "coordinates": [[30.5033341, 39.7971832], [30.5034059, 39.7970386], [30.503776, 39.7962007], [30.5039223, 39.7958321], [30.5040849, 39.7953136], [30.5042212, 39.7949491]]}, "bbox": [30.5033341, 39.7949491, 30.5042212, 39.7971832]}, {"id": "6541", "type": "Feature", "properties": {"name": null, "_mahalle_str": "Yeşiltepe Mahallesi", "_hvi_str": "%60", "_aciklama_str": "Sıcaklık: orta<br>Ağaç örtüsü: orta<br>Hastaneye uzaklık: uzak<br>Yeşil alana uzaklık: uzak<br>Yapılaşma yoğunluğu: çok yoğun<br>Nüfus yoğunluğu: seyrek<br>Yaşlı nüfus oranı: orta<br>Çocuk nüfus oranı: orta<br>Sosyoekonomik gelişmişlik: düşük"}, "geometry": {"type": "LineString", "coordinates": [[30.5036057, 39.7952278], [30.5040849, 39.7953136]]}, "bbox": [30.5036057, 39.7952278, 30.5040849, 39.7953136]}, {"id": "6542", "type": "Feature", "properties": {"name": null, "_mahalle_str": "Yeşiltepe Mahallesi", "_hvi_str": "%52", "_aciklama_str": "Sıcaklık: orta<br>Ağaç örtüsü: yüksek<br>Hastaneye uzaklık: uzak<br>Yeşil alana uzaklık: orta<br>Yapılaşma yoğunluğu: çok yoğun<br>Nüfus yoğunluğu: seyrek<br>Yaşlı nüfus oranı: orta<br>Çocuk nüfus oranı: orta<br>Sosyoekonomik gelişmişlik: düşük"}, "geometry": {"type": "LineString", "coordinates": [[30.5050212, 39.7978169], [30.5054472, 39.796843], [30.5054418, 39.7967276], [30.5054364, 39.7963763], [30.5054188, 39.7960516], [30.5054177, 39.7960146], [30.5053788, 39.7954613], [30.5053104, 39.795315], [30.505266, 39.7952789], [30.5052125, 39.7952506], [30.5047475, 39.7950982], [30.5042835, 39.7949667], [30.5042212, 39.7949491], [30.5041812, 39.7949378], [30.5038162, 39.7948406], [30.5037499, 39.794823], [30.5037091, 39.7948121], [30.5034167, 39.7947297], [30.5033687, 39.7947097], [30.5032969, 39.7946797], [30.5032585, 39.7946637], [30.5030726, 39.7945341], [30.502934, 39.7942843], [30.5029249, 39.7942535], [30.5029205, 39.7942206], [30.5029235, 39.7941827], [30.5029308, 39.7941243], [30.5029807, 39.7937229]]}, "bbox": [30.5029205, 39.7937229, 30.5054472, 39.7978169]}, {"id": "6545", "type": "Feature", "properties": {"name": "Muratlı Sokak", "_mahalle_str": "Yeşiltepe Mahallesi", "_hvi_str": "%54", "_aciklama_str": "Sıcaklık: yüksek<br>Ağaç örtüsü: düşük<br>Hastaneye uzaklık: uzak<br>Yeşil alana uzaklık: yakın<br>Yapılaşma yoğunluğu: çok yoğun<br>Nüfus yoğunluğu: seyrek<br>Yaşlı nüfus oranı: orta<br>Çocuk nüfus oranı: orta<br>Sosyoekonomik gelişmişlik: düşük"}, "geometry": {"type": "LineString", "coordinates": [[30.5035877, 39.7987689], [30.5038305, 39.7984456], [30.5040904, 39.7980949], [30.5043891, 39.7976216]]}, "bbox": [30.5035877, 39.7976216, 30.5043891, 39.7987689]}, {"id": "6546", "type": "Feature", "properties": {"name": "Bilgeç Caddesi", "_mahalle_str": "Yeşiltepe Mahallesi", "_hvi_str": "%54", "_aciklama_str": "Sıcaklık: yüksek<br>Ağaç örtüsü: düşük<br>Hastaneye uzaklık: uzak<br>Yeşil alana uzaklık: orta<br>Yapılaşma yoğunluğu: çok yoğun<br>Nüfus yoğunluğu: seyrek<br>Yaşlı nüfus oranı: orta<br>Çocuk nüfus oranı: orta<br>Sosyoekonomik gelişmişlik: düşük"}, "geometry": {"type": "LineString", "coordinates": [[30.5035877, 39.7987689], [30.5034894, 39.7987216], [30.5033316, 39.7986521], [30.5032138, 39.7985946], [30.5029091, 39.79846]]}, "bbox": [30.5029091, 39.79846, 30.5035877, 39.7987689]}, {"id": "6547", "type": "Feature", "properties": {"name": "Okan Sokak", "_mahalle_str": "Yeşiltepe Mahallesi", "_hvi_str": "%51", "_aciklama_str": "Sıcaklık: düşük<br>Ağaç örtüsü: yüksek<br>Hastaneye uzaklık: uzak<br>Yeşil alana uzaklık: çok yakın<br>Yapılaşma yoğunluğu: çok yoğun<br>Nüfus yoğunluğu: seyrek<br>Yaşlı nüfus oranı: orta<br>Çocuk nüfus oranı: orta<br>Sosyoekonomik gelişmişlik: düşük"}, "geometry": {"type": "LineString", "coordinates": [[30.5043891, 39.7976216], [30.5045258, 39.7976579], [30.5047695, 39.797738], [30.5050212, 39.7978169]]}, "bbox": [30.5043891, 39.7976216, 30.5050212, 39.7978169]}, {"id": "6548", "type": "Feature", "properties": {"name": "Şehit Nezir Çalışlar Sokak", "_mahalle_str": "Yeşiltepe Mahallesi", "_hvi_str": "%55", "_aciklama_str": "Sıcaklık: yüksek<br>Ağaç örtüsü: orta<br>Hastaneye uzaklık: uzak<br>Yeşil alana uzaklık: yakın<br>Yapılaşma yoğunluğu: çok yoğun<br>Nüfus yoğunluğu: seyrek<br>Yaşlı nüfus oranı: orta<br>Çocuk nüfus oranı: orta<br>Sosyoekonomik gelişmişlik: düşük"}, "geometry": {"type": "LineString", "coordinates": [[30.5040214, 39.7974579], [30.5042318, 39.7971694], [30.5045017, 39.7967134], [30.5045887, 39.7965552], [30.5046866, 39.7963771], [30.504869, 39.7959659], [30.5049079, 39.7958576], [30.5049736, 39.7957118], [30.5050855, 39.795495], [30.5052125, 39.7952506]]}, "bbox": [30.5040214, 39.7952506, 30.5052125, 39.7974579]}, {"id": "6549", "type": "Feature", "properties": {"name": "Okan Sokak", "_mahalle_str": "Yeşiltepe Mahallesi", "_hvi_str": "%56", "_aciklama_str": "Sıcaklık: yüksek<br>Ağaç örtüsü: düşük<br>Hastaneye uzaklık: uzak<br>Yeşil alana uzaklık: yakın<br>Yapılaşma yoğunluğu: çok yoğun<br>Nüfus yoğunluğu: seyrek<br>Yaşlı nüfus oranı: orta<br>Çocuk nüfus oranı: orta<br>Sosyoekonomik gelişmişlik: düşük"}, "geometry": {"type": "LineString", "coordinates": [[30.5040214, 39.7974579], [30.5043891, 39.7976216]]}, "bbox": [30.5040214, 39.7974579, 30.5043891, 39.7976216]}, {"id": "6550", "type": "Feature", "properties": {"name": "Bekik Sokak", "_mahalle_str": "Yeşiltepe Mahallesi", "_hvi_str": "%56", "_aciklama_str": "Sıcaklık: yüksek<br>Ağaç örtüsü: düşük<br>Hastaneye uzaklık: uzak<br>Yeşil alana uzaklık: yakın<br>Yapılaşma yoğunluğu: çok yoğun<br>Nüfus yoğunluğu: seyrek<br>Yaşlı nüfus oranı: orta<br>Çocuk nüfus oranı: orta<br>Sosyoekonomik gelişmişlik: düşük"}, "geometry": {"type": "LineString", "coordinates": [[30.5032138, 39.7985946], [30.5037609, 39.7978439], [30.5040214, 39.7974579]]}, "bbox": [30.5032138, 39.7974579, 30.5040214, 39.7985946]}, {"id": "6551", "type": "Feature", "properties": {"name": "Bilgeç Caddesi", "_mahalle_str": "Yeşiltepe Mahallesi", "_hvi_str": "%56", "_aciklama_str": "Sıcaklık: yüksek<br>Ağaç örtüsü: orta<br>Hastaneye uzaklık: uzak<br>Yeşil alana uzaklık: orta<br>Yapılaşma yoğunluğu: çok yoğun<br>Nüfus yoğunluğu: seyrek<br>Yaşlı nüfus oranı: orta<br>Çocuk nüfus oranı: orta<br>Sosyoekonomik gelişmişlik: düşük"}, "geometry": {"type": "LineString", "coordinates": [[30.5029091, 39.79846], [30.5023063, 39.7982128], [30.5022472, 39.7981842], [30.5022205, 39.7981712], [30.5016915, 39.7979013]]}, "bbox": [30.5016915, 39.7979013, 30.5029091, 39.79846]}, {"id": "6552", "type": "Feature", "properties": {"name": "Okan Sokak", "_mahalle_str": "Yeşiltepe Mahallesi", "_hvi_str": "%58", "_aciklama_str": "Sıcaklık: yüksek<br>Ağaç örtüsü: çok düşük<br>Hastaneye uzaklık: uzak<br>Yeşil alana uzaklık: orta<br>Yapılaşma yoğunluğu: çok yoğun<br>Nüfus yoğunluğu: seyrek<br>Yaşlı nüfus oranı: orta<br>Çocuk nüfus oranı: orta<br>Sosyoekonomik gelişmişlik: düşük"}, "geometry": {"type": "LineString", "coordinates": [[30.5036724, 39.7973184], [30.5040214, 39.7974579]]}, "bbox": [30.5036724, 39.7973184, 30.5040214, 39.7974579]}, {"id": "6553", "type": "Feature", "properties": {"name": "Saruhanlı Sokak", "_mahalle_str": "Yeşiltepe Mahallesi", "_hvi_str": "%58", "_aciklama_str": "Sıcaklık: yüksek<br>Ağaç örtüsü: orta<br>Hastaneye uzaklık: uzak<br>Yeşil alana uzaklık: orta<br>Yapılaşma yoğunluğu: çok yoğun<br>Nüfus yoğunluğu: seyrek<br>Yaşlı nüfus oranı: orta<br>Çocuk nüfus oranı: orta<br>Sosyoekonomik gelişmişlik: düşük"}, "geometry": {"type": "LineString", "coordinates": [[30.5029091, 39.79846], [30.5031797, 39.7980715], [30.503619, 39.7974513], [30.5036724, 39.7973184]]}, "bbox": [30.5029091, 39.7973184, 30.5036724, 39.79846]}, {"id": "6554", "type": "Feature", "properties": {"name": "Timurhan Sokak", "_mahalle_str": "Yeşiltepe Mahallesi", "_hvi_str": "%57", "_aciklama_str": "Sıcaklık: yüksek<br>Ağaç örtüsü: yüksek<br>Hastaneye uzaklık: uzak<br>Yeşil alana uzaklık: yakın<br>Yapılaşma yoğunluğu: çok yoğun<br>Nüfus yoğunluğu: seyrek<br>Yaşlı nüfus oranı: orta<br>Çocuk nüfus oranı: orta<br>Sosyoekonomik gelişmişlik: düşük"}, "geometry": {"type": "LineString", "coordinates": [[30.5022472, 39.7981842], [30.502441, 39.7979136], [30.5030653, 39.7971078]]}, "bbox": [30.5022472, 39.7971078, 30.5030653, 39.7981842]}, {"id": "6555", "type": "Feature", "properties": {"name": "Bilgeç Caddesi", "_mahalle_str": "Yeşiltepe Mahallesi", "_hvi_str": "%57", "_aciklama_str": "Sıcaklık: yüksek<br>Ağaç örtüsü: düşük<br>Hastaneye uzaklık: orta<br>Yeşil alana uzaklık: yakın<br>Yapılaşma yoğunluğu: çok yoğun<br>Nüfus yoğunluğu: seyrek<br>Yaşlı nüfus oranı: orta<br>Çocuk nüfus oranı: orta<br>Sosyoekonomik gelişmişlik: düşük"}, "geometry": {"type": "LineString", "coordinates": [[30.5016915, 39.7979013], [30.5011936, 39.7976522]]}, "bbox": [30.5011936, 39.7976522, 30.5016915, 39.7979013]}, {"id": "6556", "type": "Feature", "properties": {"name": "Okan Sokak", "_mahalle_str": "Yeşiltepe Mahallesi", "_hvi_str": "%59", "_aciklama_str": "Sıcaklık: yüksek<br>Ağaç örtüsü: düşük<br>Hastaneye uzaklık: uzak<br>Yeşil alana uzaklık: yakın<br>Yapılaşma yoğunluğu: çok yoğun<br>Nüfus yoğunluğu: seyrek<br>Yaşlı nüfus oranı: orta<br>Çocuk nüfus oranı: orta<br>Sosyoekonomik gelişmişlik: düşük"}, "geometry": {"type": "LineString", "coordinates": [[30.5024201, 39.7969202], [30.5026215, 39.7969537], [30.5030653, 39.7971078], [30.5033341, 39.7971832], [30.5036724, 39.7973184]]}, "bbox": [30.5024201, 39.7969202, 30.5036724, 39.7973184]}, {"id": "6557", "type": "Feature", "properties": {"name": "Küçük Tugay Sokak", "_mahalle_str": "Yeşiltepe Mahallesi", "_hvi_str": "%55", "_aciklama_str": "Sıcaklık: yüksek<br>Ağaç örtüsü: yüksek<br>Hastaneye uzaklık: uzak<br>Yeşil alana uzaklık: çok yakın<br>Yapılaşma yoğunluğu: çok yoğun<br>Nüfus yoğunluğu: seyrek<br>Yaşlı nüfus oranı: orta<br>Çocuk nüfus oranı: orta<br>Sosyoekonomik gelişmişlik: düşük"}, "geometry": {"type": "LineString", "coordinates": [[30.5016915, 39.7979013], [30.5018525, 39.7976981], [30.5020889, 39.7973624], [30.5024201, 39.7969202]]}, "bbox": [30.5016915, 39.7969202, 30.5024201, 39.7979013]}, {"id": "6558", "type": "Feature", "properties": {"name": "Beykal Sokak", "_mahalle_str": "Yeşiltepe Mahallesi", "_hvi_str": "%55", "_aciklama_str": "Sıcaklık: yüksek<br>Ağaç örtüsü: yüksek<br>Hastaneye uzaklık: uzak<br>Yeşil alana uzaklık: çok yakın<br>Yapılaşma yoğunluğu: çok yoğun<br>Nüfus yoğunluğu: seyrek<br>Yaşlı nüfus oranı: orta<br>Çocuk nüfus oranı: orta<br>Sosyoekonomik gelişmişlik: düşük"}, "geometry": {"type": "LineString", "coordinates": [[30.5011936, 39.7976522], [30.5020209, 39.7967072]]}, "bbox": [30.5011936, 39.7967072, 30.5020209, 39.7976522]}, {"id": "6559", "type": "Feature", "properties": {"name": "Gelincik Sokak", "_mahalle_str": "Yeşiltepe Mahallesi", "_hvi_str": "%59", "_aciklama_str": "Sıcaklık: yüksek<br>Ağaç örtüsü: düşük<br>Hastaneye uzaklık: uzak<br>Yeşil alana uzaklık: yakın<br>Yapılaşma yoğunluğu: çok yoğun<br>Nüfus yoğunluğu: seyrek<br>Yaşlı nüfus oranı: orta<br>Çocuk nüfus oranı: orta<br>Sosyoekonomik gelişmişlik: düşük"}, "geometry": {"type": "LineString", "coordinates": [[30.5004354, 39.7972917], [30.5006807, 39.7969959], [30.5009471, 39.7967144], [30.501291, 39.7963178]]}, "bbox": [30.5004354, 39.7963178, 30.501291, 39.7972917]}, {"id": "6560", "type": "Feature", "properties": {"name": "Bilgeç Caddesi", "_mahalle_str": "Yeşiltepe Mahallesi", "_hvi_str": "%59", "_aciklama_str": "Sıcaklık: çok yüksek<br>Ağaç örtüsü: düşük<br>Hastaneye uzaklık: orta<br>Yeşil alana uzaklık: orta<br>Yapılaşma yoğunluğu: çok yoğun<br>Nüfus yoğunluğu: seyrek<br>Yaşlı nüfus oranı: orta<br>Çocuk nüfus oranı: orta<br>Sosyoekonomik gelişmişlik: düşük"}, "geometry": {"type": "LineString", "coordinates": [[30.5004354, 39.7972917], [30.4999229, 39.7970671]]}, "bbox": [30.4999229, 39.7970671, 30.5004354, 39.7972917]}, {"id": "6561", "type": "Feature", "properties": {"name": "Sarıgüller Sokak", "_mahalle_str": "Yeşiltepe Mahallesi", "_hvi_str": "%59", "_aciklama_str": "Sıcaklık: çok yüksek<br>Ağaç örtüsü: düşük<br>Hastaneye uzaklık: uzak<br>Yeşil alana uzaklık: orta<br>Yapılaşma yoğunluğu: çok yoğun<br>Nüfus yoğunluğu: seyrek<br>Yaşlı nüfus oranı: orta<br>Çocuk nüfus oranı: orta<br>Sosyoekonomik gelişmişlik: düşük"}, "geometry": {"type": "LineString", "coordinates": [[30.5001686, 39.7967477], [30.5006807, 39.7969959]]}, "bbox": [30.5001686, 39.7967477, 30.5006807, 39.7969959]}, {"id": "6562", "type": "Feature", "properties": {"name": "Beyazgül Sokak", "_mahalle_str": "Yeşiltepe Mahallesi", "_hvi_str": "%59", "_aciklama_str": "Sıcaklık: çok yüksek<br>Ağaç örtüsü: düşük<br>Hastaneye uzaklık: uzak<br>Yeşil alana uzaklık: orta<br>Yapılaşma yoğunluğu: çok yoğun<br>Nüfus yoğunluğu: seyrek<br>Yaşlı nüfus oranı: orta<br>Çocuk nüfus oranı: orta<br>Sosyoekonomik gelişmişlik: düşük"}, "geometry": {"type": "LineString", "coordinates": [[30.5003855, 39.7964859], [30.5009471, 39.7967144]]}, "bbox": [30.5003855, 39.7964859, 30.5009471, 39.7967144]}, {"id": "6563", "type": "Feature", "properties": {"name": "Ayaz Sokak", "_mahalle_str": "Yeşiltepe Mahallesi", "_hvi_str": "%51", "_aciklama_str": "Sıcaklık: yüksek<br>Ağaç örtüsü: düşük<br>Hastaneye uzaklık: uzak<br>Yeşil alana uzaklık: yakın<br>Yapılaşma yoğunluğu: çok yoğun<br>Nüfus yoğunluğu: seyrek<br>Yaşlı nüfus oranı: orta<br>Çocuk nüfus oranı: orta<br>Sosyoekonomik gelişmişlik: düşük"}, "geometry": {"type": "LineString", "coordinates": [[30.498399, 39.7963167], [30.4992759, 39.7953654]]}, "bbox": [30.498399, 39.7953654, 30.4992759, 39.7963167]}, {"id": "6565", "type": "Feature", "properties": {"name": "Gençer Sokak", "_mahalle_str": "Yeşiltepe Mahallesi", "_hvi_str": "%57", "_aciklama_str": "Sıcaklık: yüksek<br>Ağaç örtüsü: orta<br>Hastaneye uzaklık: uzak<br>Yeşil alana uzaklık: orta<br>Yapılaşma yoğunluğu: çok yoğun<br>Nüfus yoğunluğu: seyrek<br>Yaşlı nüfus oranı: orta<br>Çocuk nüfus oranı: orta<br>Sosyoekonomik gelişmişlik: düşük"}, "geometry": {"type": "LineString", "coordinates": [[30.499223, 39.7967225], [30.5000757, 39.7957531]]}, "bbox": [30.499223, 39.7957531, 30.5000757, 39.7967225]}, {"id": "6566", "type": "Feature", "properties": {"name": "Bilgeç Caddesi", "_mahalle_str": "Yeşiltepe Mahallesi", "_hvi_str": "%56", "_aciklama_str": "Sıcaklık: yüksek<br>Ağaç örtüsü: düşük<br>Hastaneye uzaklık: uzak<br>Yeşil alana uzaklık: orta<br>Yapılaşma yoğunluğu: çok yoğun<br>Nüfus yoğunluğu: seyrek<br>Yaşlı nüfus oranı: orta<br>Çocuk nüfus oranı: orta<br>Sosyoekonomik gelişmişlik: düşük"}, "geometry": {"type": "LineString", "coordinates": [[30.499223, 39.7967225], [30.4989836, 39.7965889], [30.4987468, 39.7964803]]}, "bbox": [30.4987468, 39.7964803, 30.499223, 39.7967225]}, {"id": "6569", "type": "Feature", "properties": {"name": "Karsak Sokak", "_mahalle_str": "Yeşiltepe Mahallesi", "_hvi_str": "%50", "_aciklama_str": "Sıcaklık: çok yüksek<br>Ağaç örtüsü: düşük<br>Hastaneye uzaklık: uzak<br>Yeşil alana uzaklık: orta<br>Yapılaşma yoğunluğu: yoğun<br>Nüfus yoğunluğu: seyrek<br>Yaşlı nüfus oranı: orta<br>Çocuk nüfus oranı: orta<br>Sosyoekonomik gelişmişlik: düşük"}, "geometry": {"type": "LineString", "coordinates": [[30.5003508, 39.7941323], [30.500439, 39.794134], [30.5008807, 39.7941918]]}, "bbox": [30.5003508, 39.7941323, 30.5008807, 39.7941918]}, {"id": "6570", "type": "Feature", "properties": {"name": "Egesoylu Sokak", "_mahalle_str": "Yeşiltepe Mahallesi", "_hvi_str": "%54", "_aciklama_str": "Sıcaklık: yüksek<br>Ağaç örtüsü: düşük<br>Hastaneye uzaklık: uzak<br>Yeşil alana uzaklık: yakın<br>Yapılaşma yoğunluğu: çok yoğun<br>Nüfus yoğunluğu: seyrek<br>Yaşlı nüfus oranı: orta<br>Çocuk nüfus oranı: orta<br>Sosyoekonomik gelişmişlik: düşük"}, "geometry": {"type": "LineString", "coordinates": [[30.4987468, 39.7964803], [30.4996197, 39.7955461]]}, "bbox": [30.4987468, 39.7955461, 30.4996197, 39.7964803]}, {"id": "6571", "type": "Feature", "properties": {"name": "Bilgeç Caddesi", "_mahalle_str": "Yeşiltepe Mahallesi", "_hvi_str": "%53", "_aciklama_str": "Sıcaklık: orta<br>Ağaç örtüsü: düşük<br>Hastaneye uzaklık: uzak<br>Yeşil alana uzaklık: yakın<br>Yapılaşma yoğunluğu: çok yoğun<br>Nüfus yoğunluğu: seyrek<br>Yaşlı nüfus oranı: orta<br>Çocuk nüfus oranı: orta<br>Sosyoekonomik gelişmişlik: düşük"}, "geometry": {"type": "LineString", "coordinates": [[30.4987468, 39.7964803], [30.498399, 39.7963167]]}, "bbox": [30.498399, 39.7963167, 30.4987468, 39.7964803]}, {"id": "6572", "type": "Feature", "properties": {"name": "Demirşah Sokak", "_mahalle_str": "Yeşiltepe Mahallesi", "_hvi_str": "%58", "_aciklama_str": "Sıcaklık: çok yüksek<br>Ağaç örtüsü: yüksek<br>Hastaneye uzaklık: uzak<br>Yeşil alana uzaklık: orta<br>Yapılaşma yoğunluğu: çok yoğun<br>Nüfus yoğunluğu: seyrek<br>Yaşlı nüfus oranı: orta<br>Çocuk nüfus oranı: orta<br>Sosyoekonomik gelişmişlik: düşük"}, "geometry": {"type": "LineString", "coordinates": [[30.4995387, 39.7968767], [30.499713, 39.7966307], [30.4999984, 39.7963054], [30.500357, 39.7958708]]}, "bbox": [30.4995387, 39.7958708, 30.500357, 39.7968767]}, {"id": "6573", "type": "Feature", "properties": {"name": "Bilgeç Caddesi", "_mahalle_str": "Yeşiltepe Mahallesi", "_hvi_str": "%59", "_aciklama_str": "Sıcaklık: yüksek<br>Ağaç örtüsü: çok düşük<br>Hastaneye uzaklık: uzak<br>Yeşil alana uzaklık: orta<br>Yapılaşma yoğunluğu: çok yoğun<br>Nüfus yoğunluğu: seyrek<br>Yaşlı nüfus oranı: orta<br>Çocuk nüfus oranı: orta<br>Sosyoekonomik gelişmişlik: düşük"}, "geometry": {"type": "LineString", "coordinates": [[30.4995387, 39.7968767], [30.4994199, 39.796818], [30.499223, 39.7967225]]}, "bbox": [30.499223, 39.7967225, 30.4995387, 39.7968767]}, {"id": "6580", "type": "Feature", "properties": {"name": "Demirbaşlar Sokak", "_mahalle_str": "Yeşiltepe Mahallesi", "_hvi_str": "%51", "_aciklama_str": "Sıcaklık: orta<br>Ağaç örtüsü: orta<br>Hastaneye uzaklık: yakın<br>Yeşil alana uzaklık: yakın<br>Yapılaşma yoğunluğu: çok yoğun<br>Nüfus yoğunluğu: seyrek<br>Yaşlı nüfus oranı: orta<br>Çocuk nüfus oranı: orta<br>Sosyoekonomik gelişmişlik: düşük"}, "geometry": {"type": "LineString", "coordinates": [[30.494479, 39.800028], [30.4949373, 39.8000626], [30.4952389, 39.8001037], [30.4954886, 39.8001146]]}, "bbox": [30.494479, 39.800028, 30.4954886, 39.8001146]}, {"id": "6581", "type": "Feature", "properties": {"name": "Necati Cumalı Sokak", "_mahalle_str": "Yeşiltepe Mahallesi", "_hvi_str": "%52", "_aciklama_str": "Sıcaklık: düşük<br>Ağaç örtüsü: düşük<br>Hastaneye uzaklık: orta<br>Yeşil alana uzaklık: yakın<br>Yapılaşma yoğunluğu: çok yoğun<br>Nüfus yoğunluğu: seyrek<br>Yaşlı nüfus oranı: orta<br>Çocuk nüfus oranı: orta<br>Sosyoekonomik gelişmişlik: düşük"}, "geometry": {"type": "LineString", "coordinates": [[30.4913521, 39.7994406], [30.4915241, 39.799546], [30.4916555, 39.7995965], [30.4920981, 39.7997235], [30.4925943, 39.7998749], [30.4931267, 39.8000392], [30.4936668, 39.8001925], [30.4940511, 39.8002953], [30.4945276, 39.8004223]]}, "bbox": [30.4913521, 39.7994406, 30.4945276, 39.8004223]}, {"id": "6621", "type": "Feature", "properties": {"name": "Çobanlar Sokak", "_mahalle_str": "Çamlıca Mahallesi", "_hvi_str": "%60", "_aciklama_str": "Sıcaklık: yüksek<br>Ağaç örtüsü: düşük<br>Hastaneye uzaklık: orta<br>Yeşil alana uzaklık: çok uzak<br>Yapılaşma yoğunluğu: çok yoğun<br>Nüfus yoğunluğu: seyrek<br>Yaşlı nüfus oranı: orta<br>Çocuk nüfus oranı: orta<br>Sosyoekonomik gelişmişlik: düşük"}, "geometry": {"type": "LineString", "coordinates": [[30.4593861, 39.7824641], [30.4594352, 39.7821137], [30.4594705, 39.7817977]]}, "bbox": [30.4593861, 39.7817977, 30.4594705, 39.7824641]}, {"id": "6625", "type": "Feature", "properties": {"name": "Osmanlı Sokak", "_mahalle_str": "Çamlıca Mahallesi", "_hvi_str": "%51", "_aciklama_str": "Sıcaklık: çok düşük<br>Ağaç örtüsü: çok düşük<br>Hastaneye uzaklık: uzak<br>Yeşil alana uzaklık: uzak<br>Yapılaşma yoğunluğu: yoğun<br>Nüfus yoğunluğu: seyrek<br>Yaşlı nüfus oranı: orta<br>Çocuk nüfus oranı: orta<br>Sosyoekonomik gelişmişlik: düşük"}, "geometry": {"type": "LineString", "coordinates": [[30.4643087, 39.7826192], [30.4642876, 39.7824116], [30.4643997, 39.781374]]}, "bbox": [30.4642876, 39.781374, 30.4643997, 39.7826192]}, {"id": "6626", "type": "Feature", "properties": {"name": "Avcıpınar Sokak", "_mahalle_str": "Çamlıca Mahallesi", "_hvi_str": "%52", "_aciklama_str": "Sıcaklık: düşük<br>Ağaç örtüsü: çok düşük<br>Hastaneye uzaklık: uzak<br>Yeşil alana uzaklık: çok uzak<br>Yapılaşma yoğunluğu: yoğun<br>Nüfus yoğunluğu: seyrek<br>Yaşlı nüfus oranı: orta<br>Çocuk nüfus oranı: orta<br>Sosyoekonomik gelişmişlik: düşük"}, "geometry": {"type": "LineString", "coordinates": [[30.4643087, 39.7826192], [30.4646318, 39.7826899], [30.4649328, 39.782761], [30.4650249, 39.7827795], [30.4654041, 39.7828505], [30.4656056, 39.7828684]]}, "bbox": [30.4643087, 39.7826192, 30.4656056, 39.7828684]}, {"id": "6631", "type": "Feature", "properties": {"name": "Mücevher Sokak", "_mahalle_str": "Çamlıca Mahallesi", "_hvi_str": "%60", "_aciklama_str": "Sıcaklık: yüksek<br>Ağaç örtüsü: çok düşük<br>Hastaneye uzaklık: uzak<br>Yeşil alana uzaklık: çok uzak<br>Yapılaşma yoğunluğu: çok yoğun<br>Nüfus yoğunluğu: seyrek<br>Yaşlı nüfus oranı: orta<br>Çocuk nüfus oranı: orta<br>Sosyoekonomik gelişmişlik: düşük"}, "geometry": {"type": "LineString", "coordinates": [[30.4594727, 39.7814867], [30.4605642, 39.7816455], [30.4619365, 39.7818168]]}, "bbox": [30.4594727, 39.7814867, 30.4619365, 39.7818168]}, {"id": "6632", "type": "Feature", "properties": {"name": "Fazilet Sokak", "_mahalle_str": "Çamlıca Mahallesi", "_hvi_str": "%61", "_aciklama_str": "Sıcaklık: yüksek<br>Ağaç örtüsü: düşük<br>Hastaneye uzaklık: uzak<br>Yeşil alana uzaklık: çok uzak<br>Yapılaşma yoğunluğu: çok yoğun<br>Nüfus yoğunluğu: seyrek<br>Yaşlı nüfus oranı: orta<br>Çocuk nüfus oranı: orta<br>Sosyoekonomik gelişmişlik: düşük"}, "geometry": {"type": "LineString", "coordinates": [[30.4594705, 39.7817977], [30.4595145, 39.7817997], [30.460047, 39.7818705], [30.4605173, 39.7819324], [30.4616432, 39.7820825], [30.4619242, 39.7821199]]}, "bbox": [30.4594705, 39.7817977, 30.4619242, 39.7821199]}, {"id": "6633", "type": "Feature", "properties": {"name": "Kılıç Bey Sokak", "_mahalle_str": "Çamlıca Mahallesi", "_hvi_str": "%60", "_aciklama_str": "Sıcaklık: yüksek<br>Ağaç örtüsü: orta<br>Hastaneye uzaklık: orta<br>Yeşil alana uzaklık: çok uzak<br>Yapılaşma yoğunluğu: çok yoğun<br>Nüfus yoğunluğu: seyrek<br>Yaşlı nüfus oranı: orta<br>Çocuk nüfus oranı: orta<br>Sosyoekonomik gelişmişlik: düşük"}, "geometry": {"type": "LineString", "coordinates": [[30.458797, 39.7822742], [30.4589705, 39.7823576], [30.4593861, 39.7824641], [30.4595128, 39.7824838], [30.4599876, 39.7825395], [30.4604035, 39.7825763], [30.4612144, 39.7826561], [30.4619201, 39.7827423]]}, "bbox": [30.458797, 39.7822742, 30.4619201, 39.7827423]}, {"id": "6634", "type": "Feature", "properties": {"name": "Taşkın Sokak", "_mahalle_str": "Çamlıca Mahallesi", "_hvi_str": "%58", "_aciklama_str": "Sıcaklık: orta<br>Ağaç örtüsü: düşük<br>Hastaneye uzaklık: orta<br>Yeşil alana uzaklık: çok uzak<br>Yapılaşma yoğunluğu: çok yoğun<br>Nüfus yoğunluğu: seyrek<br>Yaşlı nüfus oranı: orta<br>Çocuk nüfus oranı: orta<br>Sosyoekonomik gelişmişlik: düşük"}, "geometry": {"type": "LineString", "coordinates": [[30.4593253, 39.7827951], [30.4603597, 39.7829095], [30.4613622, 39.7830046], [30.4619227, 39.7830513]]}, "bbox": [30.4593253, 39.7827951, 30.4619227, 39.7830513]}, {"id": "6635", "type": "Feature", "properties": {"name": "Çobanlar Sokak", "_mahalle_str": "Çamlıca Mahallesi", "_hvi_str": "%60", "_aciklama_str": "Sıcaklık: yüksek<br>Ağaç örtüsü: orta<br>Hastaneye uzaklık: orta<br>Yeşil alana uzaklık: çok uzak<br>Yapılaşma yoğunluğu: çok yoğun<br>Nüfus yoğunluğu: seyrek<br>Yaşlı nüfus oranı: orta<br>Çocuk nüfus oranı: orta<br>Sosyoekonomik gelişmişlik: düşük"}, "geometry": {"type": "LineString", "coordinates": [[30.4593253, 39.7827951], [30.4593861, 39.7824641]]}, "bbox": [30.4593253, 39.7824641, 30.4593861, 39.7827951]}, {"id": "6636", "type": "Feature", "properties": {"name": "Taşkın Sokak", "_mahalle_str": "Çamlıca Mahallesi", "_hvi_str": "%58", "_aciklama_str": "Sıcaklık: yüksek<br>Ağaç örtüsü: düşük<br>Hastaneye uzaklık: orta<br>Yeşil alana uzaklık: çok uzak<br>Yapılaşma yoğunluğu: çok yoğun<br>Nüfus yoğunluğu: seyrek<br>Yaşlı nüfus oranı: orta<br>Çocuk nüfus oranı: orta<br>Sosyoekonomik gelişmişlik: düşük"}, "geometry": {"type": "LineString", "coordinates": [[30.4588018, 39.7826658], [30.4591983, 39.7827824], [30.4593253, 39.7827951]]}, "bbox": [30.4588018, 39.7826658, 30.4593253, 39.7827951]}, {"id": "6637", "type": "Feature", "properties": {"name": "İnce Sokak", "_mahalle_str": "Çamlıca Mahallesi", "_hvi_str": "%55", "_aciklama_str": "Sıcaklık: orta<br>Ağaç örtüsü: düşük<br>Hastaneye uzaklık: orta<br>Yeşil alana uzaklık: çok uzak<br>Yapılaşma yoğunluğu: çok yoğun<br>Nüfus yoğunluğu: seyrek<br>Yaşlı nüfus oranı: orta<br>Çocuk nüfus oranı: orta<br>Sosyoekonomik gelişmişlik: düşük"}, "geometry": {"type": "LineString", "coordinates": [[30.4570876, 39.7826515], [30.4573623, 39.7827293], [30.457594, 39.7827968], [30.4581956, 39.7829258], [30.4587511, 39.7830301], [30.4590025, 39.7830906], [30.4592839, 39.7831325], [30.459758, 39.7831838], [30.4602944, 39.7832368], [30.4609938, 39.7833164], [30.4619265, 39.7833843]]}, "bbox": [30.4570876, 39.7826515, 30.4619265, 39.7833843]}, {"id": "6638", "type": "Feature", "properties": {"name": "Yavuz Bey Sokak", "_mahalle_str": "Çamlıca Mahallesi", "_hvi_str": "%55", "_aciklama_str": "Sıcaklık: yüksek<br>Ağaç örtüsü: düşük<br>Hastaneye uzaklık: orta<br>Yeşil alana uzaklık: uzak<br>Yapılaşma yoğunluğu: çok yoğun<br>Nüfus yoğunluğu: seyrek<br>Yaşlı nüfus oranı: orta<br>Çocuk nüfus oranı: orta<br>Sosyoekonomik gelişmişlik: düşük"}, "geometry": {"type": "LineString", "coordinates": [[30.4570876, 39.7826515], [30.4572833, 39.7822705], [30.4573469, 39.7821158], [30.4574663, 39.7818935]]}, "bbox": [30.4570876, 39.7818935, 30.4574663, 39.7826515]}, {"id": "6639", "type": "Feature", "properties": {"name": null, "_mahalle_str": "Çamlıca Mahallesi", "_hvi_str": "%54", "_aciklama_str": "Sıcaklık: yüksek<br>Ağaç örtüsü: düşük<br>Hastaneye uzaklık: orta<br>Yeşil alana uzaklık: çok uzak<br>Yapılaşma yoğunluğu: çok yoğun<br>Nüfus yoğunluğu: seyrek<br>Yaşlı nüfus oranı: orta<br>Çocuk nüfus oranı: orta<br>Sosyoekonomik gelişmişlik: düşük"}, "geometry": {"type": "LineString", "coordinates": [[30.4586638, 39.7833038], [30.4592491, 39.7833704]]}, "bbox": [30.4586638, 39.7833038, 30.4592491, 39.7833704]}, {"id": "6644", "type": "Feature", "properties": {"name": "Paşayolu Sokak", "_mahalle_str": "Şirintepe Mahallesi", "_hvi_str": "%53", "_aciklama_str": "Sıcaklık: yüksek<br>Ağaç örtüsü: çok düşük<br>Hastaneye uzaklık: orta<br>Yeşil alana uzaklık: uzak<br>Yapılaşma yoğunluğu: çok yoğun<br>Nüfus yoğunluğu: seyrek<br>Yaşlı nüfus oranı: orta<br>Çocuk nüfus oranı: orta<br>Sosyoekonomik gelişmişlik: düşük"}, "geometry": {"type": "LineString", "coordinates": [[30.4837763, 39.7923375], [30.4837462, 39.7928017], [30.4837348, 39.7932626], [30.4836843, 39.7937228], [30.4836468, 39.7942041], [30.4835414, 39.7946968], [30.4833635, 39.7951014]]}, "bbox": [30.4833635, 39.7923375, 30.4837763, 39.7951014]}, {"id": "6645", "type": "Feature", "properties": {"name": "Eroğlu Sokak", "_mahalle_str": "Şirintepe Mahallesi", "_hvi_str": "%56", "_aciklama_str": "Sıcaklık: çok yüksek<br>Ağaç örtüsü: çok düşük<br>Hastaneye uzaklık: yakın<br>Yeşil alana uzaklık: uzak<br>Yapılaşma yoğunluğu: çok yoğun<br>Nüfus yoğunluğu: seyrek<br>Yaşlı nüfus oranı: orta<br>Çocuk nüfus oranı: orta<br>Sosyoekonomik gelişmişlik: düşük"}, "geometry": {"type": "LineString", "coordinates": [[30.4827936, 39.7956995], [30.4829406, 39.7957304], [30.4831741, 39.7957534], [30.4838753, 39.7958124]]}, "bbox": [30.4827936, 39.7956995, 30.4838753, 39.7958124]}, {"id": "6646", "type": "Feature", "properties": {"name": null, "_mahalle_str": "Şirintepe Mahallesi", "_hvi_str": "%55", "_aciklama_str": "Sıcaklık: çok yüksek<br>Ağaç örtüsü: düşük<br>Hastaneye uzaklık: yakın<br>Yeşil alana uzaklık: uzak<br>Yapılaşma yoğunluğu: çok yoğun<br>Nüfus yoğunluğu: seyrek<br>Yaşlı nüfus oranı: orta<br>Çocuk nüfus oranı: orta<br>Sosyoekonomik gelişmişlik: düşük"}, "geometry": {"type": "LineString", "coordinates": [[30.483257, 39.7954209], [30.4839391, 39.7954786]]}, "bbox": [30.483257, 39.7954209, 30.4839391, 39.7954786]}, {"id": "6709", "type": "Feature", "properties": {"name": "Seyitali Sokak", "_mahalle_str": "Yeşiltepe Mahallesi", "_hvi_str": "%52", "_aciklama_str": "Sıcaklık: yüksek<br>Ağaç örtüsü: orta<br>Hastaneye uzaklık: yakın<br>Yeşil alana uzaklık: çok yakın<br>Yapılaşma yoğunluğu: çok yoğun<br>Nüfus yoğunluğu: seyrek<br>Yaşlı nüfus oranı: orta<br>Çocuk nüfus oranı: orta<br>Sosyoekonomik gelişmişlik: düşük"}, "geometry": {"type": "LineString", "coordinates": [[30.4970866, 39.8000335], [30.4972925, 39.7998387], [30.4976405, 39.7995015], [30.4979411, 39.7992464], [30.498203, 39.7989799], [30.4984274, 39.7987517], [30.4984764, 39.7987004], [30.4987347, 39.7984299], [30.4988411, 39.7983184], [30.4989705, 39.798183], [30.4990053, 39.7981465], [30.4991847, 39.7979328], [30.499413, 39.7976609], [30.4995866, 39.7974541], [30.4996571, 39.7973707], [30.4999229, 39.7970671]]}, "bbox": [30.4970866, 39.7970671, 30.4999229, 39.8000335]}, {"id": "6710", "type": "Feature", "properties": {"name": "Meram Sokak", "_mahalle_str": "Yeşiltepe Mahallesi", "_hvi_str": "%53", "_aciklama_str": "Sıcaklık: orta<br>Ağaç örtüsü: orta<br>Hastaneye uzaklık: yakın<br>Yeşil alana uzaklık: uzak<br>Yapılaşma yoğunluğu: çok yoğun<br>Nüfus yoğunluğu: seyrek<br>Yaşlı nüfus oranı: orta<br>Çocuk nüfus oranı: orta<br>Sosyoekonomik gelişmişlik: düşük"}, "geometry": {"type": "LineString", "coordinates": [[30.4976513, 39.7986853], [30.498203, 39.7989799], [30.4993187, 39.7996345], [30.500347, 39.8002103], [30.5004112, 39.8002538], [30.5010314, 39.8005842], [30.5012984, 39.8007205], [30.502358, 39.8013117]]}, "bbox": [30.4976513, 39.7986853, 30.502358, 39.8013117]}, {"id": "6711", "type": "Feature", "properties": {"name": "Şahinler Sokak", "_mahalle_str": "Yeşiltepe Mahallesi", "_hvi_str": "%53", "_aciklama_str": "Sıcaklık: yüksek<br>Ağaç örtüsü: yüksek<br>Hastaneye uzaklık: orta<br>Yeşil alana uzaklık: çok yakın<br>Yapılaşma yoğunluğu: çok yoğun<br>Nüfus yoğunluğu: seyrek<br>Yaşlı nüfus oranı: orta<br>Çocuk nüfus oranı: orta<br>Sosyoekonomik gelişmişlik: düşük"}, "geometry": {"type": "LineString", "coordinates": [[30.4976513, 39.7986853], [30.4977249, 39.7985972], [30.4983024, 39.7979793], [30.4983879, 39.79787]]}, "bbox": [30.4976513, 39.79787, 30.4983879, 39.7986853]}, {"id": "6712", "type": "Feature", "properties": {"name": "Keskinsoy Sokak", "_mahalle_str": "Yeşiltepe Mahallesi", "_hvi_str": "%56", "_aciklama_str": "Sıcaklık: orta<br>Ağaç örtüsü: orta<br>Hastaneye uzaklık: yakın<br>Yeşil alana uzaklık: uzak<br>Yapılaşma yoğunluğu: çok yoğun<br>Nüfus yoğunluğu: seyrek<br>Yaşlı nüfus oranı: orta<br>Çocuk nüfus oranı: orta<br>Sosyoekonomik gelişmişlik: düşük"}, "geometry": {"type": "LineString", "coordinates": [[30.4994681, 39.8013481], [30.4996372, 39.8011702], [30.4999094, 39.8008004], [30.5001394, 39.800537], [30.5004112, 39.8002538], [30.5006882, 39.799982], [30.5009473, 39.7996959], [30.5012149, 39.7993815], [30.5014843, 39.7990695]]}, "bbox": [30.4994681, 39.7990695, 30.5014843, 39.8013481]}, {"id": "6713", "type": "Feature", "properties": {"name": "Timurkan Sokak", "_mahalle_str": "Yeşiltepe Mahallesi", "_hvi_str": "%57", "_aciklama_str": "Sıcaklık: yüksek<br>Ağaç örtüsü: yüksek<br>Hastaneye uzaklık: orta<br>Yeşil alana uzaklık: orta<br>Yapılaşma yoğunluğu: çok yoğun<br>Nüfus yoğunluğu: seyrek<br>Yaşlı nüfus oranı: orta<br>Çocuk nüfus oranı: orta<br>Sosyoekonomik gelişmişlik: düşük"}, "geometry": {"type": "LineString", "coordinates": [[30.5015931, 39.7991251], [30.5022472, 39.7981842]]}, "bbox": [30.5015931, 39.7981842, 30.5022472, 39.7991251]}, {"id": "6714", "type": "Feature", "properties": {"name": "Kırmızıgül Sokak", "_mahalle_str": "Yeşiltepe Mahallesi", "_hvi_str": "%58", "_aciklama_str": "Sıcaklık: çok yüksek<br>Ağaç örtüsü: düşük<br>Hastaneye uzaklık: orta<br>Yeşil alana uzaklık: orta<br>Yapılaşma yoğunluğu: çok yoğun<br>Nüfus yoğunluğu: seyrek<br>Yaşlı nüfus oranı: orta<br>Çocuk nüfus oranı: orta<br>Sosyoekonomik gelişmişlik: düşük"}, "geometry": {"type": "LineString", "coordinates": [[30.4996571, 39.7973707], [30.5001796, 39.7976077]]}, "bbox": [30.4996571, 39.7973707, 30.5001796, 39.7976077]}, {"id": "6715", "type": "Feature", "properties": {"name": "Gelincikler Sokak", "_mahalle_str": "Yeşiltepe Mahallesi", "_hvi_str": "%58", "_aciklama_str": "Sıcaklık: yüksek<br>Ağaç örtüsü: düşük<br>Hastaneye uzaklık: orta<br>Yeşil alana uzaklık: orta<br>Yapılaşma yoğunluğu: çok yoğun<br>Nüfus yoğunluğu: seyrek<br>Yaşlı nüfus oranı: orta<br>Çocuk nüfus oranı: orta<br>Sosyoekonomik gelişmişlik: düşük"}, "geometry": {"type": "LineString", "coordinates": [[30.4997167, 39.7981535], [30.499925, 39.7978941], [30.5000417, 39.7977787], [30.5001796, 39.7976077], [30.5004354, 39.7972917]]}, "bbox": [30.4997167, 39.7972917, 30.5004354, 39.7981535]}, {"id": "6716", "type": "Feature", "properties": {"name": null, "_mahalle_str": "Yeşiltepe Mahallesi", "_hvi_str": "%59", "_aciklama_str": "Sıcaklık: çok yüksek<br>Ağaç örtüsü: orta<br>Hastaneye uzaklık: uzak<br>Yeşil alana uzaklık: orta<br>Yapılaşma yoğunluğu: çok yoğun<br>Nüfus yoğunluğu: seyrek<br>Yaşlı nüfus oranı: orta<br>Çocuk nüfus oranı: orta<br>Sosyoekonomik gelişmişlik: düşük"}, "geometry": {"type": "LineString", "coordinates": [[30.4999229, 39.7970671], [30.5001686, 39.7967477], [30.5003555, 39.7965186], [30.5003855, 39.7964859], [30.5006462, 39.7962016], [30.5007796, 39.7960554]]}, "bbox": [30.4999229, 39.7960554, 30.5007796, 39.7970671]}, {"id": "6717", "type": "Feature", "properties": {"name": "Beykoz Sokak", "_mahalle_str": "Yeşiltepe Mahallesi", "_hvi_str": "%50", "_aciklama_str": "Sıcaklık: orta<br>Ağaç örtüsü: orta<br>Hastaneye uzaklık: çok yakın<br>Yeşil alana uzaklık: orta<br>Yapılaşma yoğunluğu: çok yoğun<br>Nüfus yoğunluğu: seyrek<br>Yaşlı nüfus oranı: orta<br>Çocuk nüfus oranı: orta<br>Sosyoekonomik gelişmişlik: düşük"}, "geometry": {"type": "LineString", "coordinates": [[30.4969892, 39.8033659], [30.4970513, 39.8030922], [30.4970699, 39.8027424], [30.497052, 39.8024263], [30.4970976, 39.802184], [30.4971508, 39.802015], [30.4971732, 39.801974], [30.4971898, 39.8019539], [30.4972565, 39.801873], [30.4973606, 39.8017468], [30.4975674, 39.801528], [30.4976616, 39.8014284], [30.4977073, 39.8013803], [30.4980204, 39.8010507], [30.498335, 39.8007195], [30.4983632, 39.8006898], [30.4985054, 39.800532], [30.4988173, 39.8001855], [30.4990629, 39.7999127], [30.499089, 39.7998838], [30.4993187, 39.7996345], [30.4995851, 39.7993454], [30.4998394, 39.7990694], [30.499856, 39.7990514], [30.5000907, 39.7987754], [30.5003964, 39.7984584], [30.5007224, 39.7981195], [30.5011936, 39.7976522]]}, "bbox": [30.4969892, 39.7976522, 30.5011936, 39.8033659]}, {"id": "6718", "type": "Feature", "properties": {"name": null, "_mahalle_str": "Yeşiltepe Mahallesi", "_hvi_str": "%53", "_aciklama_str": "Sıcaklık: orta<br>Ağaç örtüsü: düşük<br>Hastaneye uzaklık: orta<br>Yeşil alana uzaklık: çok yakın<br>Yapılaşma yoğunluğu: çok yoğun<br>Nüfus yoğunluğu: seyrek<br>Yaşlı nüfus oranı: orta<br>Çocuk nüfus oranı: orta<br>Sosyoekonomik gelişmişlik: düşük"}, "geometry": {"type": "LineString", "coordinates": [[30.4983024, 39.7979793], [30.4983961, 39.7980318], [30.4988411, 39.7983184]]}, "bbox": [30.4983024, 39.7979793, 30.4988411, 39.7983184]}, {"id": "6719", "type": "Feature", "properties": {"name": "Demirtaş Sokak", "_mahalle_str": "Yeşiltepe Mahallesi", "_hvi_str": "%56", "_aciklama_str": "Sıcaklık: yüksek<br>Ağaç örtüsü: orta<br>Hastaneye uzaklık: orta<br>Yeşil alana uzaklık: yakın<br>Yapılaşma yoğunluğu: çok yoğun<br>Nüfus yoğunluğu: seyrek<br>Yaşlı nüfus oranı: orta<br>Çocuk nüfus oranı: orta<br>Sosyoekonomik gelişmişlik: düşük"}, "geometry": {"type": "LineString", "coordinates": [[30.4983961, 39.7980318], [30.4985043, 39.7979448], [30.4989496, 39.7975567], [30.4990292, 39.7974686], [30.4995387, 39.7968767]]}, "bbox": [30.4983961, 39.7968767, 30.4995387, 39.7980318]}, {"id": "6720", "type": "Feature", "properties": {"name": "Huzur Tepe Sokak", "_mahalle_str": "Yeşiltepe Mahallesi", "_hvi_str": "%56", "_aciklama_str": "Sıcaklık: yüksek<br>Ağaç örtüsü: orta<br>Hastaneye uzaklık: orta<br>Yeşil alana uzaklık: yakın<br>Yapılaşma yoğunluğu: çok yoğun<br>Nüfus yoğunluğu: seyrek<br>Yaşlı nüfus oranı: orta<br>Çocuk nüfus oranı: orta<br>Sosyoekonomik gelişmişlik: düşük"}, "geometry": {"type": "LineString", "coordinates": [[30.4981736, 39.7977192], [30.4986146, 39.7973081], [30.4987527, 39.7971747], [30.4989162, 39.7970166], [30.499223, 39.7967225]]}, "bbox": [30.4981736, 39.7967225, 30.499223, 39.7977192]}, {"id": "6721", "type": "Feature", "properties": {"name": "Egesoy Sokak", "_mahalle_str": "Yeşiltepe Mahallesi", "_hvi_str": "%55", "_aciklama_str": "Sıcaklık: yüksek<br>Ağaç örtüsü: düşük<br>Hastaneye uzaklık: orta<br>Yeşil alana uzaklık: yakın<br>Yapılaşma yoğunluğu: çok yoğun<br>Nüfus yoğunluğu: seyrek<br>Yaşlı nüfus oranı: orta<br>Çocuk nüfus oranı: orta<br>Sosyoekonomik gelişmişlik: düşük"}, "geometry": {"type": "LineString", "coordinates": [[30.4978711, 39.7975628], [30.4981301, 39.7972769], [30.4983648, 39.79699], [30.4984507, 39.7968907], [30.4987468, 39.7964803]]}, "bbox": [30.4978711, 39.7964803, 30.4987468, 39.7975628]}, {"id": "6722", "type": "Feature", "properties": {"name": "Gülüm Sokak", "_mahalle_str": "Yeşiltepe Mahallesi", "_hvi_str": "%55", "_aciklama_str": "Sıcaklık: yüksek<br>Ağaç örtüsü: düşük<br>Hastaneye uzaklık: orta<br>Yeşil alana uzaklık: yakın<br>Yapılaşma yoğunluğu: çok yoğun<br>Nüfus yoğunluğu: seyrek<br>Yaşlı nüfus oranı: orta<br>Çocuk nüfus oranı: orta<br>Sosyoekonomik gelişmişlik: düşük"}, "geometry": {"type": "LineString", "coordinates": [[30.4976848, 39.7969022], [30.4973838, 39.7972555]]}, "bbox": [30.4973838, 39.7969022, 30.4976848, 39.7972555]}, {"id": "6723", "type": "Feature", "properties": {"name": "Feslihan Sokak", "_mahalle_str": "Yeşiltepe Mahallesi", "_hvi_str": "%51", "_aciklama_str": "Sıcaklık: orta<br>Ağaç örtüsü: orta<br>Hastaneye uzaklık: yakın<br>Yeşil alana uzaklık: çok yakın<br>Yapılaşma yoğunluğu: çok yoğun<br>Nüfus yoğunluğu: seyrek<br>Yaşlı nüfus oranı: orta<br>Çocuk nüfus oranı: orta<br>Sosyoekonomik gelişmişlik: düşük"}, "geometry": {"type": "LineString", "coordinates": [[30.4951191, 39.7998272], [30.4948245, 39.7997379], [30.4947602, 39.7997136], [30.4945511, 39.7996612], [30.4944754, 39.7996599], [30.4944192, 39.7996657]]}, "bbox": [30.4944192, 39.7996599, 30.4951191, 39.7998272]}, {"id": "6724", "type": "Feature", "properties": {"name": "Gülüm Sokak", "_mahalle_str": "Yeşiltepe Mahallesi", "_hvi_str": "%56", "_aciklama_str": "Sıcaklık: yüksek<br>Ağaç örtüsü: orta<br>Hastaneye uzaklık: orta<br>Yeşil alana uzaklık: orta<br>Yapılaşma yoğunluğu: çok yoğun<br>Nüfus yoğunluğu: seyrek<br>Yaşlı nüfus oranı: orta<br>Çocuk nüfus oranı: orta<br>Sosyoekonomik gelişmişlik: düşük"}, "geometry": {"type": "LineString", "coordinates": [[30.4973838, 39.7972555], [30.4967189, 39.7980535], [30.4962811, 39.7985394], [30.4959885, 39.798843], [30.4954784, 39.7994074], [30.4951191, 39.7998272]]}, "bbox": [30.4951191, 39.7972555, 30.4973838, 39.7998272]}, {"id": "6728", "type": "Feature", "properties": {"name": "Kolej Sokak", "_mahalle_str": "Şirintepe Mahallesi", "_hvi_str": "%53", "_aciklama_str": "Sıcaklık: yüksek<br>Ağaç örtüsü: çok düşük<br>Hastaneye uzaklık: uzak<br>Yeşil alana uzaklık: çok yakın<br>Yapılaşma yoğunluğu: çok yoğun<br>Nüfus yoğunluğu: seyrek<br>Yaşlı nüfus oranı: orta<br>Çocuk nüfus oranı: orta<br>Sosyoekonomik gelişmişlik: düşük"}, "geometry": {"type": "LineString", "coordinates": [[30.4759702, 39.7925015], [30.4764082, 39.7927871], [30.4764394, 39.7928074], [30.4767903, 39.7930332]]}, "bbox": [30.4759702, 39.7925015, 30.4767903, 39.7930332]}, {"id": "6729", "type": "Feature", "properties": {"name": "Topal Sokak", "_mahalle_str": "Şirintepe Mahallesi", "_hvi_str": "%51", "_aciklama_str": "Sıcaklık: yüksek<br>Ağaç örtüsü: çok düşük<br>Hastaneye uzaklık: uzak<br>Yeşil alana uzaklık: yakın<br>Yapılaşma yoğunluğu: çok yoğun<br>Nüfus yoğunluğu: seyrek<br>Yaşlı nüfus oranı: orta<br>Çocuk nüfus oranı: orta<br>Sosyoekonomik gelişmişlik: düşük"}, "geometry": {"type": "LineString", "coordinates": [[30.4759702, 39.7925015], [30.4772269, 39.7920177], [30.4780485, 39.7917014], [30.4783339, 39.7915936], [30.4786842, 39.7914567]]}, "bbox": [30.4759702, 39.7914567, 30.4786842, 39.7925015]}, {"id": "6730", "type": "Feature", "properties": {"name": "Uzundere Sokak", "_mahalle_str": "Şirintepe Mahallesi", "_hvi_str": "%53", "_aciklama_str": "Sıcaklık: yüksek<br>Ağaç örtüsü: düşük<br>Hastaneye uzaklık: uzak<br>Yeşil alana uzaklık: çok yakın<br>Yapılaşma yoğunluğu: çok yoğun<br>Nüfus yoğunluğu: seyrek<br>Yaşlı nüfus oranı: orta<br>Çocuk nüfus oranı: orta<br>Sosyoekonomik gelişmişlik: düşük"}, "geometry": {"type": "LineString", "coordinates": [[30.4767903, 39.7930332], [30.4760622, 39.7936564], [30.4754371, 39.7942477]]}, "bbox": [30.4754371, 39.7930332, 30.4767903, 39.7942477]}, {"id": "6731", "type": "Feature", "properties": {"name": "Kolej Sokak", "_mahalle_str": "Şirintepe Mahallesi", "_hvi_str": "%57", "_aciklama_str": "Sıcaklık: çok yüksek<br>Ağaç örtüsü: çok düşük<br>Hastaneye uzaklık: uzak<br>Yeşil alana uzaklık: yakın<br>Yapılaşma yoğunluğu: çok yoğun<br>Nüfus yoğunluğu: seyrek<br>Yaşlı nüfus oranı: orta<br>Çocuk nüfus oranı: orta<br>Sosyoekonomik gelişmişlik: düşük"}, "geometry": {"type": "LineString", "coordinates": [[30.4767903, 39.7930332], [30.4770335, 39.793223], [30.4771766, 39.7933352], [30.4773044, 39.793417], [30.4775865, 39.7936228]]}, "bbox": [30.4767903, 39.7930332, 30.4775865, 39.7936228]}, {"id": "6739", "type": "Feature", "properties": {"name": "3143. Sokak", "_mahalle_str": "Uluönder Mahallesi", "_hvi_str": "%51", "_aciklama_str": "Sıcaklık: orta<br>Ağaç örtüsü: çok düşük<br>Hastaneye uzaklık: uzak<br>Yeşil alana uzaklık: çok uzak<br>Yapılaşma yoğunluğu: yoğun<br>Nüfus yoğunluğu: seyrek<br>Yaşlı nüfus oranı: orta<br>Çocuk nüfus oranı: orta<br>Sosyoekonomik gelişmişlik: düşük"}, "geometry": {"type": "LineString", "coordinates": [[30.4654316, 39.7844517], [30.4654318, 39.7843796], [30.4654469, 39.7843253], [30.4659822, 39.7834833]]}, "bbox": [30.4654316, 39.7834833, 30.4659822, 39.7844517]}, {"id": "6741", "type": "Feature", "properties": {"name": "3141. Sokak", "_mahalle_str": "Uluönder Mahallesi", "_hvi_str": "%50", "_aciklama_str": "Sıcaklık: orta<br>Ağaç örtüsü: çok düşük<br>Hastaneye uzaklık: uzak<br>Yeşil alana uzaklık: çok uzak<br>Yapılaşma yoğunluğu: yoğun<br>Nüfus yoğunluğu: seyrek<br>Yaşlı nüfus oranı: orta<br>Çocuk nüfus oranı: orta<br>Sosyoekonomik gelişmişlik: düşük"}, "geometry": {"type": "LineString", "coordinates": [[30.4657881, 39.7845854], [30.4661062, 39.7840377], [30.4663511, 39.7836242]]}, "bbox": [30.4657881, 39.7836242, 30.4663511, 39.7845854]}, {"id": "6743", "type": "Feature", "properties": {"name": null, "_mahalle_str": "Uluönder Mahallesi", "_hvi_str": "%52", "_aciklama_str": "Sıcaklık: orta<br>Ağaç örtüsü: çok düşük<br>Hastaneye uzaklık: uzak<br>Yeşil alana uzaklık: uzak<br>Yapılaşma yoğunluğu: çok yoğun<br>Nüfus yoğunluğu: seyrek<br>Yaşlı nüfus oranı: orta<br>Çocuk nüfus oranı: orta<br>Sosyoekonomik gelişmişlik: düşük"}, "geometry": {"type": "LineString", "coordinates": [[30.469956, 39.7839088], [30.4699917, 39.7841861], [30.4700391, 39.7842991], [30.470247, 39.7843806], [30.470724, 39.7845383], [30.4710857, 39.7846625], [30.4712035, 39.7847036]]}, "bbox": [30.469956, 39.7839088, 30.4712035, 39.7847036]}, {"id": "6744", "type": "Feature", "properties": {"name": "3098. Sokak", "_mahalle_str": "Uluönder Mahallesi", "_hvi_str": "%53", "_aciklama_str": "Sıcaklık: düşük<br>Ağaç örtüsü: çok düşük<br>Hastaneye uzaklık: uzak<br>Yeşil alana uzaklık: çok uzak<br>Yapılaşma yoğunluğu: yoğun<br>Nüfus yoğunluğu: seyrek<br>Yaşlı nüfus oranı: orta<br>Çocuk nüfus oranı: orta<br>Sosyoekonomik gelişmişlik: düşük"}, "geometry": {"type": "LineString", "coordinates": [[30.4656817, 39.7833685], [30.4659822, 39.7834833], [30.4663511, 39.7836242], [30.4667417, 39.7837734], [30.4671742, 39.7839386]]}, "bbox": [30.4656817, 39.7833685, 30.4671742, 39.7839386]}, {"id": "6746", "type": "Feature", "properties": {"name": "3135. Sokak", "_mahalle_str": "Uluönder Mahallesi", "_hvi_str": "%53", "_aciklama_str": "Sıcaklık: orta<br>Ağaç örtüsü: çok düşük<br>Hastaneye uzaklık: uzak<br>Yeşil alana uzaklık: uzak<br>Yapılaşma yoğunluğu: yoğun<br>Nüfus yoğunluğu: seyrek<br>Yaşlı nüfus oranı: orta<br>Çocuk nüfus oranı: orta<br>Sosyoekonomik gelişmişlik: düşük"}, "geometry": {"type": "LineString", "coordinates": [[30.4681016, 39.7832555], [30.4676594, 39.784011], [30.4674646, 39.7843872], [30.4670897, 39.7850346]]}, "bbox": [30.4670897, 39.7832555, 30.4681016, 39.7850346]}, {"id": "6749", "type": "Feature", "properties": {"name": "3086. Sokak", "_mahalle_str": "Uluönder Mahallesi", "_hvi_str": "%53", "_aciklama_str": "Sıcaklık: çok yüksek<br>Ağaç örtüsü: çok düşük<br>Hastaneye uzaklık: uzak<br>Yeşil alana uzaklık: çok uzak<br>Yapılaşma yoğunluğu: yoğun<br>Nüfus yoğunluğu: seyrek<br>Yaşlı nüfus oranı: orta<br>Çocuk nüfus oranı: orta<br>Sosyoekonomik gelişmişlik: düşük"}, "geometry": {"type": "LineString", "coordinates": [[30.4718916, 39.7835487], [30.4727384, 39.7838391], [30.4728274, 39.7838733], [30.4737333, 39.7841933]]}, "bbox": [30.4718916, 39.7835487, 30.4737333, 39.7841933]}, {"id": "6750", "type": "Feature", "properties": {"name": "Ulu Önder Sokak", "_mahalle_str": "Uluönder Mahallesi", "_hvi_str": "%53", "_aciklama_str": "Sıcaklık: çok yüksek<br>Ağaç örtüsü: çok düşük<br>Hastaneye uzaklık: uzak<br>Yeşil alana uzaklık: uzak<br>Yapılaşma yoğunluğu: yoğun<br>Nüfus yoğunluğu: seyrek<br>Yaşlı nüfus oranı: orta<br>Çocuk nüfus oranı: orta<br>Sosyoekonomik gelişmişlik: düşük"}, "geometry": {"type": "LineString", "coordinates": [[30.4714308, 39.784326], [30.4715192, 39.784412], [30.4717527, 39.7844943], [30.4722608, 39.784675], [30.4724305, 39.7847353], [30.4725674, 39.784784], [30.4732477, 39.7850337]]}, "bbox": [30.4714308, 39.784326, 30.4732477, 39.7850337]}, {"id": "6751", "type": "Feature", "properties": {"name": null, "_mahalle_str": "Uluönder Mahallesi", "_hvi_str": "%52", "_aciklama_str": "Sıcaklık: yüksek<br>Ağaç örtüsü: çok düşük<br>Hastaneye uzaklık: uzak<br>Yeşil alana uzaklık: uzak<br>Yapılaşma yoğunluğu: yoğun<br>Nüfus yoğunluğu: seyrek<br>Yaşlı nüfus oranı: orta<br>Çocuk nüfus oranı: orta<br>Sosyoekonomik gelişmişlik: düşük"}, "geometry": {"type": "LineString", "coordinates": [[30.4714308, 39.784326], [30.4712035, 39.7847036]]}, "bbox": [30.4712035, 39.784326, 30.4714308, 39.7847036]}, {"id": "6753", "type": "Feature", "properties": {"name": null, "_mahalle_str": "Uluönder Mahallesi", "_hvi_str": "%56", "_aciklama_str": "Sıcaklık: çok yüksek<br>Ağaç örtüsü: çok düşük<br>Hastaneye uzaklık: uzak<br>Yeşil alana uzaklık: uzak<br>Yapılaşma yoğunluğu: yoğun<br>Nüfus yoğunluğu: seyrek<br>Yaşlı nüfus oranı: orta<br>Çocuk nüfus oranı: orta<br>Sosyoekonomik gelişmişlik: düşük"}, "geometry": {"type": "LineString", "coordinates": [[30.4722608, 39.784675], [30.4724186, 39.7844004]]}, "bbox": [30.4722608, 39.7844004, 30.4724186, 39.784675]}, {"id": "6754", "type": "Feature", "properties": {"name": null, "_mahalle_str": "Uluönder Mahallesi", "_hvi_str": "%56", "_aciklama_str": "Sıcaklık: çok yüksek<br>Ağaç örtüsü: çok düşük<br>Hastaneye uzaklık: uzak<br>Yeşil alana uzaklık: uzak<br>Yapılaşma yoğunluğu: yoğun<br>Nüfus yoğunluğu: seyrek<br>Yaşlı nüfus oranı: orta<br>Çocuk nüfus oranı: orta<br>Sosyoekonomik gelişmişlik: düşük"}, "geometry": {"type": "LineString", "coordinates": [[30.4725565, 39.7841213], [30.4727384, 39.7838391]]}, "bbox": [30.4725565, 39.7838391, 30.4727384, 39.7841213]}, {"id": "6755", "type": "Feature", "properties": {"name": null, "_mahalle_str": "Uluönder Mahallesi", "_hvi_str": "%54", "_aciklama_str": "Sıcaklık: çok yüksek<br>Ağaç örtüsü: çok düşük<br>Hastaneye uzaklık: uzak<br>Yeşil alana uzaklık: çok uzak<br>Yapılaşma yoğunluğu: yoğun<br>Nüfus yoğunluğu: seyrek<br>Yaşlı nüfus oranı: orta<br>Çocuk nüfus oranı: orta<br>Sosyoekonomik gelişmişlik: düşük"}, "geometry": {"type": "LineString", "coordinates": [[30.4728274, 39.7838733], [30.4730224, 39.7835587]]}, "bbox": [30.4728274, 39.7835587, 30.4730224, 39.7838733]}, {"id": "6758", "type": "Feature", "properties": {"name": null, "_mahalle_str": "Uluönder Mahallesi", "_hvi_str": "%51", "_aciklama_str": "Sıcaklık: orta<br>Ağaç örtüsü: çok düşük<br>Hastaneye uzaklık: uzak<br>Yeşil alana uzaklık: orta<br>Yapılaşma yoğunluğu: yoğun<br>Nüfus yoğunluğu: seyrek<br>Yaşlı nüfus oranı: orta<br>Çocuk nüfus oranı: orta<br>Sosyoekonomik gelişmişlik: düşük"}, "geometry": {"type": "LineString", "coordinates": [[30.4740281, 39.7856887], [30.4745174, 39.785001]]}, "bbox": [30.4740281, 39.785001, 30.4745174, 39.7856887]}, {"id": "6759", "type": "Feature", "properties": {"name": null, "_mahalle_str": "Uluönder Mahallesi", "_hvi_str": "%52", "_aciklama_str": "Sıcaklık: yüksek<br>Ağaç örtüsü: çok düşük<br>Hastaneye uzaklık: uzak<br>Yeşil alana uzaklık: uzak<br>Yapılaşma yoğunluğu: çok yoğun<br>Nüfus yoğunluğu: seyrek<br>Yaşlı nüfus oranı: orta<br>Çocuk nüfus oranı: orta<br>Sosyoekonomik gelişmişlik: düşük"}, "geometry": {"type": "LineString", "coordinates": [[30.4735881, 39.7855395], [30.474016, 39.7848222]]}, "bbox": [30.4735881, 39.7848222, 30.474016, 39.7855395]}, {"id": "6777", "type": "Feature", "properties": {"name": "Işıkalp Sokak", "_mahalle_str": "Şarhöyük Mahallesi", "_hvi_str": "%51", "_aciklama_str": "Sıcaklık: orta<br>Ağaç örtüsü: çok düşük<br>Hastaneye uzaklık: yakın<br>Yeşil alana uzaklık: yakın<br>Yapılaşma yoğunluğu: çok yoğun<br>Nüfus yoğunluğu: seyrek<br>Yaşlı nüfus oranı: orta<br>Çocuk nüfus oranı: orta<br>Sosyoekonomik gelişmişlik: düşük"}, "geometry": {"type": "LineString", "coordinates": [[30.5362122, 39.7908707], [30.5357742, 39.790849], [30.5353109, 39.7908037]]}, "bbox": [30.5353109, 39.7908037, 30.5362122, 39.7908707]}, {"id": "6791", "type": "Feature", "properties": {"name": "Esenli Sokak", "_mahalle_str": "Kumlubel Mahallesi", "_hvi_str": "%52", "_aciklama_str": "Sıcaklık: yüksek<br>Ağaç örtüsü: düşük<br>Hastaneye uzaklık: uzak<br>Yeşil alana uzaklık: orta<br>Yapılaşma yoğunluğu: çok yoğun<br>Nüfus yoğunluğu: seyrek<br>Yaşlı nüfus oranı: orta<br>Çocuk nüfus oranı: orta<br>Sosyoekonomik gelişmişlik: düşük"}, "geometry": {"type": "LineString", "coordinates": [[30.5253689, 39.7953643], [30.5250245, 39.795316], [30.524748, 39.7952833], [30.5245875, 39.7952552], [30.523791, 39.7951206]]}, "bbox": [30.523791, 39.7951206, 30.5253689, 39.7953643]}, {"id": "6850", "type": "Feature", "properties": {"name": "Dede Efendi Caddesi", "_mahalle_str": "Gökmeydan Mahallesi", "_hvi_str": "%50", "_aciklama_str": "Sıcaklık: yüksek<br>Ağaç örtüsü: çok düşük<br>Hastaneye uzaklık: orta<br>Yeşil alana uzaklık: orta<br>Yapılaşma yoğunluğu: yoğun<br>Nüfus yoğunluğu: çok yoğun<br>Yaşlı nüfus oranı: orta<br>Çocuk nüfus oranı: orta<br>Sosyoekonomik gelişmişlik: çok yüksek"}, "geometry": {"type": "LineString", "coordinates": [[30.5501731, 39.7699291], [30.5507933, 39.7701075]]}, "bbox": [30.5501731, 39.7699291, 30.5507933, 39.7701075]}, {"id": "6860", "type": "Feature", "properties": {"name": null, "_mahalle_str": "Kızılinler Mahallesi", "_hvi_str": "%63", "_aciklama_str": "Sıcaklık: çok düşük<br>Ağaç örtüsü: çok yüksek<br>Hastaneye uzaklık: çok uzak<br>Yeşil alana uzaklık: çok uzak<br>Yapılaşma yoğunluğu: çok seyrek<br>Nüfus yoğunluğu: seyrek<br>Yaşlı nüfus oranı: orta<br>Çocuk nüfus oranı: orta<br>Sosyoekonomik gelişmişlik: düşük"}, "geometry": {"type": "LineString", "coordinates": [[30.4071301, 39.709548], [30.4063381, 39.7100352]]}, "bbox": [30.4063381, 39.709548, 30.4071301, 39.7100352]}, {"id": "6928", "type": "Feature", "properties": {"name": "Kumlubel Sokak", "_mahalle_str": "Eskibağlar Mahallesi", "_hvi_str": "%53", "_aciklama_str": "Sıcaklık: çok yüksek<br>Ağaç örtüsü: çok düşük<br>Hastaneye uzaklık: yakın<br>Yeşil alana uzaklık: uzak<br>Yapılaşma yoğunluğu: çok yoğun<br>Nüfus yoğunluğu: seyrek<br>Yaşlı nüfus oranı: orta<br>Çocuk nüfus oranı: orta<br>Sosyoekonomik gelişmişlik: düşük"}, "geometry": {"type": "LineString", "coordinates": [[30.5133115, 39.7858564], [30.5131655, 39.7853364], [30.5130511, 39.7848729], [30.5128696, 39.7844645]]}, "bbox": [30.5128696, 39.7844645, 30.5133115, 39.7858564]}, {"id": "6932", "type": "Feature", "properties": {"name": "Balkan Caddesi", "_mahalle_str": "Yenibağlar Mahallesi", "_hvi_str": "%51", "_aciklama_str": "Sıcaklık: çok yüksek<br>Ağaç örtüsü: düşük<br>Hastaneye uzaklık: çok yakın<br>Yeşil alana uzaklık: uzak<br>Yapılaşma yoğunluğu: çok yoğun<br>Nüfus yoğunluğu: seyrek<br>Yaşlı nüfus oranı: orta<br>Çocuk nüfus oranı: orta<br>Sosyoekonomik gelişmişlik: düşük"}, "geometry": {"type": "LineString", "coordinates": [[30.5122517, 39.7858981], [30.5116116, 39.7857719]]}, "bbox": [30.5116116, 39.7857719, 30.5122517, 39.7858981]}, {"id": "6933", "type": "Feature", "properties": {"name": "Deneme Sokak", "_mahalle_str": "Eskibağlar Mahallesi", "_hvi_str": "%52", "_aciklama_str": "Sıcaklık: çok yüksek<br>Ağaç örtüsü: düşük<br>Hastaneye uzaklık: çok yakın<br>Yeşil alana uzaklık: uzak<br>Yapılaşma yoğunluğu: çok yoğun<br>Nüfus yoğunluğu: seyrek<br>Yaşlı nüfus oranı: orta<br>Çocuk nüfus oranı: orta<br>Sosyoekonomik gelişmişlik: düşük"}, "geometry": {"type": "LineString", "coordinates": [[30.5122517, 39.7858981], [30.5123847, 39.7855057], [30.5124015, 39.7854208], [30.5124856, 39.7849514]]}, "bbox": [30.5122517, 39.7849514, 30.5124856, 39.7858981]}, {"id": "6936", "type": "Feature", "properties": {"name": "Baysal Sokak", "_mahalle_str": "Güllük Mahallesi", "_hvi_str": "%52", "_aciklama_str": "Sıcaklık: yüksek<br>Ağaç örtüsü: düşük<br>Hastaneye uzaklık: çok yakın<br>Yeşil alana uzaklık: uzak<br>Yapılaşma yoğunluğu: çok yoğun<br>Nüfus yoğunluğu: seyrek<br>Yaşlı nüfus oranı: orta<br>Çocuk nüfus oranı: orta<br>Sosyoekonomik gelişmişlik: düşük"}, "geometry": {"type": "LineString", "coordinates": [[30.5173997, 39.7863644], [30.5174712, 39.7859191], [30.5175276, 39.785556], [30.5175841, 39.7852339], [30.517628, 39.7849586], [30.517645, 39.784622], [30.5176305, 39.7842796], [30.5176546, 39.7840299], [30.5176763, 39.7837218], [30.5177168, 39.783386], [30.5177401, 39.7831458], [30.5177636, 39.7828684], [30.5177732, 39.7824456]]}, "bbox": [30.5173997, 39.7824456, 30.5177732, 39.7863644]}, {"id": "6937", "type": "Feature", "properties": {"name": null, "_mahalle_str": "Güllük Mahallesi", "_hvi_str": "%53", "_aciklama_str": "Sıcaklık: çok yüksek<br>Ağaç örtüsü: çok düşük<br>Hastaneye uzaklık: yakın<br>Yeşil alana uzaklık: orta<br>Yapılaşma yoğunluğu: çok yoğun<br>Nüfus yoğunluğu: seyrek<br>Yaşlı nüfus oranı: orta<br>Çocuk nüfus oranı: orta<br>Sosyoekonomik gelişmişlik: düşük"}, "geometry": {"type": "LineString", "coordinates": [[30.5165621, 39.7862729], [30.516682, 39.7858607], [30.5167137, 39.7854728], [30.5167502, 39.7851345], [30.5167567, 39.7850159], [30.5167599, 39.784884], [30.516775, 39.7845807], [30.5167869, 39.7839983]]}, "bbox": [30.5165621, 39.7839983, 30.5167869, 39.7862729]}, {"id": "6940", "type": "Feature", "properties": {"name": "Talat Paşa Sokak", "_mahalle_str": "Eskibağlar Mahallesi", "_hvi_str": "%56", "_aciklama_str": "Sıcaklık: çok yüksek<br>Ağaç örtüsü: düşük<br>Hastaneye uzaklık: orta<br>Yeşil alana uzaklık: uzak<br>Yapılaşma yoğunluğu: çok yoğun<br>Nüfus yoğunluğu: seyrek<br>Yaşlı nüfus oranı: orta<br>Çocuk nüfus oranı: orta<br>Sosyoekonomik gelişmişlik: düşük"}, "geometry": {"type": "LineString", "coordinates": [[30.5148913, 39.7857157], [30.5149793, 39.7852808], [30.5150153, 39.7850904], [30.5150472, 39.7849403], [30.515189, 39.7844877], [30.5152914, 39.7839559], [30.515172, 39.7834039], [30.5148529, 39.7828282]]}, "bbox": [30.5148529, 39.7828282, 30.5152914, 39.7857157]}, {"id": "6979", "type": "Feature", "properties": {"name": "Doğanşehir Sokak", "_mahalle_str": "Çamlıca Mahallesi", "_hvi_str": "%51", "_aciklama_str": "Sıcaklık: orta<br>Ağaç örtüsü: çok düşük<br>Hastaneye uzaklık: yakın<br>Yeşil alana uzaklık: uzak<br>Yapılaşma yoğunluğu: çok yoğun<br>Nüfus yoğunluğu: seyrek<br>Yaşlı nüfus oranı: orta<br>Çocuk nüfus oranı: orta<br>Sosyoekonomik gelişmişlik: düşük"}, "geometry": {"type": "LineString", "coordinates": [[30.4594562, 39.7810437], [30.4589277, 39.7809551], [30.4587415, 39.7809119], [30.4579413, 39.7807337], [30.4575972, 39.7806384], [30.4568691, 39.7804448], [30.4561181, 39.7802454], [30.4558678, 39.7801727], [30.4550013, 39.7799534]]}, "bbox": [30.4550013, 39.7799534, 30.4594562, 39.7810437]}, {"id": "6980", "type": "Feature", "properties": {"name": "Gürol Sokak", "_mahalle_str": "Çamlıca Mahallesi", "_hvi_str": "%59", "_aciklama_str": "Sıcaklık: yüksek<br>Ağaç örtüsü: çok düşük<br>Hastaneye uzaklık: orta<br>Yeşil alana uzaklık: uzak<br>Yapılaşma yoğunluğu: çok yoğun<br>Nüfus yoğunluğu: seyrek<br>Yaşlı nüfus oranı: orta<br>Çocuk nüfus oranı: orta<br>Sosyoekonomik gelişmişlik: düşük"}, "geometry": {"type": "LineString", "coordinates": [[30.4619527, 39.7813124], [30.4610794, 39.7812259], [30.460658, 39.7811889], [30.4601476, 39.7811352], [30.4598291, 39.7810963], [30.4594562, 39.7810437]]}, "bbox": [30.4594562, 39.7810437, 30.4619527, 39.7813124]}, {"id": "6981", "type": "Feature", "properties": {"name": "Behçet Necatigil Sokak", "_mahalle_str": "Çamlıca Mahallesi", "_hvi_str": "%53", "_aciklama_str": "Sıcaklık: orta<br>Ağaç örtüsü: çok düşük<br>Hastaneye uzaklık: uzak<br>Yeşil alana uzaklık: uzak<br>Yapılaşma yoğunluğu: çok yoğun<br>Nüfus yoğunluğu: seyrek<br>Yaşlı nüfus oranı: orta<br>Çocuk nüfus oranı: orta<br>Sosyoekonomik gelişmişlik: düşük"}, "geometry": {"type": "LineString", "coordinates": [[30.4658638, 39.7813956], [30.4657123, 39.7813855], [30.4655708, 39.7813816], [30.4652996, 39.7813798], [30.4648389, 39.7813778], [30.4643997, 39.781374], [30.4638268, 39.7813977], [30.4635503, 39.7814122], [30.4632559, 39.7814206], [30.4629036, 39.7813994], [30.4626227, 39.7813681], [30.4619527, 39.7813124]]}, "bbox": [30.4619527, 39.7813124, 30.4658638, 39.7814206]}, {"id": "6982", "type": "Feature", "properties": {"name": "Ulukaya Sokak", "_mahalle_str": "Hacı Seyit Mahallesi", "_hvi_str": "%50", "_aciklama_str": "Sıcaklık: çok yüksek<br>Ağaç örtüsü: çok düşük<br>Hastaneye uzaklık: çok yakın<br>Yeşil alana uzaklık: uzak<br>Yapılaşma yoğunluğu: çok yoğun<br>Nüfus yoğunluğu: seyrek<br>Yaşlı nüfus oranı: orta<br>Çocuk nüfus oranı: orta<br>Sosyoekonomik gelişmişlik: düşük"}, "geometry": {"type": "LineString", "coordinates": [[30.5224121, 39.7815531], [30.5226154, 39.7815096], [30.5233664, 39.7814828]]}, "bbox": [30.5224121, 39.7814828, 30.5233664, 39.7815531]}, {"id": "6984", "type": "Feature", "properties": {"name": "Hacı Habib Sokak", "_mahalle_str": "Hayriye Mahallesi", "_hvi_str": "%58", "_aciklama_str": "Sıcaklık: çok yüksek<br>Ağaç örtüsü: çok düşük<br>Hastaneye uzaklık: yakın<br>Yeşil alana uzaklık: çok uzak<br>Yapılaşma yoğunluğu: çok yoğun<br>Nüfus yoğunluğu: seyrek<br>Yaşlı nüfus oranı: orta<br>Çocuk nüfus oranı: orta<br>Sosyoekonomik gelişmişlik: düşük"}, "geometry": {"type": "LineString", "coordinates": [[30.5216911, 39.7804069], [30.5207539, 39.7806525]]}, "bbox": [30.5207539, 39.7804069, 30.5216911, 39.7806525]}, {"id": "6985", "type": "Feature", "properties": {"name": "Kırım Caddesi", "_mahalle_str": "Cumhuriye Mahallesi", "_hvi_str": "%54", "_aciklama_str": "Sıcaklık: çok yüksek<br>Ağaç örtüsü: çok düşük<br>Hastaneye uzaklık: çok yakın<br>Yeşil alana uzaklık: çok uzak<br>Yapılaşma yoğunluğu: çok yoğun<br>Nüfus yoğunluğu: seyrek<br>Yaşlı nüfus oranı: orta<br>Çocuk nüfus oranı: orta<br>Sosyoekonomik gelişmişlik: düşük"}, "geometry": {"type": "LineString", "coordinates": [[30.5182699, 39.7796372], [30.5178099, 39.7793878]]}, "bbox": [30.5178099, 39.7793878, 30.5182699, 39.7796372]}, {"id": "6986", "type": "Feature", "properties": {"name": "Yiğitpaşa Sokak", "_mahalle_str": "Cumhuriye Mahallesi", "_hvi_str": "%55", "_aciklama_str": "Sıcaklık: yüksek<br>Ağaç örtüsü: çok düşük<br>Hastaneye uzaklık: çok yakın<br>Yeşil alana uzaklık: çok uzak<br>Yapılaşma yoğunluğu: çok yoğun<br>Nüfus yoğunluğu: seyrek<br>Yaşlı nüfus oranı: orta<br>Çocuk nüfus oranı: orta<br>Sosyoekonomik gelişmişlik: düşük"}, "geometry": {"type": "LineString", "coordinates": [[30.5182699, 39.7796372], [30.5184261, 39.7793499], [30.5186138, 39.7788511], [30.5189303, 39.7781131]]}, "bbox": [30.5182699, 39.7781131, 30.5189303, 39.7796372]}, {"id": "6987", "type": "Feature", "properties": {"name": "Kaptan Aga Sokak", "_mahalle_str": "Cumhuriye Mahallesi", "_hvi_str": "%54", "_aciklama_str": "Sıcaklık: çok yüksek<br>Ağaç örtüsü: çok düşük<br>Hastaneye uzaklık: çok yakın<br>Yeşil alana uzaklık: çok uzak<br>Yapılaşma yoğunluğu: çok yoğun<br>Nüfus yoğunluğu: seyrek<br>Yaşlı nüfus oranı: orta<br>Çocuk nüfus oranı: orta<br>Sosyoekonomik gelişmişlik: düşük"}, "geometry": {"type": "LineString", "coordinates": [[30.5178099, 39.7793878], [30.5183188, 39.7787439]]}, "bbox": [30.5178099, 39.7787439, 30.5183188, 39.7793878]}, {"id": "6988", "type": "Feature", "properties": {"name": "Kırım Caddesi", "_mahalle_str": "Cumhuriye Mahallesi", "_hvi_str": "%54", "_aciklama_str": "Sıcaklık: çok yüksek<br>Ağaç örtüsü: çok düşük<br>Hastaneye uzaklık: çok yakın<br>Yeşil alana uzaklık: uzak<br>Yapılaşma yoğunluğu: çok yoğun<br>Nüfus yoğunluğu: seyrek<br>Yaşlı nüfus oranı: orta<br>Çocuk nüfus oranı: orta<br>Sosyoekonomik gelişmişlik: düşük"}, "geometry": {"type": "LineString", "coordinates": [[30.5178099, 39.7793878], [30.5173966, 39.7791637]]}, "bbox": [30.5173966, 39.7791637, 30.5178099, 39.7793878]}, {"id": "6997", "type": "Feature", "properties": {"name": "Savcı Beyler Sokak", "_mahalle_str": "Işıklar Mahallesi", "_hvi_str": "%51", "_aciklama_str": "Sıcaklık: çok yüksek<br>Ağaç örtüsü: çok düşük<br>Hastaneye uzaklık: yakın<br>Yeşil alana uzaklık: orta<br>Yapılaşma yoğunluğu: çok yoğun<br>Nüfus yoğunluğu: seyrek<br>Yaşlı nüfus oranı: orta<br>Çocuk nüfus oranı: orta<br>Sosyoekonomik gelişmişlik: düşük"}, "geometry": {"type": "LineString", "coordinates": [[30.5289683, 39.7790988], [30.529039, 39.7794229]]}, "bbox": [30.5289683, 39.7790988, 30.529039, 39.7794229]}, {"id": "6998", "type": "Feature", "properties": {"name": "Kırım Caddesi", "_mahalle_str": "Işıklar Mahallesi", "_hvi_str": "%51", "_aciklama_str": "Sıcaklık: çok yüksek<br>Ağaç örtüsü: çok düşük<br>Hastaneye uzaklık: çok yakın<br>Yeşil alana uzaklık: uzak<br>Yapılaşma yoğunluğu: çok yoğun<br>Nüfus yoğunluğu: seyrek<br>Yaşlı nüfus oranı: orta<br>Çocuk nüfus oranı: orta<br>Sosyoekonomik gelişmişlik: düşük"}, "geometry": {"type": "LineString", "coordinates": [[30.5289683, 39.7790988], [30.5285295, 39.7790749], [30.5276529, 39.7790518], [30.5271166, 39.7790532], [30.5260342, 39.7790873]]}, "bbox": [30.5260342, 39.7790518, 30.5289683, 39.7790988]}, {"id": "6999", "type": "Feature", "properties": {"name": "Yiğitler Yolu Sokak", "_mahalle_str": "Işıklar Mahallesi", "_hvi_str": "%51", "_aciklama_str": "Sıcaklık: yüksek<br>Ağaç örtüsü: çok düşük<br>Hastaneye uzaklık: çok yakın<br>Yeşil alana uzaklık: uzak<br>Yapılaşma yoğunluğu: çok yoğun<br>Nüfus yoğunluğu: seyrek<br>Yaşlı nüfus oranı: orta<br>Çocuk nüfus oranı: orta<br>Sosyoekonomik gelişmişlik: düşük"}, "geometry": {"type": "LineString", "coordinates": [[30.5270469, 39.7783565], [30.5276226, 39.7783181], [30.5287631, 39.7782599], [30.5294812, 39.7782422], [30.5301039, 39.7781836], [30.5306, 39.7781119], [30.5313752, 39.7780325]]}, "bbox": [30.5270469, 39.7780325, 30.5313752, 39.7783565]}, {"id": "7000", "type": "Feature", "properties": {"name": "Eyüphan Sokak", "_mahalle_str": "Sütlüce Mahallesi", "_hvi_str": "%53", "_aciklama_str": "Sıcaklık: orta<br>Ağaç örtüsü: düşük<br>Hastaneye uzaklık: orta<br>Yeşil alana uzaklık: orta<br>Yapılaşma yoğunluğu: çok yoğun<br>Nüfus yoğunluğu: seyrek<br>Yaşlı nüfus oranı: orta<br>Çocuk nüfus oranı: orta<br>Sosyoekonomik gelişmişlik: düşük"}, "geometry": {"type": "LineString", "coordinates": [[30.5073901, 39.7984817], [30.506973, 39.798411], [30.5065565, 39.7983097]]}, "bbox": [30.5065565, 39.7983097, 30.5073901, 39.7984817]}, {"id": "7001", "type": "Feature", "properties": {"name": "Şafaklı Sokak", "_mahalle_str": "Sütlüce Mahallesi", "_hvi_str": "%55", "_aciklama_str": "Sıcaklık: yüksek<br>Ağaç örtüsü: çok düşük<br>Hastaneye uzaklık: yakın<br>Yeşil alana uzaklık: uzak<br>Yapılaşma yoğunluğu: çok yoğun<br>Nüfus yoğunluğu: seyrek<br>Yaşlı nüfus oranı: orta<br>Çocuk nüfus oranı: orta<br>Sosyoekonomik gelişmişlik: düşük"}, "geometry": {"type": "LineString", "coordinates": [[30.5090525, 39.796909], [30.5085197, 39.7971397]]}, "bbox": [30.5085197, 39.796909, 30.5090525, 39.7971397]}, {"id": "7002", "type": "Feature", "properties": {"name": "Kurum Sokak", "_mahalle_str": "Sütlüce Mahallesi", "_hvi_str": "%54", "_aciklama_str": "Sıcaklık: yüksek<br>Ağaç örtüsü: düşük<br>Hastaneye uzaklık: yakın<br>Yeşil alana uzaklık: orta<br>Yapılaşma yoğunluğu: çok yoğun<br>Nüfus yoğunluğu: seyrek<br>Yaşlı nüfus oranı: orta<br>Çocuk nüfus oranı: orta<br>Sosyoekonomik gelişmişlik: düşük"}, "geometry": {"type": "LineString", "coordinates": [[30.5085197, 39.7971397], [30.5085566, 39.7967564], [30.5087755, 39.7959889], [30.5093233, 39.7952478]]}, "bbox": [30.5085197, 39.7952478, 30.5093233, 39.7971397]}, {"id": "7003", "type": "Feature", "properties": {"name": "Şafaklı Sokak", "_mahalle_str": "Sütlüce Mahallesi", "_hvi_str": "%54", "_aciklama_str": "Sıcaklık: yüksek<br>Ağaç örtüsü: düşük<br>Hastaneye uzaklık: yakın<br>Yeşil alana uzaklık: orta<br>Yapılaşma yoğunluğu: çok yoğun<br>Nüfus yoğunluğu: seyrek<br>Yaşlı nüfus oranı: orta<br>Çocuk nüfus oranı: orta<br>Sosyoekonomik gelişmişlik: düşük"}, "geometry": {"type": "LineString", "coordinates": [[30.5085197, 39.7971397], [30.5080301, 39.7973875]]}, "bbox": [30.5080301, 39.7971397, 30.5085197, 39.7973875]}, {"id": "7004", "type": "Feature", "properties": {"name": null, "_mahalle_str": "Esentepe Mahallesi", "_hvi_str": "%60", "_aciklama_str": "Sıcaklık: yüksek<br>Ağaç örtüsü: çok düşük<br>Hastaneye uzaklık: çok yakın<br>Yeşil alana uzaklık: çok uzak<br>Yapılaşma yoğunluğu: çok yoğun<br>Nüfus yoğunluğu: seyrek<br>Yaşlı nüfus oranı: orta<br>Çocuk nüfus oranı: orta<br>Sosyoekonomik gelişmişlik: düşük"}, "geometry": {"type": "LineString", "coordinates": [[30.5106308, 39.7982587], [30.5111003, 39.7983225], [30.5115459, 39.7983959], [30.5123001, 39.7985051], [30.5126391, 39.7985604], [30.5129495, 39.79862], [30.5133927, 39.7986777], [30.5138672, 39.7987665]]}, "bbox": [30.5106308, 39.7982587, 30.5138672, 39.7987665]}, {"id": "7005", "type": "Feature", "properties": {"name": "Eğitimciler Caddesi", "_mahalle_str": "Esentepe Mahallesi", "_hvi_str": "%51", "_aciklama_str": "Sıcaklık: yüksek<br>Ağaç örtüsü: çok düşük<br>Hastaneye uzaklık: çok yakın<br>Yeşil alana uzaklık: uzak<br>Yapılaşma yoğunluğu: çok yoğun<br>Nüfus yoğunluğu: seyrek<br>Yaşlı nüfus oranı: orta<br>Çocuk nüfus oranı: orta<br>Sosyoekonomik gelişmişlik: düşük"}, "geometry": {"type": "LineString", "coordinates": [[30.5106308, 39.7982587], [30.5107019, 39.7979297], [30.510861, 39.7976524], [30.5108888, 39.7976169], [30.5110819, 39.7973989], [30.5111637, 39.7973], [30.5115045, 39.7969412], [30.5118265, 39.7964529], [30.511882, 39.7963685], [30.5121134, 39.7959785], [30.5123076, 39.7956344], [30.5123579, 39.7955543], [30.5125423, 39.795316], [30.5128661, 39.7949963], [30.5130718, 39.7948233], [30.5131577, 39.7947392], [30.5134595, 39.794444]]}, "bbox": [30.5106308, 39.794444, 30.5134595, 39.7982587]}, {"id": "7006", "type": "Feature", "properties": {"name": "Yaylalar sokak", "_mahalle_str": "Sütlüce Mahallesi", "_hvi_str": "%56", "_aciklama_str": "Sıcaklık: yüksek<br>Ağaç örtüsü: çok düşük<br>Hastaneye uzaklık: orta<br>Yeşil alana uzaklık: uzak<br>Yapılaşma yoğunluğu: çok yoğun<br>Nüfus yoğunluğu: seyrek<br>Yaşlı nüfus oranı: orta<br>Çocuk nüfus oranı: orta<br>Sosyoekonomik gelişmişlik: düşük"}, "geometry": {"type": "LineString", "coordinates": [[30.5089873, 39.7999014], [30.5094521, 39.7999508], [30.5099516, 39.7999956], [30.5103886, 39.8000466]]}, "bbox": [30.5089873, 39.7999014, 30.5103886, 39.8000466]}, {"id": "7007", "type": "Feature", "properties": {"name": "Kalyoncu Sokak", "_mahalle_str": "Sütlüce Mahallesi", "_hvi_str": "%56", "_aciklama_str": "Sıcaklık: yüksek<br>Ağaç örtüsü: düşük<br>Hastaneye uzaklık: yakın<br>Yeşil alana uzaklık: çok uzak<br>Yapılaşma yoğunluğu: çok yoğun<br>Nüfus yoğunluğu: seyrek<br>Yaşlı nüfus oranı: orta<br>Çocuk nüfus oranı: orta<br>Sosyoekonomik gelişmişlik: düşük"}, "geometry": {"type": "LineString", "coordinates": [[30.5089873, 39.7999014], [30.5091631, 39.7993731], [30.5092431, 39.7990692], [30.5093339, 39.7986807], [30.5091907, 39.7986084]]}, "bbox": [30.5089873, 39.7986084, 30.5093339, 39.7999014]}, {"id": "7008", "type": "Feature", "properties": {"name": null, "_mahalle_str": "Sütlüce Mahallesi", "_hvi_str": "%55", "_aciklama_str": "Sıcaklık: yüksek<br>Ağaç örtüsü: çok düşük<br>Hastaneye uzaklık: yakın<br>Yeşil alana uzaklık: uzak<br>Yapılaşma yoğunluğu: çok yoğun<br>Nüfus yoğunluğu: seyrek<br>Yaşlı nüfus oranı: orta<br>Çocuk nüfus oranı: orta<br>Sosyoekonomik gelişmişlik: düşük"}, "geometry": {"type": "LineString", "coordinates": [[30.5091907, 39.7986084], [30.50878, 39.7985362], [30.50786, 39.7983463]]}, "bbox": [30.50786, 39.7983463, 30.5091907, 39.7986084]}, {"id": "7009", "type": "Feature", "properties": {"name": "Poyrazlar Sokak", "_mahalle_str": "Esentepe Mahallesi", "_hvi_str": "%51", "_aciklama_str": "Sıcaklık: orta<br>Ağaç örtüsü: düşük<br>Hastaneye uzaklık: uzak<br>Yeşil alana uzaklık: yakın<br>Yapılaşma yoğunluğu: çok yoğun<br>Nüfus yoğunluğu: seyrek<br>Yaşlı nüfus oranı: orta<br>Çocuk nüfus oranı: orta<br>Sosyoekonomik gelişmişlik: düşük"}, "geometry": {"type": "LineString", "coordinates": [[30.5085975, 39.8034109], [30.5097612, 39.803965]]}, "bbox": [30.5085975, 39.8034109, 30.5097612, 39.803965]}, {"id": "7013", "type": "Feature", "properties": {"name": null, "_mahalle_str": "Esentepe Mahallesi", "_hvi_str": "%53", "_aciklama_str": "Sıcaklık: çok yüksek<br>Ağaç örtüsü: yüksek<br>Hastaneye uzaklık: yakın<br>Yeşil alana uzaklık: orta<br>Yapılaşma yoğunluğu: çok yoğun<br>Nüfus yoğunluğu: seyrek<br>Yaşlı nüfus oranı: orta<br>Çocuk nüfus oranı: orta<br>Sosyoekonomik gelişmişlik: düşük"}, "geometry": {"type": "LineString", "coordinates": [[30.5149286, 39.8033302], [30.5149756, 39.8033146], [30.5150427, 39.8032528], [30.5151258, 39.8032033], [30.5152895, 39.8031806], [30.5154119, 39.8031724], [30.5154853, 39.8031662], [30.5156757, 39.8030982], [30.5159305, 39.8030178], [30.516137, 39.8029663], [30.5162819, 39.8029457], [30.5164945, 39.802897]]}, "bbox": [30.5149286, 39.802897, 30.5164945, 39.8033302]}, {"id": "7016", "type": "Feature", "properties": {"name": null, "_mahalle_str": "Karapınar Mahallesi", "_hvi_str": "%52", "_aciklama_str": "Sıcaklık: yüksek<br>Ağaç örtüsü: yüksek<br>Hastaneye uzaklık: uzak<br>Yeşil alana uzaklık: uzak<br>Yapılaşma yoğunluğu: çok yoğun<br>Nüfus yoğunluğu: çok yoğun<br>Yaşlı nüfus oranı: orta<br>Çocuk nüfus oranı: orta<br>Sosyoekonomik gelişmişlik: çok yüksek"}, "geometry": {"type": "LineString", "coordinates": [[30.530238, 39.7614481], [30.5301608, 39.7618738]]}, "bbox": [30.5301608, 39.7614481, 30.530238, 39.7618738]}, {"id": "7017", "type": "Feature", "properties": {"name": "Kırım Caddesi", "_mahalle_str": "Işıklar Mahallesi", "_hvi_str": "%52", "_aciklama_str": "Sıcaklık: çok yüksek<br>Ağaç örtüsü: çok düşük<br>Hastaneye uzaklık: çok yakın<br>Yeşil alana uzaklık: orta<br>Yapılaşma yoğunluğu: çok yoğun<br>Nüfus yoğunluğu: seyrek<br>Yaşlı nüfus oranı: orta<br>Çocuk nüfus oranı: orta<br>Sosyoekonomik gelişmişlik: düşük"}, "geometry": {"type": "LineString", "coordinates": [[30.5295653, 39.7790403], [30.5289683, 39.7790988]]}, "bbox": [30.5289683, 39.7790403, 30.5295653, 39.7790988]}, {"id": "7019", "type": "Feature", "properties": {"name": "Gündüz Bey Sokak", "_mahalle_str": "Işıklar Mahallesi", "_hvi_str": "%51", "_aciklama_str": "Sıcaklık: yüksek<br>Ağaç örtüsü: çok düşük<br>Hastaneye uzaklık: çok yakın<br>Yeşil alana uzaklık: uzak<br>Yapılaşma yoğunluğu: çok yoğun<br>Nüfus yoğunluğu: seyrek<br>Yaşlı nüfus oranı: orta<br>Çocuk nüfus oranı: orta<br>Sosyoekonomik gelişmişlik: düşük"}, "geometry": {"type": "LineString", "coordinates": [[30.529527, 39.7787441], [30.5295653, 39.7790403]]}, "bbox": [30.529527, 39.7787441, 30.5295653, 39.7790403]}, {"id": "7026", "type": "Feature", "properties": {"name": "Hasan Polatkan Caddesi", "_mahalle_str": "Mustafa Kemal Paşa Mahallesi", "_hvi_str": "%51", "_aciklama_str": "Sıcaklık: yüksek<br>Ağaç örtüsü: çok düşük<br>Hastaneye uzaklık: çok yakın<br>Yeşil alana uzaklık: çok uzak<br>Yapılaşma yoğunluğu: çok yoğun<br>Nüfus yoğunluğu: seyrek<br>Yaşlı nüfus oranı: orta<br>Çocuk nüfus oranı: orta<br>Sosyoekonomik gelişmişlik: düşük"}, "geometry": {"type": "LineString", "coordinates": [[30.5248647, 39.7794828], [30.5247649, 39.7791155], [30.524669, 39.778824], [30.5245622, 39.778513], [30.5244586, 39.7781954], [30.5244285, 39.7780868], [30.5243155, 39.7777255], [30.5242525, 39.7774926], [30.5241829, 39.7771868], [30.5241666, 39.7771198], [30.5241134, 39.7768326], [30.5241007, 39.7767594], [30.5240573, 39.776505], [30.5239956, 39.7762014], [30.5239751, 39.7761058], [30.5239518, 39.7760215], [30.5238957, 39.7759195]]}, "bbox": [30.5238957, 39.7759195, 30.5248647, 39.7794828]}, {"id": "7036", "type": "Feature", "properties": {"name": "Kurul Sokak", "_mahalle_str": "Işıklar Mahallesi", "_hvi_str": "%50", "_aciklama_str": "Sıcaklık: çok yüksek<br>Ağaç örtüsü: çok düşük<br>Hastaneye uzaklık: çok yakın<br>Yeşil alana uzaklık: orta<br>Yapılaşma yoğunluğu: çok yoğun<br>Nüfus yoğunluğu: seyrek<br>Yaşlı nüfus oranı: orta<br>Çocuk nüfus oranı: orta<br>Sosyoekonomik gelişmişlik: düşük"}, "geometry": {"type": "LineString", "coordinates": [[30.5276495, 39.7794319], [30.5276529, 39.7790518]]}, "bbox": [30.5276495, 39.7790518, 30.5276529, 39.7794319]}, {"id": "7042", "type": "Feature", "properties": {"name": "Başay Sokak", "_mahalle_str": "Ömerağa Mahallesi", "_hvi_str": "%52", "_aciklama_str": "Sıcaklık: çok yüksek<br>Ağaç örtüsü: düşük<br>Hastaneye uzaklık: yakın<br>Yeşil alana uzaklık: uzak<br>Yapılaşma yoğunluğu: çok yoğun<br>Nüfus yoğunluğu: seyrek<br>Yaşlı nüfus oranı: orta<br>Çocuk nüfus oranı: orta<br>Sosyoekonomik gelişmişlik: düşük"}, "geometry": {"type": "LineString", "coordinates": [[30.5211848, 39.7841826], [30.5216777, 39.7840314], [30.522096, 39.7839366], [30.5223464, 39.7838864], [30.5229117, 39.783773], [30.5236234, 39.7836406], [30.5245303, 39.7835091], [30.5249161, 39.7834391], [30.525867, 39.7832657], [30.525979, 39.7831732]]}, "bbox": [30.5211848, 39.7831732, 30.525979, 39.7841826]}, {"id": "7043", "type": "Feature", "properties": {"name": "Turgut Reis Caddesi", "_mahalle_str": "Ömerağa Mahallesi", "_hvi_str": "%58", "_aciklama_str": "Sıcaklık: çok yüksek<br>Ağaç örtüsü: düşük<br>Hastaneye uzaklık: yakın<br>Yeşil alana uzaklık: çok uzak<br>Yapılaşma yoğunluğu: çok yoğun<br>Nüfus yoğunluğu: seyrek<br>Yaşlı nüfus oranı: orta<br>Çocuk nüfus oranı: orta<br>Sosyoekonomik gelişmişlik: düşük"}, "geometry": {"type": "LineString", "coordinates": [[30.5211848, 39.7841826], [30.5206867, 39.7837769], [30.5201974, 39.7833703], [30.5200104, 39.7832065]]}, "bbox": [30.5200104, 39.7832065, 30.5211848, 39.7841826]}, {"id": "7044", "type": "Feature", "properties": {"name": "Atamaner Sokak", "_mahalle_str": "Tunalı Mahallesi", "_hvi_str": "%58", "_aciklama_str": "Sıcaklık: çok yüksek<br>Ağaç örtüsü: çok düşük<br>Hastaneye uzaklık: yakın<br>Yeşil alana uzaklık: çok uzak<br>Yapılaşma yoğunluğu: çok yoğun<br>Nüfus yoğunluğu: seyrek<br>Yaşlı nüfus oranı: orta<br>Çocuk nüfus oranı: orta<br>Sosyoekonomik gelişmişlik: düşük"}, "geometry": {"type": "LineString", "coordinates": [[30.5200104, 39.7832065], [30.5194626, 39.7832744], [30.5189553, 39.7833295]]}, "bbox": [30.5189553, 39.7832065, 30.5200104, 39.7833295]}, {"id": "7045", "type": "Feature", "properties": {"name": "Turgut Reis Caddesi", "_mahalle_str": "Ömerağa Mahallesi", "_hvi_str": "%57", "_aciklama_str": "Sıcaklık: çok yüksek<br>Ağaç örtüsü: düşük<br>Hastaneye uzaklık: yakın<br>Yeşil alana uzaklık: çok uzak<br>Yapılaşma yoğunluğu: çok yoğun<br>Nüfus yoğunluğu: seyrek<br>Yaşlı nüfus oranı: orta<br>Çocuk nüfus oranı: orta<br>Sosyoekonomik gelişmişlik: düşük"}, "geometry": {"type": "LineString", "coordinates": [[30.5200104, 39.7832065], [30.5195928, 39.7828388]]}, "bbox": [30.5195928, 39.7828388, 30.5200104, 39.7832065]}, {"id": "7047", "type": "Feature", "properties": {"name": "Övünme Sokak", "_mahalle_str": "Ömerağa Mahallesi", "_hvi_str": "%55", "_aciklama_str": "Sıcaklık: yüksek<br>Ağaç örtüsü: düşük<br>Hastaneye uzaklık: yakın<br>Yeşil alana uzaklık: çok uzak<br>Yapılaşma yoğunluğu: çok yoğun<br>Nüfus yoğunluğu: seyrek<br>Yaşlı nüfus oranı: orta<br>Çocuk nüfus oranı: orta<br>Sosyoekonomik gelişmişlik: düşük"}, "geometry": {"type": "LineString", "coordinates": [[30.5219833, 39.7834896], [30.5218881, 39.7831762], [30.5218337, 39.7829882], [30.521653, 39.7824432]]}, "bbox": [30.521653, 39.7824432, 30.5219833, 39.7834896]}, {"id": "7048", "type": "Feature", "properties": {"name": "Danış Sokak", "_mahalle_str": "Ömerağa Mahallesi", "_hvi_str": "%54", "_aciklama_str": "Sıcaklık: yüksek<br>Ağaç örtüsü: düşük<br>Hastaneye uzaklık: yakın<br>Yeşil alana uzaklık: uzak<br>Yapılaşma yoğunluğu: çok yoğun<br>Nüfus yoğunluğu: seyrek<br>Yaşlı nüfus oranı: orta<br>Çocuk nüfus oranı: orta<br>Sosyoekonomik gelişmişlik: düşük"}, "geometry": {"type": "LineString", "coordinates": [[30.52359, 39.7832022], [30.5231794, 39.7832494], [30.5227597, 39.7833337], [30.5219833, 39.7834896]]}, "bbox": [30.5219833, 39.7832022, 30.52359, 39.7834896]}, {"id": "7049", "type": "Feature", "properties": {"name": "Acar Sokak", "_mahalle_str": "Ömerağa Mahallesi", "_hvi_str": "%55", "_aciklama_str": "Sıcaklık: çok yüksek<br>Ağaç örtüsü: çok düşük<br>Hastaneye uzaklık: yakın<br>Yeşil alana uzaklık: uzak<br>Yapılaşma yoğunluğu: çok yoğun<br>Nüfus yoğunluğu: seyrek<br>Yaşlı nüfus oranı: orta<br>Çocuk nüfus oranı: orta<br>Sosyoekonomik gelişmişlik: düşük"}, "geometry": {"type": "LineString", "coordinates": [[30.52359, 39.7832022], [30.5236234, 39.7836406], [30.5236684, 39.7840187], [30.5237231, 39.7844454], [30.5237911, 39.7850042]]}, "bbox": [30.52359, 39.7832022, 30.5237911, 39.7850042]}, {"id": "7050", "type": "Feature", "properties": {"name": "Çatalçeşme Sokak", "_mahalle_str": "Ömerağa Mahallesi", "_hvi_str": "%54", "_aciklama_str": "Sıcaklık: çok yüksek<br>Ağaç örtüsü: orta<br>Hastaneye uzaklık: yakın<br>Yeşil alana uzaklık: çok uzak<br>Yapılaşma yoğunluğu: çok yoğun<br>Nüfus yoğunluğu: seyrek<br>Yaşlı nüfus oranı: orta<br>Çocuk nüfus oranı: orta<br>Sosyoekonomik gelişmişlik: düşük"}, "geometry": {"type": "LineString", "coordinates": [[30.5215619, 39.7832807], [30.5214735, 39.7832128], [30.5208754, 39.7826017]]}, "bbox": [30.5208754, 39.7826017, 30.5215619, 39.7832807]}, {"id": "7053", "type": "Feature", "properties": {"name": "Turgut Reis Caddesi", "_mahalle_str": "Ömerağa Mahallesi", "_hvi_str": "%55", "_aciklama_str": "Sıcaklık: çok yüksek<br>Ağaç örtüsü: düşük<br>Hastaneye uzaklık: yakın<br>Yeşil alana uzaklık: uzak<br>Yapılaşma yoğunluğu: çok yoğun<br>Nüfus yoğunluğu: seyrek<br>Yaşlı nüfus oranı: orta<br>Çocuk nüfus oranı: orta<br>Sosyoekonomik gelişmişlik: düşük"}, "geometry": {"type": "LineString", "coordinates": [[30.523669, 39.7861308], [30.5233933, 39.7860277], [30.5230414, 39.7858903], [30.5227334, 39.7857077], [30.5224577, 39.7855442], [30.5219114, 39.7849564]]}, "bbox": [30.5219114, 39.7849564, 30.523669, 39.7861308]}, {"id": "7054", "type": "Feature", "properties": {"name": "Akçiğdem Sokak", "_mahalle_str": "Ömerağa Mahallesi", "_hvi_str": "%52", "_aciklama_str": "Sıcaklık: çok yüksek<br>Ağaç örtüsü: düşük<br>Hastaneye uzaklık: çok yakın<br>Yeşil alana uzaklık: uzak<br>Yapılaşma yoğunluğu: çok yoğun<br>Nüfus yoğunluğu: seyrek<br>Yaşlı nüfus oranı: orta<br>Çocuk nüfus oranı: orta<br>Sosyoekonomik gelişmişlik: düşük"}, "geometry": {"type": "LineString", "coordinates": [[30.523669, 39.7861308], [30.5237438, 39.7858311], [30.5237934, 39.7857953], [30.5238602, 39.7857758], [30.5241266, 39.7857388], [30.5245469, 39.7856418], [30.5249422, 39.7855307]]}, "bbox": [30.523669, 39.7855307, 30.5249422, 39.7861308]}, {"id": "7055", "type": "Feature", "properties": {"name": "Yenibahçe Sokak", "_mahalle_str": "Tunalı Mahallesi", "_hvi_str": "%51", "_aciklama_str": "Sıcaklık: çok yüksek<br>Ağaç örtüsü: çok düşük<br>Hastaneye uzaklık: çok yakın<br>Yeşil alana uzaklık: uzak<br>Yapılaşma yoğunluğu: çok yoğun<br>Nüfus yoğunluğu: seyrek<br>Yaşlı nüfus oranı: orta<br>Çocuk nüfus oranı: orta<br>Sosyoekonomik gelişmişlik: düşük"}, "geometry": {"type": "LineString", "coordinates": [[30.5244292, 39.786415], [30.5243919, 39.7869535], [30.5243807, 39.7872011], [30.5243555, 39.7877562], [30.5243329, 39.788197]]}, "bbox": [30.5243329, 39.786415, 30.5244292, 39.788197]}, {"id": "7056", "type": "Feature", "properties": {"name": "Turgut Reis Caddesi", "_mahalle_str": "Tunalı Mahallesi", "_hvi_str": "%52", "_aciklama_str": "Sıcaklık: çok yüksek<br>Ağaç örtüsü: çok düşük<br>Hastaneye uzaklık: çok yakın<br>Yeşil alana uzaklık: uzak<br>Yapılaşma yoğunluğu: çok yoğun<br>Nüfus yoğunluğu: seyrek<br>Yaşlı nüfus oranı: orta<br>Çocuk nüfus oranı: orta<br>Sosyoekonomik gelişmişlik: düşük"}, "geometry": {"type": "LineString", "coordinates": [[30.5244292, 39.786415], [30.523669, 39.7861308]]}, "bbox": [30.523669, 39.7861308, 30.5244292, 39.786415]}, {"id": "7059", "type": "Feature", "properties": {"name": "Barışmak Sokak", "_mahalle_str": "Tunalı Mahallesi", "_hvi_str": "%55", "_aciklama_str": "Sıcaklık: çok yüksek<br>Ağaç örtüsü: düşük<br>Hastaneye uzaklık: çok yakın<br>Yeşil alana uzaklık: uzak<br>Yapılaşma yoğunluğu: çok yoğun<br>Nüfus yoğunluğu: seyrek<br>Yaşlı nüfus oranı: orta<br>Çocuk nüfus oranı: orta<br>Sosyoekonomik gelişmişlik: düşük"}, "geometry": {"type": "LineString", "coordinates": [[30.5219114, 39.7849564], [30.5212087, 39.7849319], [30.5206276, 39.7849818], [30.5204748, 39.7849147], [30.5190867, 39.7845446]]}, "bbox": [30.5190867, 39.7845446, 30.5219114, 39.7849818]}, {"id": "7060", "type": "Feature", "properties": {"name": "Turgut Reis Caddesi", "_mahalle_str": "Tunalı Mahallesi", "_hvi_str": "%57", "_aciklama_str": "Sıcaklık: çok yüksek<br>Ağaç örtüsü: düşük<br>Hastaneye uzaklık: yakın<br>Yeşil alana uzaklık: çok uzak<br>Yapılaşma yoğunluğu: çok yoğun<br>Nüfus yoğunluğu: seyrek<br>Yaşlı nüfus oranı: orta<br>Çocuk nüfus oranı: orta<br>Sosyoekonomik gelişmişlik: düşük"}, "geometry": {"type": "LineString", "coordinates": [[30.5219114, 39.7849564], [30.5211848, 39.7841826]]}, "bbox": [30.5211848, 39.7841826, 30.5219114, 39.7849564]}, {"id": "7062", "type": "Feature", "properties": {"name": "Sakarya-2 Caddesi", "_mahalle_str": "Güllük Mahallesi", "_hvi_str": "%56", "_aciklama_str": "Sıcaklık: yüksek<br>Ağaç örtüsü: çok düşük<br>Hastaneye uzaklık: çok yakın<br>Yeşil alana uzaklık: çok uzak<br>Yapılaşma yoğunluğu: çok yoğun<br>Nüfus yoğunluğu: seyrek<br>Yaşlı nüfus oranı: orta<br>Çocuk nüfus oranı: orta<br>Sosyoekonomik gelişmişlik: düşük"}, "geometry": {"type": "LineString", "coordinates": [[30.51844, 39.782889], [30.5184894, 39.7832165], [30.5185611, 39.7836173]]}, "bbox": [30.51844, 39.782889, 30.5185611, 39.7836173]}, {"id": "7063", "type": "Feature", "properties": {"name": "Çamlıca Sokak", "_mahalle_str": "Güllük Mahallesi", "_hvi_str": "%53", "_aciklama_str": "Sıcaklık: yüksek<br>Ağaç örtüsü: çok düşük<br>Hastaneye uzaklık: çok yakın<br>Yeşil alana uzaklık: çok uzak<br>Yapılaşma yoğunluğu: çok yoğun<br>Nüfus yoğunluğu: seyrek<br>Yaşlı nüfus oranı: orta<br>Çocuk nüfus oranı: orta<br>Sosyoekonomik gelişmişlik: düşük"}, "geometry": {"type": "LineString", "coordinates": [[30.51844, 39.782889], [30.5177636, 39.7828684], [30.5173014, 39.7828336], [30.5166306, 39.7828002], [30.5158023, 39.7827023], [30.5157648, 39.7826159]]}, "bbox": [30.5157648, 39.7826159, 30.51844, 39.782889]}, {"id": "7122", "type": "Feature", "properties": {"name": "Çakırefe Sokak", "_mahalle_str": "Şirintepe Mahallesi", "_hvi_str": "%51", "_aciklama_str": "Sıcaklık: yüksek<br>Ağaç örtüsü: çok düşük<br>Hastaneye uzaklık: orta<br>Yeşil alana uzaklık: çok yakın<br>Yapılaşma yoğunluğu: çok yoğun<br>Nüfus yoğunluğu: seyrek<br>Yaşlı nüfus oranı: orta<br>Çocuk nüfus oranı: orta<br>Sosyoekonomik gelişmişlik: düşük"}, "geometry": {"type": "LineString", "coordinates": [[30.4894971, 39.7931914], [30.4895826, 39.7927836], [30.4896874, 39.7923614], [30.4897182, 39.7919792]]}, "bbox": [30.4894971, 39.7919792, 30.4897182, 39.7931914]}, {"id": "7123", "type": "Feature", "properties": {"name": "Kamer Sokak", "_mahalle_str": "Şirintepe Mahallesi", "_hvi_str": "%55", "_aciklama_str": "Sıcaklık: orta<br>Ağaç örtüsü: düşük<br>Hastaneye uzaklık: uzak<br>Yeşil alana uzaklık: orta<br>Yapılaşma yoğunluğu: çok yoğun<br>Nüfus yoğunluğu: seyrek<br>Yaşlı nüfus oranı: orta<br>Çocuk nüfus oranı: orta<br>Sosyoekonomik gelişmişlik: düşük"}, "geometry": {"type": "LineString", "coordinates": [[30.4918228, 39.7976626], [30.4919018, 39.7978383], [30.4921299, 39.7982413], [30.4922699, 39.7984244], [30.4923201, 39.7985721]]}, "bbox": [30.4918228, 39.7976626, 30.4923201, 39.7985721]}, {"id": "7124", "type": "Feature", "properties": {"name": "Çavuşlar Sokak", "_mahalle_str": "Şirintepe Mahallesi", "_hvi_str": "%54", "_aciklama_str": "Sıcaklık: düşük<br>Ağaç örtüsü: düşük<br>Hastaneye uzaklık: orta<br>Yeşil alana uzaklık: orta<br>Yapılaşma yoğunluğu: çok yoğun<br>Nüfus yoğunluğu: seyrek<br>Yaşlı nüfus oranı: orta<br>Çocuk nüfus oranı: orta<br>Sosyoekonomik gelişmişlik: düşük"}, "geometry": {"type": "LineString", "coordinates": [[30.4918228, 39.7976626], [30.4919513, 39.797632], [30.4920138, 39.7976172], [30.4921038, 39.7975668], [30.4921526, 39.7975205], [30.4922794, 39.7973762], [30.4925121, 39.7970516], [30.4927175, 39.796759]]}, "bbox": [30.4918228, 39.796759, 30.4927175, 39.7976626]}, {"id": "7125", "type": "Feature", "properties": {"name": "Kamer Sokak", "_mahalle_str": "Şirintepe Mahallesi", "_hvi_str": "%56", "_aciklama_str": "Sıcaklık: orta<br>Ağaç örtüsü: çok düşük<br>Hastaneye uzaklık: uzak<br>Yeşil alana uzaklık: orta<br>Yapılaşma yoğunluğu: çok yoğun<br>Nüfus yoğunluğu: seyrek<br>Yaşlı nüfus oranı: orta<br>Çocuk nüfus oranı: orta<br>Sosyoekonomik gelişmişlik: düşük"}, "geometry": {"type": "LineString", "coordinates": [[30.4923201, 39.7985721], [30.492477, 39.7987752]]}, "bbox": [30.4923201, 39.7985721, 30.492477, 39.7987752]}, {"id": "7126", "type": "Feature", "properties": {"name": "Pınarcı Sokak", "_mahalle_str": "Yeşiltepe Mahallesi", "_hvi_str": "%52", "_aciklama_str": "Sıcaklık: düşük<br>Ağaç örtüsü: orta<br>Hastaneye uzaklık: orta<br>Yeşil alana uzaklık: yakın<br>Yapılaşma yoğunluğu: çok yoğun<br>Nüfus yoğunluğu: seyrek<br>Yaşlı nüfus oranı: orta<br>Çocuk nüfus oranı: orta<br>Sosyoekonomik gelişmişlik: düşük"}, "geometry": {"type": "LineString", "coordinates": [[30.492477, 39.7987752], [30.4925938, 39.7988464], [30.4926598, 39.7988561], [30.4927498, 39.798857], [30.4928835, 39.7988953], [30.4930307, 39.7989467], [30.4932582, 39.7990104], [30.493412, 39.7990554], [30.4935767, 39.799098], [30.4936049, 39.7991064], [30.493691, 39.7991317], [30.4940526, 39.7992561], [30.4942616, 39.7993102], [30.4944192, 39.7993422]]}, "bbox": [30.492477, 39.7987752, 30.4944192, 39.7993422]}, {"id": "7135", "type": "Feature", "properties": {"name": "Birkurt Sokak", "_mahalle_str": "Şirintepe Mahallesi", "_hvi_str": "%51", "_aciklama_str": "Sıcaklık: orta<br>Ağaç örtüsü: düşük<br>Hastaneye uzaklık: yakın<br>Yeşil alana uzaklık: uzak<br>Yapılaşma yoğunluğu: çok yoğun<br>Nüfus yoğunluğu: seyrek<br>Yaşlı nüfus oranı: orta<br>Çocuk nüfus oranı: orta<br>Sosyoekonomik gelişmişlik: düşük"}, "geometry": {"type": "LineString", "coordinates": [[30.4849242, 39.7932595], [30.4848554, 39.793758], [30.4847953, 39.7941976], [30.4846932, 39.7948864], [30.4846299, 39.795216], [30.4845927, 39.7953419], [30.4844815, 39.7956178], [30.4844183, 39.7957934], [30.4843891, 39.7959112], [30.4842961, 39.796271], [30.4843289, 39.7972745], [30.4843578, 39.7978643], [30.4843721, 39.7983226], [30.484366, 39.7987849], [30.4844232, 39.79883], [30.4844548, 39.7991514], [30.4844595, 39.7992182], [30.4844821, 39.7996241], [30.4844871, 39.7996855], [30.4845263, 39.8000321], [30.4845358, 39.8001333], [30.4845472, 39.8002538], [30.4845587, 39.8004429], [30.4845514, 39.8008921]]}, "bbox": [30.4842961, 39.7932595, 30.4849242, 39.8008921]}, {"id": "7136", "type": "Feature", "properties": {"name": "Özbay Sokak", "_mahalle_str": "Şirintepe Mahallesi", "_hvi_str": "%51", "_aciklama_str": "Sıcaklık: orta<br>Ağaç örtüsü: düşük<br>Hastaneye uzaklık: yakın<br>Yeşil alana uzaklık: orta<br>Yapılaşma yoğunluğu: çok yoğun<br>Nüfus yoğunluğu: seyrek<br>Yaşlı nüfus oranı: orta<br>Çocuk nüfus oranı: orta<br>Sosyoekonomik gelişmişlik: düşük"}, "geometry": {"type": "LineString", "coordinates": [[30.4849737, 39.7993671], [30.4849407, 39.7991796], [30.4849154, 39.7989724], [30.4849038, 39.7987351], [30.484963, 39.7984741], [30.4850019, 39.7980677], [30.4850186, 39.7978884], [30.4850348, 39.7977136], [30.4850591, 39.7973885], [30.4850749, 39.7972249], [30.4850968, 39.7969979], [30.4851284, 39.7966606], [30.4851503, 39.7962948]]}, "bbox": [30.4849038, 39.7962948, 30.4851503, 39.7993671]}, {"id": "7138", "type": "Feature", "properties": {"name": "Merkez Sokak", "_mahalle_str": "Şirintepe Mahallesi", "_hvi_str": "%51", "_aciklama_str": "Sıcaklık: çok yüksek<br>Ağaç örtüsü: çok düşük<br>Hastaneye uzaklık: uzak<br>Yeşil alana uzaklık: uzak<br>Yapılaşma yoğunluğu: yoğun<br>Nüfus yoğunluğu: seyrek<br>Yaşlı nüfus oranı: orta<br>Çocuk nüfus oranı: orta<br>Sosyoekonomik gelişmişlik: düşük"}, "geometry": {"type": "LineString", "coordinates": [[30.4816495, 39.8010638], [30.4816328, 39.8010237], [30.481591, 39.8008809], [30.481613, 39.8004237], [30.4816479, 39.7996977], [30.4817639, 39.7978069]]}, "bbox": [30.481591, 39.7978069, 30.4817639, 39.8010638]}, {"id": "7139", "type": "Feature", "properties": {"name": "Oyma Sokak", "_mahalle_str": "Şirintepe Mahallesi", "_hvi_str": "%53", "_aciklama_str": "Sıcaklık: çok yüksek<br>Ağaç örtüsü: çok düşük<br>Hastaneye uzaklık: orta<br>Yeşil alana uzaklık: orta<br>Yapılaşma yoğunluğu: çok yoğun<br>Nüfus yoğunluğu: seyrek<br>Yaşlı nüfus oranı: orta<br>Çocuk nüfus oranı: orta<br>Sosyoekonomik gelişmişlik: düşük"}, "geometry": {"type": "LineString", "coordinates": [[30.4817639, 39.7978069], [30.4817655, 39.7973583], [30.4817585, 39.7971186], [30.4817595, 39.7970619], [30.4816891, 39.7967788], [30.4818444, 39.7960965], [30.4818793, 39.795906], [30.4820106, 39.7951897]]}, "bbox": [30.4816891, 39.7951897, 30.4820106, 39.7978069]}, {"id": "7140", "type": "Feature", "properties": {"name": null, "_mahalle_str": "Şirintepe Mahallesi", "_hvi_str": "%51", "_aciklama_str": "Sıcaklık: yüksek<br>Ağaç örtüsü: düşük<br>Hastaneye uzaklık: uzak<br>Yeşil alana uzaklık: çok yakın<br>Yapılaşma yoğunluğu: çok yoğun<br>Nüfus yoğunluğu: seyrek<br>Yaşlı nüfus oranı: orta<br>Çocuk nüfus oranı: orta<br>Sosyoekonomik gelişmişlik: düşük"}, "geometry": {"type": "LineString", "coordinates": [[30.4800455, 39.7975813], [30.480298, 39.797051], [30.4805344, 39.7965209]]}, "bbox": [30.4800455, 39.7965209, 30.4805344, 39.7975813]}, {"id": "7142", "type": "Feature", "properties": {"name": "Ülkümen Sokak", "_mahalle_str": "Şirintepe Mahallesi", "_hvi_str": "%52", "_aciklama_str": "Sıcaklık: yüksek<br>Ağaç örtüsü: çok düşük<br>Hastaneye uzaklık: yakın<br>Yeşil alana uzaklık: orta<br>Yapılaşma yoğunluğu: çok yoğun<br>Nüfus yoğunluğu: seyrek<br>Yaşlı nüfus oranı: orta<br>Çocuk nüfus oranı: orta<br>Sosyoekonomik gelişmişlik: düşük"}, "geometry": {"type": "LineString", "coordinates": [[30.4856781, 39.7932894], [30.4853581, 39.7932767], [30.4849242, 39.7932595]]}, "bbox": [30.4849242, 39.7932595, 30.4856781, 39.7932894]}, {"id": "7145", "type": "Feature", "properties": {"name": "Bursa Cadde", "_mahalle_str": "Şirintepe Mahallesi", "_hvi_str": "%56", "_aciklama_str": "Sıcaklık: orta<br>Ağaç örtüsü: düşük<br>Hastaneye uzaklık: uzak<br>Yeşil alana uzaklık: uzak<br>Yapılaşma yoğunluğu: çok yoğun<br>Nüfus yoğunluğu: seyrek<br>Yaşlı nüfus oranı: orta<br>Çocuk nüfus oranı: orta<br>Sosyoekonomik gelişmişlik: düşük"}, "geometry": {"type": "LineString", "coordinates": [[30.4772671, 39.7945015], [30.4765169, 39.795153]]}, "bbox": [30.4765169, 39.7945015, 30.4772671, 39.795153]}, {"id": "7146", "type": "Feature", "properties": {"name": "Ceyda Sokak", "_mahalle_str": "Şirintepe Mahallesi", "_hvi_str": "%55", "_aciklama_str": "Sıcaklık: yüksek<br>Ağaç örtüsü: çok düşük<br>Hastaneye uzaklık: uzak<br>Yeşil alana uzaklık: yakın<br>Yapılaşma yoğunluğu: çok yoğun<br>Nüfus yoğunluğu: seyrek<br>Yaşlı nüfus oranı: orta<br>Çocuk nüfus oranı: orta<br>Sosyoekonomik gelişmişlik: düşük"}, "geometry": {"type": "LineString", "coordinates": [[30.4772671, 39.7945015], [30.4768672, 39.7942386], [30.4764633, 39.7939352], [30.4760622, 39.7936564], [30.4756882, 39.793416], [30.4755964, 39.7933567]]}, "bbox": [30.4755964, 39.7933567, 30.4772671, 39.7945015]}, {"id": "7147", "type": "Feature", "properties": {"name": "Metiner Sokak", "_mahalle_str": "Şirintepe Mahallesi", "_hvi_str": "%53", "_aciklama_str": "Sıcaklık: çok yüksek<br>Ağaç örtüsü: yüksek<br>Hastaneye uzaklık: uzak<br>Yeşil alana uzaklık: çok yakın<br>Yapılaşma yoğunluğu: çok yoğun<br>Nüfus yoğunluğu: seyrek<br>Yaşlı nüfus oranı: orta<br>Çocuk nüfus oranı: orta<br>Sosyoekonomik gelişmişlik: düşük"}, "geometry": {"type": "LineString", "coordinates": [[30.4790135, 39.7947334], [30.4790908, 39.7945746], [30.4793836, 39.7940793]]}, "bbox": [30.4790135, 39.7940793, 30.4793836, 39.7947334]}, {"id": "7148", "type": "Feature", "properties": {"name": "Başaranlar Sokak", "_mahalle_str": "Şirintepe Mahallesi", "_hvi_str": "%56", "_aciklama_str": "Sıcaklık: yüksek<br>Ağaç örtüsü: çok düşük<br>Hastaneye uzaklık: uzak<br>Yeşil alana uzaklık: yakın<br>Yapılaşma yoğunluğu: çok yoğun<br>Nüfus yoğunluğu: seyrek<br>Yaşlı nüfus oranı: orta<br>Çocuk nüfus oranı: orta<br>Sosyoekonomik gelişmişlik: düşük"}, "geometry": {"type": "LineString", "coordinates": [[30.4790135, 39.7947334], [30.4785968, 39.7946823], [30.4783846, 39.7946377], [30.4782088, 39.7945844], [30.4780678, 39.7945351], [30.4779259, 39.7944262]]}, "bbox": [30.4779259, 39.7944262, 30.4790135, 39.7947334]}, {"id": "7149", "type": "Feature", "properties": {"name": "Seki Sokak", "_mahalle_str": "Şirintepe Mahallesi", "_hvi_str": "%53", "_aciklama_str": "Sıcaklık: yüksek<br>Ağaç örtüsü: düşük<br>Hastaneye uzaklık: uzak<br>Yeşil alana uzaklık: yakın<br>Yapılaşma yoğunluğu: çok yoğun<br>Nüfus yoğunluğu: seyrek<br>Yaşlı nüfus oranı: orta<br>Çocuk nüfus oranı: orta<br>Sosyoekonomik gelişmişlik: düşük"}, "geometry": {"type": "LineString", "coordinates": [[30.478782, 39.79616], [30.4788521, 39.796179], [30.4792328, 39.7962673], [30.4794723, 39.7963228], [30.4796349, 39.7963567], [30.4796887, 39.796368], [30.4798128, 39.7963938], [30.4800689, 39.7964391], [30.4805344, 39.7965209], [30.4810125, 39.796623], [30.4810702, 39.7966368], [30.4812893, 39.7966854], [30.4813487, 39.7966969], [30.4816891, 39.7967788]]}, "bbox": [30.478782, 39.79616, 30.4816891, 39.7967788]}, {"id": "7150", "type": "Feature", "properties": {"name": "Kenar Sokak", "_mahalle_str": "Şirintepe Mahallesi", "_hvi_str": "%54", "_aciklama_str": "Sıcaklık: yüksek<br>Ağaç örtüsü: düşük<br>Hastaneye uzaklık: uzak<br>Yeşil alana uzaklık: çok yakın<br>Yapılaşma yoğunluğu: çok yoğun<br>Nüfus yoğunluğu: seyrek<br>Yaşlı nüfus oranı: orta<br>Çocuk nüfus oranı: orta<br>Sosyoekonomik gelişmişlik: düşük"}, "geometry": {"type": "LineString", "coordinates": [[30.478782, 39.79616], [30.478994, 39.7954888], [30.4792716, 39.7947737], [30.4796797, 39.794149]]}, "bbox": [30.478782, 39.794149, 30.4796797, 39.79616]}, {"id": "7151", "type": "Feature", "properties": {"name": "Başaranlar Sokak", "_mahalle_str": "Şirintepe Mahallesi", "_hvi_str": "%56", "_aciklama_str": "Sıcaklık: yüksek<br>Ağaç örtüsü: çok düşük<br>Hastaneye uzaklık: orta<br>Yeşil alana uzaklık: orta<br>Yapılaşma yoğunluğu: çok yoğun<br>Nüfus yoğunluğu: seyrek<br>Yaşlı nüfus oranı: orta<br>Çocuk nüfus oranı: orta<br>Sosyoekonomik gelişmişlik: düşük"}, "geometry": {"type": "LineString", "coordinates": [[30.4820106, 39.7951897], [30.4815984, 39.795127], [30.4813272, 39.7950884], [30.4811512, 39.7950621], [30.4807466, 39.7949948], [30.4804095, 39.794946], [30.4798118, 39.7948611]]}, "bbox": [30.4798118, 39.7948611, 30.4820106, 39.7951897]}, {"id": "7152", "type": "Feature", "properties": {"name": "Oyma Sokak", "_mahalle_str": "Şirintepe Mahallesi", "_hvi_str": "%52", "_aciklama_str": "Sıcaklık: yüksek<br>Ağaç örtüsü: orta<br>Hastaneye uzaklık: orta<br>Yeşil alana uzaklık: orta<br>Yapılaşma yoğunluğu: çok yoğun<br>Nüfus yoğunluğu: seyrek<br>Yaşlı nüfus oranı: orta<br>Çocuk nüfus oranı: orta<br>Sosyoekonomik gelişmişlik: düşük"}, "geometry": {"type": "LineString", "coordinates": [[30.4820106, 39.7951897], [30.4821035, 39.7948441], [30.4821893, 39.794502], [30.4821984, 39.7942252], [30.4822, 39.7937642], [30.4821893, 39.7933025], [30.4822, 39.7928368], [30.4821877, 39.7923333], [30.4821586, 39.791778]]}, "bbox": [30.4820106, 39.791778, 30.4822, 39.7951897]}, {"id": "7153", "type": "Feature", "properties": {"name": "Burculu Sokak", "_mahalle_str": "Şirintepe Mahallesi", "_hvi_str": "%55", "_aciklama_str": "Sıcaklık: yüksek<br>Ağaç örtüsü: düşük<br>Hastaneye uzaklık: uzak<br>Yeşil alana uzaklık: çok yakın<br>Yapılaşma yoğunluğu: çok yoğun<br>Nüfus yoğunluğu: seyrek<br>Yaşlı nüfus oranı: orta<br>Çocuk nüfus oranı: orta<br>Sosyoekonomik gelişmişlik: düşük"}, "geometry": {"type": "LineString", "coordinates": [[30.4798118, 39.7948611], [30.4801095, 39.7942713]]}, "bbox": [30.4798118, 39.7942713, 30.4801095, 39.7948611]}, {"id": "7154", "type": "Feature", "properties": {"name": "Başaranlar Sokak", "_mahalle_str": "Şirintepe Mahallesi", "_hvi_str": "%56", "_aciklama_str": "Sıcaklık: çok yüksek<br>Ağaç örtüsü: düşük<br>Hastaneye uzaklık: uzak<br>Yeşil alana uzaklık: çok yakın<br>Yapılaşma yoğunluğu: çok yoğun<br>Nüfus yoğunluğu: seyrek<br>Yaşlı nüfus oranı: orta<br>Çocuk nüfus oranı: orta<br>Sosyoekonomik gelişmişlik: düşük"}, "geometry": {"type": "LineString", "coordinates": [[30.4798118, 39.7948611], [30.4795463, 39.7948182], [30.4792716, 39.7947737], [30.4790135, 39.7947334]]}, "bbox": [30.4790135, 39.7947334, 30.4798118, 39.7948611]}, {"id": "7156", "type": "Feature", "properties": {"name": "Örme Sokak", "_mahalle_str": "Şirintepe Mahallesi", "_hvi_str": "%57", "_aciklama_str": "Sıcaklık: çok yüksek<br>Ağaç örtüsü: çok düşük<br>Hastaneye uzaklık: orta<br>Yeşil alana uzaklık: uzak<br>Yapılaşma yoğunluğu: çok yoğun<br>Nüfus yoğunluğu: seyrek<br>Yaşlı nüfus oranı: orta<br>Çocuk nüfus oranı: orta<br>Sosyoekonomik gelişmişlik: düşük"}, "geometry": {"type": "LineString", "coordinates": [[30.4853037, 39.7937725], [30.4848554, 39.793758], [30.4837347, 39.7937216], [30.4836843, 39.7937228], [30.4827773, 39.7937441], [30.4822, 39.7937642], [30.4807978, 39.7937806], [30.4805797, 39.7937773], [30.4801867, 39.7937374], [30.4797237, 39.7936577], [30.4793712, 39.7936045], [30.4788154, 39.7935057], [30.4783167, 39.7934356], [30.4782101, 39.7934119], [30.478048, 39.7933538]]}, "bbox": [30.478048, 39.7933538, 30.4853037, 39.7937806]}, {"id": "7157", "type": "Feature", "properties": {"name": "Gülbaktı Sokak", "_mahalle_str": "Şirintepe Mahallesi", "_hvi_str": "%54", "_aciklama_str": "Sıcaklık: orta<br>Ağaç örtüsü: düşük<br>Hastaneye uzaklık: uzak<br>Yeşil alana uzaklık: orta<br>Yapılaşma yoğunluğu: çok yoğun<br>Nüfus yoğunluğu: seyrek<br>Yaşlı nüfus oranı: orta<br>Çocuk nüfus oranı: orta<br>Sosyoekonomik gelişmişlik: düşük"}, "geometry": {"type": "LineString", "coordinates": [[30.4774883, 39.7980898], [30.4779055, 39.7969849], [30.4783089, 39.7960365], [30.4785023, 39.7957949], [30.4787415, 39.7953006], [30.4790135, 39.7947334]]}, "bbox": [30.4774883, 39.7947334, 30.4790135, 39.7980898]}, {"id": "7170", "type": "Feature", "properties": {"name": "Dural Sokak", "_mahalle_str": "Mamure Mahallesi", "_hvi_str": "%52", "_aciklama_str": "Sıcaklık: çok yüksek<br>Ağaç örtüsü: düşük<br>Hastaneye uzaklık: çok yakın<br>Yeşil alana uzaklık: çok uzak<br>Yapılaşma yoğunluğu: çok yoğun<br>Nüfus yoğunluğu: seyrek<br>Yaşlı nüfus oranı: orta<br>Çocuk nüfus oranı: orta<br>Sosyoekonomik gelişmişlik: düşük"}, "geometry": {"type": "LineString", "coordinates": [[30.5234832, 39.777957], [30.5237314, 39.7783608], [30.5242262, 39.779141]]}, "bbox": [30.5234832, 39.777957, 30.5242262, 39.779141]}, {"id": "7171", "type": "Feature", "properties": {"name": "Rıdvan Sokak", "_mahalle_str": "Mustafa Kemal Paşa Mahallesi", "_hvi_str": "%52", "_aciklama_str": "Sıcaklık: çok yüksek<br>Ağaç örtüsü: düşük<br>Hastaneye uzaklık: çok yakın<br>Yeşil alana uzaklık: çok uzak<br>Yapılaşma yoğunluğu: çok yoğun<br>Nüfus yoğunluğu: seyrek<br>Yaşlı nüfus oranı: orta<br>Çocuk nüfus oranı: orta<br>Sosyoekonomik gelişmişlik: düşük"}, "geometry": {"type": "LineString", "coordinates": [[30.5243155, 39.7777255], [30.5239957, 39.7778144], [30.5234832, 39.777957], [30.5230843, 39.778068], [30.5227011, 39.7781564]]}, "bbox": [30.5227011, 39.7777255, 30.5243155, 39.7781564]}, {"id": "7177", "type": "Feature", "properties": {"name": null, "_mahalle_str": "Fatih Mahallesi", "_hvi_str": "%52", "_aciklama_str": "Sıcaklık: çok yüksek<br>Ağaç örtüsü: düşük<br>Hastaneye uzaklık: yakın<br>Yeşil alana uzaklık: orta<br>Yapılaşma yoğunluğu: çok yoğun<br>Nüfus yoğunluğu: seyrek<br>Yaşlı nüfus oranı: orta<br>Çocuk nüfus oranı: orta<br>Sosyoekonomik gelişmişlik: düşük"}, "geometry": {"type": "LineString", "coordinates": [[30.52175, 39.7926514], [30.5217826, 39.7921757], [30.5218286, 39.7917194], [30.521927, 39.7909312], [30.5220279, 39.7904276]]}, "bbox": [30.52175, 39.7904276, 30.5220279, 39.7926514]}, {"id": "7178", "type": "Feature", "properties": {"name": "Uygun Sokak", "_mahalle_str": "Kumlubel Mahallesi", "_hvi_str": "%54", "_aciklama_str": "Sıcaklık: çok yüksek<br>Ağaç örtüsü: çok düşük<br>Hastaneye uzaklık: orta<br>Yeşil alana uzaklık: uzak<br>Yapılaşma yoğunluğu: çok yoğun<br>Nüfus yoğunluğu: seyrek<br>Yaşlı nüfus oranı: orta<br>Çocuk nüfus oranı: orta<br>Sosyoekonomik gelişmişlik: düşük"}, "geometry": {"type": "LineString", "coordinates": [[30.52175, 39.7926514], [30.5211548, 39.7926133], [30.519782, 39.7924882], [30.5187062, 39.7923722]]}, "bbox": [30.5187062, 39.7923722, 30.52175, 39.7926514]}, {"id": "7179", "type": "Feature", "properties": {"name": null, "_mahalle_str": "Fatih Mahallesi", "_hvi_str": "%50", "_aciklama_str": "Sıcaklık: çok yüksek<br>Ağaç örtüsü: çok düşük<br>Hastaneye uzaklık: çok yakın<br>Yeşil alana uzaklık: orta<br>Yapılaşma yoğunluğu: çok yoğun<br>Nüfus yoğunluğu: seyrek<br>Yaşlı nüfus oranı: orta<br>Çocuk nüfus oranı: orta<br>Sosyoekonomik gelişmişlik: düşük"}, "geometry": {"type": "LineString", "coordinates": [[30.5222549, 39.7926847], [30.5223428, 39.7920264], [30.5224075, 39.7914866], [30.5224698, 39.7909569], [30.5225537, 39.7903844], [30.5226508, 39.7898908], [30.5226988, 39.7893833], [30.5227455, 39.78897], [30.5227814, 39.7886569], [30.5227333, 39.7882365], [30.5227363, 39.7882025], [30.5227387, 39.7881854], [30.5227397, 39.7881653]]}, "bbox": [30.5222549, 39.7881653, 30.5227814, 39.7926847]}, {"id": "7180", "type": "Feature", "properties": {"name": "Uygun Sokak", "_mahalle_str": "Kumlubel Mahallesi", "_hvi_str": "%51", "_aciklama_str": "Sıcaklık: yüksek<br>Ağaç örtüsü: çok düşük<br>Hastaneye uzaklık: orta<br>Yeşil alana uzaklık: orta<br>Yapılaşma yoğunluğu: çok yoğun<br>Nüfus yoğunluğu: seyrek<br>Yaşlı nüfus oranı: orta<br>Çocuk nüfus oranı: orta<br>Sosyoekonomik gelişmişlik: düşük"}, "geometry": {"type": "LineString", "coordinates": [[30.5222549, 39.7926847], [30.52175, 39.7926514]]}, "bbox": [30.52175, 39.7926514, 30.5222549, 39.7926847]}, {"id": "7188", "type": "Feature", "properties": {"name": "Çukurca Sokak", "_mahalle_str": "Zafer Mahallesi", "_hvi_str": "%52", "_aciklama_str": "Sıcaklık: çok yüksek<br>Ağaç örtüsü: çok düşük<br>Hastaneye uzaklık: yakın<br>Yeşil alana uzaklık: orta<br>Yapılaşma yoğunluğu: çok yoğun<br>Nüfus yoğunluğu: seyrek<br>Yaşlı nüfus oranı: orta<br>Çocuk nüfus oranı: orta<br>Sosyoekonomik gelişmişlik: düşük"}, "geometry": {"type": "LineString", "coordinates": [[30.5250157, 39.7929849], [30.5256036, 39.7930111], [30.5260122, 39.7929971], [30.5265708, 39.7930036]]}, "bbox": [30.5250157, 39.7929849, 30.5265708, 39.7930111]}, {"id": "7192", "type": "Feature", "properties": {"name": "Tuncalı Sokak", "_mahalle_str": "Zafer Mahallesi", "_hvi_str": "%54", "_aciklama_str": "Sıcaklık: çok yüksek<br>Ağaç örtüsü: çok düşük<br>Hastaneye uzaklık: çok yakın<br>Yeşil alana uzaklık: uzak<br>Yapılaşma yoğunluğu: çok yoğun<br>Nüfus yoğunluğu: seyrek<br>Yaşlı nüfus oranı: orta<br>Çocuk nüfus oranı: orta<br>Sosyoekonomik gelişmişlik: düşük"}, "geometry": {"type": "LineString", "coordinates": [[30.5267051, 39.7915458], [30.5267171, 39.791331], [30.5267632, 39.7907733], [30.5266945, 39.7904502], [30.5266229, 39.7901067]]}, "bbox": [30.5266229, 39.7901067, 30.5267632, 39.7915458]}, {"id": "7196", "type": "Feature", "properties": {"name": "Altıner Sokak", "_mahalle_str": "Zafer Mahallesi", "_hvi_str": "%57", "_aciklama_str": "Sıcaklık: yüksek<br>Ağaç örtüsü: düşük<br>Hastaneye uzaklık: orta<br>Yeşil alana uzaklık: orta<br>Yapılaşma yoğunluğu: çok yoğun<br>Nüfus yoğunluğu: seyrek<br>Yaşlı nüfus oranı: orta<br>Çocuk nüfus oranı: orta<br>Sosyoekonomik gelişmişlik: düşük"}, "geometry": {"type": "LineString", "coordinates": [[30.5298554, 39.7917333], [30.5293466, 39.7917941]]}, "bbox": [30.5293466, 39.7917333, 30.5298554, 39.7917941]}, {"id": "7197", "type": "Feature", "properties": {"name": "Sönmez Ocak Sokak", "_mahalle_str": "Zafer Mahallesi", "_hvi_str": "%53", "_aciklama_str": "Sıcaklık: orta<br>Ağaç örtüsü: düşük<br>Hastaneye uzaklık: yakın<br>Yeşil alana uzaklık: orta<br>Yapılaşma yoğunluğu: çok yoğun<br>Nüfus yoğunluğu: seyrek<br>Yaşlı nüfus oranı: orta<br>Çocuk nüfus oranı: orta<br>Sosyoekonomik gelişmişlik: düşük"}, "geometry": {"type": "LineString", "coordinates": [[30.5299255, 39.7910653], [30.5294757, 39.7913659], [30.5293058, 39.7914025], [30.5290068, 39.7914129], [30.5285017, 39.7914728], [30.5283257, 39.7914857], [30.5276345, 39.791517], [30.5273408, 39.7915292], [30.5267051, 39.7915458]]}, "bbox": [30.5267051, 39.7910653, 30.5299255, 39.7915458]}, {"id": "7198", "type": "Feature", "properties": {"name": "Baharözü Sokak", "_mahalle_str": "Zafer Mahallesi", "_hvi_str": "%52", "_aciklama_str": "Sıcaklık: düşük<br>Ağaç örtüsü: düşük<br>Hastaneye uzaklık: yakın<br>Yeşil alana uzaklık: orta<br>Yapılaşma yoğunluğu: çok yoğun<br>Nüfus yoğunluğu: seyrek<br>Yaşlı nüfus oranı: orta<br>Çocuk nüfus oranı: orta<br>Sosyoekonomik gelişmişlik: düşük"}, "geometry": {"type": "LineString", "coordinates": [[30.5299255, 39.7910653], [30.5294293, 39.7906614], [30.5292114, 39.7903714]]}, "bbox": [30.5292114, 39.7903714, 30.5299255, 39.7910653]}, {"id": "7211", "type": "Feature", "properties": {"name": "Fatih Bey Sokak", "_mahalle_str": "Yenidoğan Mahallesi", "_hvi_str": "%52", "_aciklama_str": "Sıcaklık: çok yüksek<br>Ağaç örtüsü: düşük<br>Hastaneye uzaklık: orta<br>Yeşil alana uzaklık: uzak<br>Yapılaşma yoğunluğu: çok yoğun<br>Nüfus yoğunluğu: çok yoğun<br>Yaşlı nüfus oranı: orta<br>Çocuk nüfus oranı: orta<br>Sosyoekonomik gelişmişlik: çok yüksek"}, "geometry": {"type": "LineString", "coordinates": [[30.5453632, 39.7645484], [30.5462604, 39.764348], [30.5482199, 39.7639057], [30.5484263, 39.763879]]}, "bbox": [30.5453632, 39.763879, 30.5484263, 39.7645484]}, {"id": "7213", "type": "Feature", "properties": {"name": "Sevinç Caddesi", "_mahalle_str": "Huzur Mahallesi", "_hvi_str": "%50", "_aciklama_str": "Sıcaklık: orta<br>Ağaç örtüsü: düşük<br>Hastaneye uzaklık: orta<br>Yeşil alana uzaklık: uzak<br>Yapılaşma yoğunluğu: çok yoğun<br>Nüfus yoğunluğu: çok yoğun<br>Yaşlı nüfus oranı: orta<br>Çocuk nüfus oranı: orta<br>Sosyoekonomik gelişmişlik: çok yüksek"}, "geometry": {"type": "LineString", "coordinates": [[30.5511901, 39.7634883], [30.5511295, 39.7633662], [30.551063, 39.7631711], [30.5509745, 39.7627669], [30.5508431, 39.7622494], [30.5508284, 39.7621853], [30.5506683, 39.7617694], [30.5505212, 39.7614639], [30.5502664, 39.7611051], [30.5500921, 39.7609278], [30.5500357, 39.7608536], [30.54951, 39.7605154], [30.5491613, 39.760136], [30.5489843, 39.7599752], [30.5488046, 39.7597999], [30.5486356, 39.7596824], [30.5481421, 39.7593814]]}, "bbox": [30.5481421, 39.7593814, 30.5511901, 39.7634883]}, {"id": "7214", "type": "Feature", "properties": {"name": "Okulbel Sokak", "_mahalle_str": "Yenidoğan Mahallesi", "_hvi_str": "%59", "_aciklama_str": "Sıcaklık: çok yüksek<br>Ağaç örtüsü: çok düşük<br>Hastaneye uzaklık: orta<br>Yeşil alana uzaklık: uzak<br>Yapılaşma yoğunluğu: çok yoğun<br>Nüfus yoğunluğu: çok yoğun<br>Yaşlı nüfus oranı: orta<br>Çocuk nüfus oranı: orta<br>Sosyoekonomik gelişmişlik: çok yüksek"}, "geometry": {"type": "LineString", "coordinates": [[30.5482199, 39.7639057], [30.5479453, 39.7632753]]}, "bbox": [30.5479453, 39.7632753, 30.5482199, 39.7639057]}, {"id": "7239", "type": "Feature", "properties": {"name": "Yıldızlar Sokak", "_mahalle_str": "Huzur Mahallesi", "_hvi_str": "%55", "_aciklama_str": "Sıcaklık: orta<br>Ağaç örtüsü: yüksek<br>Hastaneye uzaklık: orta<br>Yeşil alana uzaklık: çok uzak<br>Yapılaşma yoğunluğu: çok yoğun<br>Nüfus yoğunluğu: çok yoğun<br>Yaşlı nüfus oranı: orta<br>Çocuk nüfus oranı: orta<br>Sosyoekonomik gelişmişlik: çok yüksek"}, "geometry": {"type": "LineString", "coordinates": [[30.5431128, 39.7605986], [30.5431143, 39.7610145]]}, "bbox": [30.5431128, 39.7605986, 30.5431143, 39.7610145]}, {"id": "7240", "type": "Feature", "properties": {"name": "Huzur Kent Sokak", "_mahalle_str": "Huzur Mahallesi", "_hvi_str": "%53", "_aciklama_str": "Sıcaklık: orta<br>Ağaç örtüsü: yüksek<br>Hastaneye uzaklık: orta<br>Yeşil alana uzaklık: çok uzak<br>Yapılaşma yoğunluğu: çok yoğun<br>Nüfus yoğunluğu: çok yoğun<br>Yaşlı nüfus oranı: orta<br>Çocuk nüfus oranı: orta<br>Sosyoekonomik gelişmişlik: çok yüksek"}, "geometry": {"type": "LineString", "coordinates": [[30.5459051, 39.7625993], [30.5457309, 39.762372], [30.5454436, 39.7619037], [30.5452523, 39.7616441], [30.5452342, 39.76162], [30.5451003, 39.7614418], [30.5447639, 39.7609895], [30.5446137, 39.7607583], [30.5444962, 39.7605979], [30.5443211, 39.7605259], [30.544227, 39.7605101], [30.5441431, 39.7604987], [30.5439339, 39.7605234], [30.5431128, 39.7605986]]}, "bbox": [30.5431128, 39.7604987, 30.5459051, 39.7625993]}, {"id": "7241", "type": "Feature", "properties": {"name": "Doğangün Sokak", "_mahalle_str": "Huzur Mahallesi", "_hvi_str": "%55", "_aciklama_str": "Sıcaklık: çok yüksek<br>Ağaç örtüsü: orta<br>Hastaneye uzaklık: yakın<br>Yeşil alana uzaklık: çok uzak<br>Yapılaşma yoğunluğu: çok yoğun<br>Nüfus yoğunluğu: çok yoğun<br>Yaşlı nüfus oranı: orta<br>Çocuk nüfus oranı: orta<br>Sosyoekonomik gelişmişlik: çok yüksek"}, "geometry": {"type": "LineString", "coordinates": [[30.5489723, 39.7616587], [30.5488341, 39.7614278], [30.5485351, 39.760836], [30.5481984, 39.7602876], [30.5479691, 39.759934]]}, "bbox": [30.5479691, 39.759934, 30.5489723, 39.7616587]}, {"id": "7242", "type": "Feature", "properties": {"name": "Yalı Sokak", "_mahalle_str": "Huzur Mahallesi", "_hvi_str": "%54", "_aciklama_str": "Sıcaklık: yüksek<br>Ağaç örtüsü: yüksek<br>Hastaneye uzaklık: orta<br>Yeşil alana uzaklık: çok uzak<br>Yapılaşma yoğunluğu: çok yoğun<br>Nüfus yoğunluğu: çok yoğun<br>Yaşlı nüfus oranı: orta<br>Çocuk nüfus oranı: orta<br>Sosyoekonomik gelişmişlik: çok yüksek"}, "geometry": {"type": "LineString", "coordinates": [[30.5411459, 39.7598821], [30.5411813, 39.7598657], [30.541359, 39.7597729], [30.5414885, 39.7597112], [30.5417398, 39.7595914], [30.5418325, 39.7595439], [30.5420617, 39.7594265], [30.5421486, 39.7593894], [30.5424227, 39.7592812], [30.5428664, 39.7591461], [30.5429827, 39.7590928], [30.5430659, 39.7590862], [30.5438239, 39.7588965], [30.5439048, 39.7588734], [30.5442423, 39.7587687]]}, "bbox": [30.5411459, 39.7587687, 30.5442423, 39.7598821]}, {"id": "7243", "type": "Feature", "properties": {"name": "Yalı Sokak", "_mahalle_str": "Huzur Mahallesi", "_hvi_str": "%53", "_aciklama_str": "Sıcaklık: yüksek<br>Ağaç örtüsü: orta<br>Hastaneye uzaklık: çok yakın<br>Yeşil alana uzaklık: çok uzak<br>Yapılaşma yoğunluğu: çok yoğun<br>Nüfus yoğunluğu: çok yoğun<br>Yaşlı nüfus oranı: orta<br>Çocuk nüfus oranı: orta<br>Sosyoekonomik gelişmişlik: çok yüksek"}, "geometry": {"type": "LineString", "coordinates": [[30.5442423, 39.7587687], [30.5445664, 39.7588578], [30.5447707, 39.7590141], [30.5450014, 39.7591955], [30.5452294, 39.7593708], [30.5454622, 39.7594454], [30.5457095, 39.7595048], [30.5458569, 39.7595426], [30.5461065, 39.7595626], [30.5467232, 39.7594205], [30.5477049, 39.7591772]]}, "bbox": [30.5442423, 39.7587687, 30.5477049, 39.7595626]}, {"id": "7246", "type": "Feature", "properties": {"name": null, "_mahalle_str": "Huzur Mahallesi", "_hvi_str": "%53", "_aciklama_str": "Sıcaklık: orta<br>Ağaç örtüsü: yüksek<br>Hastaneye uzaklık: orta<br>Yeşil alana uzaklık: çok uzak<br>Yapılaşma yoğunluğu: çok yoğun<br>Nüfus yoğunluğu: çok yoğun<br>Yaşlı nüfus oranı: orta<br>Çocuk nüfus oranı: orta<br>Sosyoekonomik gelişmişlik: çok yüksek"}, "geometry": {"type": "LineString", "coordinates": [[30.5416949, 39.7610754], [30.541849, 39.761065], [30.5420752, 39.7610608], [30.5425433, 39.7610512], [30.5431143, 39.7610145]]}, "bbox": [30.5416949, 39.7610145, 30.5431143, 39.7610754]}, {"id": "7251", "type": "Feature", "properties": {"name": "Beyazıt Sokak", "_mahalle_str": "Güllük Mahallesi", "_hvi_str": "%54", "_aciklama_str": "Sıcaklık: yüksek<br>Ağaç örtüsü: orta<br>Hastaneye uzaklık: yakın<br>Yeşil alana uzaklık: çok uzak<br>Yapılaşma yoğunluğu: çok yoğun<br>Nüfus yoğunluğu: seyrek<br>Yaşlı nüfus oranı: orta<br>Çocuk nüfus oranı: orta<br>Sosyoekonomik gelişmişlik: düşük"}, "geometry": {"type": "LineString", "coordinates": [[30.5185611, 39.7836173], [30.5176763, 39.7837218]]}, "bbox": [30.5176763, 39.7836173, 30.5185611, 39.7837218]}, {"id": "7252", "type": "Feature", "properties": {"name": "Sakarya-2 Caddesi", "_mahalle_str": "Güllük Mahallesi", "_hvi_str": "%51", "_aciklama_str": "Sıcaklık: çok yüksek<br>Ağaç örtüsü: düşük<br>Hastaneye uzaklık: çok yakın<br>Yeşil alana uzaklık: uzak<br>Yapılaşma yoğunluğu: çok yoğun<br>Nüfus yoğunluğu: seyrek<br>Yaşlı nüfus oranı: orta<br>Çocuk nüfus oranı: orta<br>Sosyoekonomik gelişmişlik: düşük"}, "geometry": {"type": "LineString", "coordinates": [[30.5185611, 39.7836173], [30.5186443, 39.7839852], [30.5186669, 39.7840796], [30.5186825, 39.7841669], [30.5187659, 39.78454], [30.51879, 39.7846327], [30.5188725, 39.7849175], [30.5189792, 39.7853521], [30.5190295, 39.7856956], [30.5190338, 39.7859926], [30.5190194, 39.7861137], [30.5189645, 39.7864178], [30.5189313, 39.7865713]]}, "bbox": [30.5185611, 39.7836173, 30.5190338, 39.7865713]}, {"id": "7253", "type": "Feature", "properties": {"name": "Çamlıyol Sokak", "_mahalle_str": "Eskibağlar Mahallesi", "_hvi_str": "%55", "_aciklama_str": "Sıcaklık: çok yüksek<br>Ağaç örtüsü: çok düşük<br>Hastaneye uzaklık: yakın<br>Yeşil alana uzaklık: uzak<br>Yapılaşma yoğunluğu: çok yoğun<br>Nüfus yoğunluğu: seyrek<br>Yaşlı nüfus oranı: orta<br>Çocuk nüfus oranı: orta<br>Sosyoekonomik gelişmişlik: düşük"}, "geometry": {"type": "LineString", "coordinates": [[30.5157648, 39.7826159], [30.5152021, 39.7827283], [30.5148529, 39.7828282], [30.5143347, 39.783011]]}, "bbox": [30.5143347, 39.7826159, 30.5157648, 39.783011]}, {"id": "7254", "type": "Feature", "properties": {"name": null, "_mahalle_str": "Güllük Mahallesi", "_hvi_str": "%52", "_aciklama_str": "Sıcaklık: yüksek<br>Ağaç örtüsü: düşük<br>Hastaneye uzaklık: çok yakın<br>Yeşil alana uzaklık: uzak<br>Yapılaşma yoğunluğu: çok yoğun<br>Nüfus yoğunluğu: seyrek<br>Yaşlı nüfus oranı: orta<br>Çocuk nüfus oranı: orta<br>Sosyoekonomik gelişmişlik: düşük"}, "geometry": {"type": "LineString", "coordinates": [[30.5182895, 39.784997], [30.5181026, 39.7849929], [30.517628, 39.7849586]]}, "bbox": [30.517628, 39.7849586, 30.5182895, 39.784997]}, {"id": "7255", "type": "Feature", "properties": {"name": "Açık Sokak", "_mahalle_str": "Güllük Mahallesi", "_hvi_str": "%53", "_aciklama_str": "Sıcaklık: yüksek<br>Ağaç örtüsü: çok düşük<br>Hastaneye uzaklık: çok yakın<br>Yeşil alana uzaklık: uzak<br>Yapılaşma yoğunluğu: çok yoğun<br>Nüfus yoğunluğu: seyrek<br>Yaşlı nüfus oranı: orta<br>Çocuk nüfus oranı: orta<br>Sosyoekonomik gelişmişlik: düşük"}, "geometry": {"type": "LineString", "coordinates": [[30.5183722, 39.7846086], [30.5183334, 39.7848431], [30.5182895, 39.784997]]}, "bbox": [30.5182895, 39.7846086, 30.5183722, 39.784997]}, {"id": "7256", "type": "Feature", "properties": {"name": "Ayaztepeler Sokak", "_mahalle_str": "Güllük Mahallesi", "_hvi_str": "%52", "_aciklama_str": "Sıcaklık: çok yüksek<br>Ağaç örtüsü: yüksek<br>Hastaneye uzaklık: çok yakın<br>Yeşil alana uzaklık: uzak<br>Yapılaşma yoğunluğu: çok yoğun<br>Nüfus yoğunluğu: seyrek<br>Yaşlı nüfus oranı: orta<br>Çocuk nüfus oranı: orta<br>Sosyoekonomik gelişmişlik: düşük"}, "geometry": {"type": "LineString", "coordinates": [[30.5188725, 39.7849175], [30.5183334, 39.7848431]]}, "bbox": [30.5183334, 39.7848431, 30.5188725, 39.7849175]}, {"id": "7299", "type": "Feature", "properties": {"name": "Gündoğmuş Sokak", "_mahalle_str": "Fevziçakmak Mahallesi", "_hvi_str": "%50", "_aciklama_str": "Sıcaklık: orta<br>Ağaç örtüsü: yüksek<br>Hastaneye uzaklık: orta<br>Yeşil alana uzaklık: uzak<br>Yapılaşma yoğunluğu: çok yoğun<br>Nüfus yoğunluğu: seyrek<br>Yaşlı nüfus oranı: orta<br>Çocuk nüfus oranı: orta<br>Sosyoekonomik gelişmişlik: düşük"}, "geometry": {"type": "LineString", "coordinates": [[30.5456957, 39.791731], [30.5453026, 39.7914995], [30.5452278, 39.7914548], [30.5449, 39.7913017], [30.5447449, 39.7911781], [30.5446459, 39.7911063], [30.5444155, 39.7908699], [30.5442525, 39.790754], [30.5441994, 39.7907285], [30.5439412, 39.7906045], [30.5436308, 39.7904339], [30.543608, 39.7904214], [30.5434353, 39.7903578], [30.5432572, 39.7902697]]}, "bbox": [30.5432572, 39.7902697, 30.5456957, 39.791731]}, {"id": "7303", "type": "Feature", "properties": {"name": null, "_mahalle_str": "Fevziçakmak Mahallesi", "_hvi_str": "%54", "_aciklama_str": "Sıcaklık: çok yüksek<br>Ağaç örtüsü: orta<br>Hastaneye uzaklık: orta<br>Yeşil alana uzaklık: uzak<br>Yapılaşma yoğunluğu: çok yoğun<br>Nüfus yoğunluğu: seyrek<br>Yaşlı nüfus oranı: orta<br>Çocuk nüfus oranı: orta<br>Sosyoekonomik gelişmişlik: düşük"}, "geometry": {"type": "LineString", "coordinates": [[30.5392545, 39.7945999], [30.5392374, 39.7947025], [30.5391556, 39.7951919], [30.5391425, 39.7952678], [30.5401707, 39.7953946], [30.5403994, 39.7954462]]}, "bbox": [30.5391425, 39.7945999, 30.5403994, 39.7954462]}, {"id": "7306", "type": "Feature", "properties": {"name": null, "_mahalle_str": "Boyacıoğlu Mahallesi", "_hvi_str": "%51", "_aciklama_str": "Sıcaklık: orta<br>Ağaç örtüsü: çok yüksek<br>Hastaneye uzaklık: çok uzak<br>Yeşil alana uzaklık: çok uzak<br>Yapılaşma yoğunluğu: seyrek<br>Nüfus yoğunluğu: seyrek<br>Yaşlı nüfus oranı: orta<br>Çocuk nüfus oranı: orta<br>Sosyoekonomik gelişmişlik: düşük"}, "geometry": {"type": "LineString", "coordinates": [[30.4090173, 39.7812491], [30.4089236, 39.7813268], [30.4082185, 39.7817056], [30.4079892, 39.7817907], [30.4076132, 39.782027], [30.407487, 39.7822556]]}, "bbox": [30.407487, 39.7812491, 30.4090173, 39.7822556]}, {"id": "7316", "type": "Feature", "properties": {"name": "Söğütönü - Uludere Yolu", "_mahalle_str": "Yukarı Söğütönü Mahallesi", "_hvi_str": "%57", "_aciklama_str": "Sıcaklık: çok yüksek<br>Ağaç örtüsü: yüksek<br>Hastaneye uzaklık: çok uzak<br>Yeşil alana uzaklık: çok uzak<br>Yapılaşma yoğunluğu: çok seyrek<br>Nüfus yoğunluğu: seyrek<br>Yaşlı nüfus oranı: orta<br>Çocuk nüfus oranı: orta<br>Sosyoekonomik gelişmişlik: düşük"}, "geometry": {"type": "LineString", "coordinates": [[30.4361226, 39.8126216], [30.4356916, 39.8131543], [30.43566, 39.8131933], [30.4350304, 39.8139603], [30.4341736, 39.815004], [30.434077, 39.8151217], [30.4327583, 39.8167605], [30.4316551, 39.8181421], [30.4299051, 39.8202672], [30.4295785, 39.8206979], [30.4290979, 39.8212895], [30.4281546, 39.822298], [30.4272369, 39.8235375], [30.4265036, 39.8245408], [30.4261339, 39.8250661], [30.4252034, 39.826467], [30.42451, 39.8273803], [30.4241646, 39.827891], [30.4241198, 39.8279721], [30.4233584, 39.8290224], [30.4226186, 39.8300193], [30.4216785, 39.8313509], [30.4214345, 39.8316965], [30.4211391, 39.8321149], [30.4183832, 39.8360183], [30.4163895, 39.838896], [30.4154956, 39.8401821], [30.4154397, 39.8402626], [30.4153237, 39.8404289], [30.4125648, 39.8443818], [30.4118186, 39.8454409], [30.4114541, 39.8459601], [30.4099893, 39.8480213], [30.4080469, 39.8507868], [30.4077646, 39.8512795], [30.4074822, 39.851805], [30.4061733, 39.8546546], [30.4052883, 39.8566758]]}, "bbox": [30.4052883, 39.8126216, 30.4361226, 39.8566758]}, {"id": "7333", "type": "Feature", "properties": {"name": null, "_mahalle_str": "Sakintepe Mahallesi", "_hvi_str": "%54", "_aciklama_str": "Sıcaklık: orta<br>Ağaç örtüsü: yüksek<br>Hastaneye uzaklık: çok uzak<br>Yeşil alana uzaklık: çok uzak<br>Yapılaşma yoğunluğu: çok seyrek<br>Nüfus yoğunluğu: seyrek<br>Yaşlı nüfus oranı: orta<br>Çocuk nüfus oranı: orta<br>Sosyoekonomik gelişmişlik: düşük"}, "geometry": {"type": "LineString", "coordinates": [[30.4627062, 39.831553], [30.4632257, 39.8314285], [30.4640382, 39.8313905], [30.4654326, 39.8313796], [30.4683208, 39.8311948], [30.4689791, 39.831135], [30.4698426, 39.8310426], [30.4707133, 39.8309991], [30.4710389, 39.8309284], [30.4716759, 39.8308578], [30.4720794, 39.8308578], [30.4725466, 39.8308469], [30.4732029, 39.8307436], [30.4744275, 39.8305371], [30.4758219, 39.8302544], [30.4763882, 39.8300478], [30.4766005, 39.8299717], [30.4772093, 39.8298956], [30.4781861, 39.8297706], [30.4787594, 39.8297434], [30.4792217, 39.8296853], [30.4802445, 39.8295142], [30.4809378, 39.829348], [30.4813204, 39.8292858], [30.4825237, 39.8289923], [30.4830475, 39.8288591], [30.4833059, 39.8287694], [30.4857595, 39.8279019], [30.4867599, 39.8276765], [30.4882071, 39.8276183], [30.4904512, 39.8276308], [30.4918985, 39.8277307], [30.4934596, 39.8279555], [30.4950045, 39.8283801], [30.4962242, 39.8287173], [30.4967771, 39.8288172], [30.4975414, 39.8288297], [30.4981066, 39.828855], [30.4992455, 39.828906]]}, "bbox": [30.4627062, 39.8276183, 30.4992455, 39.831553]}, {"id": "7399", "type": "Feature", "properties": {"name": null, "_mahalle_str": "Yenidoğan Mahallesi", "_hvi_str": "%51", "_aciklama_str": "Sıcaklık: çok yüksek<br>Ağaç örtüsü: çok düşük<br>Hastaneye uzaklık: orta<br>Yeşil alana uzaklık: yakın<br>Yapılaşma yoğunluğu: yoğun<br>Nüfus yoğunluğu: çok yoğun<br>Yaşlı nüfus oranı: orta<br>Çocuk nüfus oranı: orta<br>Sosyoekonomik gelişmişlik: çok yüksek"}, "geometry": {"type": "LineString", "coordinates": [[30.554147, 39.7608943], [30.5540923, 39.7608172], [30.5540537, 39.7607824], [30.5540293, 39.7607685], [30.553989, 39.7607454], [30.5538248, 39.7606744], [30.5534501, 39.7605134], [30.5531029, 39.7604117], [30.5530042, 39.7603828]]}, "bbox": [30.5530042, 39.7603828, 30.554147, 39.7608943]}, {"id": "7401", "type": "Feature", "properties": {"name": null, "_mahalle_str": "Yenidoğan Mahallesi", "_hvi_str": "%56", "_aciklama_str": "Sıcaklık: çok yüksek<br>Ağaç örtüsü: çok düşük<br>Hastaneye uzaklık: yakın<br>Yeşil alana uzaklık: orta<br>Yapılaşma yoğunluğu: çok yoğun<br>Nüfus yoğunluğu: çok yoğun<br>Yaşlı nüfus oranı: orta<br>Çocuk nüfus oranı: orta<br>Sosyoekonomik gelişmişlik: çok yüksek"}, "geometry": {"type": "LineString", "coordinates": [[30.5550896, 39.7599619], [30.5551789, 39.7600453], [30.555364, 39.7602195], [30.5555933, 39.7604804]]}, "bbox": [30.5550896, 39.7599619, 30.5555933, 39.7604804]}, {"id": "7402", "type": "Feature", "properties": {"name": null, "_mahalle_str": "Yenidoğan Mahallesi", "_hvi_str": "%54", "_aciklama_str": "Sıcaklık: çok yüksek<br>Ağaç örtüsü: çok düşük<br>Hastaneye uzaklık: yakın<br>Yeşil alana uzaklık: uzak<br>Yapılaşma yoğunluğu: çok yoğun<br>Nüfus yoğunluğu: çok yoğun<br>Yaşlı nüfus oranı: orta<br>Çocuk nüfus oranı: orta<br>Sosyoekonomik gelişmişlik: çok yüksek"}, "geometry": {"type": "LineString", "coordinates": [[30.553278, 39.7593407], [30.5534984, 39.7593223], [30.5539208, 39.7592871], [30.5543161, 39.7595881], [30.5545785, 39.7597878], [30.5548225, 39.7600332]]}, "bbox": [30.553278, 39.7592871, 30.5548225, 39.7600332]}, {"id": "7403", "type": "Feature", "properties": {"name": "Türker Sokak", "_mahalle_str": "Yenidoğan Mahallesi", "_hvi_str": "%51", "_aciklama_str": "Sıcaklık: çok yüksek<br>Ağaç örtüsü: çok düşük<br>Hastaneye uzaklık: yakın<br>Yeşil alana uzaklık: uzak<br>Yapılaşma yoğunluğu: çok yoğun<br>Nüfus yoğunluğu: çok yoğun<br>Yaşlı nüfus oranı: orta<br>Çocuk nüfus oranı: orta<br>Sosyoekonomik gelişmişlik: çok yüksek"}, "geometry": {"type": "LineString", "coordinates": [[30.5540125, 39.7607301], [30.5541869, 39.7605796], [30.5544161, 39.7603825], [30.5548225, 39.7600332], [30.555207, 39.7596818], [30.5552919, 39.7596043], [30.5555076, 39.7594059], [30.5556353, 39.7593012], [30.5557469, 39.7592097], [30.5560293, 39.7589967], [30.5562862, 39.7588205], [30.5563284, 39.7587839]]}, "bbox": [30.5540125, 39.7587839, 30.5563284, 39.7607301]}, {"id": "7444", "type": "Feature", "properties": {"name": null, "_mahalle_str": "Mamure Mahallesi", "_hvi_str": "%51", "_aciklama_str": "Sıcaklık: yüksek<br>Ağaç örtüsü: çok düşük<br>Hastaneye uzaklık: çok yakın<br>Yeşil alana uzaklık: çok uzak<br>Yapılaşma yoğunluğu: çok yoğun<br>Nüfus yoğunluğu: seyrek<br>Yaşlı nüfus oranı: orta<br>Çocuk nüfus oranı: orta<br>Sosyoekonomik gelişmişlik: düşük"}, "geometry": {"type": "LineString", "coordinates": [[30.5243432, 39.7774344], [30.524358, 39.7774936], [30.5244238, 39.7777325], [30.5245055, 39.7780296], [30.5245419, 39.7780767]]}, "bbox": [30.5243432, 39.7774344, 30.5245419, 39.7780767]}, {"id": "7482", "type": "Feature", "properties": {"name": null, "_mahalle_str": "Uluönder Mahallesi", "_hvi_str": "%52", "_aciklama_str": "Sıcaklık: yüksek<br>Ağaç örtüsü: çok düşük<br>Hastaneye uzaklık: uzak<br>Yeşil alana uzaklık: çok uzak<br>Yapılaşma yoğunluğu: yoğun<br>Nüfus yoğunluğu: seyrek<br>Yaşlı nüfus oranı: orta<br>Çocuk nüfus oranı: orta<br>Sosyoekonomik gelişmişlik: düşük"}, "geometry": {"type": "LineString", "coordinates": [[30.4721732, 39.7830299], [30.4733143, 39.7834791], [30.4734252, 39.783523]]}, "bbox": [30.4721732, 39.7830299, 30.4734252, 39.783523]}, {"id": "7483", "type": "Feature", "properties": {"name": null, "_mahalle_str": "Uluönder Mahallesi", "_hvi_str": "%50", "_aciklama_str": "Sıcaklık: yüksek<br>Ağaç örtüsü: çok düşük<br>Hastaneye uzaklık: uzak<br>Yeşil alana uzaklık: çok uzak<br>Yapılaşma yoğunluğu: yoğun<br>Nüfus yoğunluğu: seyrek<br>Yaşlı nüfus oranı: orta<br>Çocuk nüfus oranı: orta<br>Sosyoekonomik gelişmişlik: düşük"}, "geometry": {"type": "LineString", "coordinates": [[30.4721732, 39.7830299], [30.4721399, 39.7830818], [30.4721322, 39.7831132], [30.4720694, 39.7832288]]}, "bbox": [30.4720694, 39.7830299, 30.4721732, 39.7832288]}, {"id": "7487", "type": "Feature", "properties": {"name": null, "_mahalle_str": "Çamlıca Mahallesi", "_hvi_str": "%51", "_aciklama_str": "Sıcaklık: orta<br>Ağaç örtüsü: çok düşük<br>Hastaneye uzaklık: orta<br>Yeşil alana uzaklık: uzak<br>Yapılaşma yoğunluğu: çok yoğun<br>Nüfus yoğunluğu: seyrek<br>Yaşlı nüfus oranı: orta<br>Çocuk nüfus oranı: orta<br>Sosyoekonomik gelişmişlik: düşük"}, "geometry": {"type": "LineString", "coordinates": [[30.4528948, 39.7792097], [30.4529363, 39.7792108], [30.4530117, 39.7792482], [30.4531065, 39.7792929], [30.4533959, 39.7794294], [30.4538771, 39.7796077], [30.4545903, 39.7797564], [30.4550278, 39.7798539], [30.4555774, 39.7799765], [30.4561681, 39.7801306], [30.4576797, 39.7805415], [30.4581355, 39.7806635], [30.4592719, 39.7808838], [30.4594621, 39.7809243], [30.4601555, 39.7809897], [30.4607367, 39.7810597], [30.4619527, 39.781208], [30.4626247, 39.7812761], [30.4632635, 39.7813053], [30.4638287, 39.7812782], [30.4644038, 39.781263], [30.4648869, 39.7812709], [30.4653155, 39.7812716], [30.4657076, 39.7812652]]}, "bbox": [30.4528948, 39.7792097, 30.4657076, 39.7813053]}, {"id": "7502", "type": "Feature", "properties": {"name": "İzciler Sokak", "_mahalle_str": "Esentepe Mahallesi", "_hvi_str": "%58", "_aciklama_str": "Sıcaklık: yüksek<br>Ağaç örtüsü: düşük<br>Hastaneye uzaklık: çok yakın<br>Yeşil alana uzaklık: uzak<br>Yapılaşma yoğunluğu: çok yoğun<br>Nüfus yoğunluğu: seyrek<br>Yaşlı nüfus oranı: orta<br>Çocuk nüfus oranı: orta<br>Sosyoekonomik gelişmişlik: düşük"}, "geometry": {"type": "LineString", "coordinates": [[30.5152901, 39.8004322], [30.5153981, 39.8007342], [30.515504, 39.8010713], [30.5156264, 39.8014838]]}, "bbox": [30.5152901, 39.8004322, 30.5156264, 39.8014838]}, {"id": "7547", "type": "Feature", "properties": {"name": null, "_mahalle_str": "Satılmışoğlu Mahallesi", "_hvi_str": "%63", "_aciklama_str": "Sıcaklık: çok yüksek<br>Ağaç örtüsü: orta<br>Hastaneye uzaklık: çok uzak<br>Yeşil alana uzaklık: çok uzak<br>Yapılaşma yoğunluğu: çok seyrek<br>Nüfus yoğunluğu: seyrek<br>Yaşlı nüfus oranı: orta<br>Çocuk nüfus oranı: orta<br>Sosyoekonomik gelişmişlik: düşük"}, "geometry": {"type": "LineString", "coordinates": [[30.3758957, 39.8155614], [30.375943, 39.8160233], [30.3761718, 39.817268], [30.3764567, 39.8185485], [30.376863, 39.820896], [30.3773779, 39.8222886], [30.3779251, 39.8233434], [30.3783006, 39.8238048], [30.3786976, 39.8241756], [30.3790946, 39.8246123], [30.3792662, 39.8249501], [30.3794379, 39.8257412], [30.3795344, 39.8270677], [30.3796442, 39.827805], [30.3798206, 39.8287416], [30.3799763, 39.8293713], [30.3801193, 39.829712], [30.3801742, 39.8299435]]}, "bbox": [30.3758957, 39.8155614, 30.3801742, 39.8299435]}, {"id": "7562", "type": "Feature", "properties": {"name": "Tersel Sokak", "_mahalle_str": "Cumhuriye Mahallesi", "_hvi_str": "%54", "_aciklama_str": "Sıcaklık: yüksek<br>Ağaç örtüsü: çok düşük<br>Hastaneye uzaklık: çok yakın<br>Yeşil alana uzaklık: çok uzak<br>Yapılaşma yoğunluğu: çok yoğun<br>Nüfus yoğunluğu: seyrek<br>Yaşlı nüfus oranı: orta<br>Çocuk nüfus oranı: orta<br>Sosyoekonomik gelişmişlik: düşük"}, "geometry": {"type": "LineString", "coordinates": [[30.5176, 39.778344], [30.517954, 39.7785419], [30.5183188, 39.7787439], [30.5186138, 39.7788511], [30.5189572, 39.7789706], [30.5193184, 39.779119]]}, "bbox": [30.5176, 39.778344, 30.5193184, 39.779119]}, {"id": "7563", "type": "Feature", "properties": {"name": "Yıldırımer Sokak", "_mahalle_str": "Cumhuriye Mahallesi", "_hvi_str": "%51", "_aciklama_str": "Sıcaklık: yüksek<br>Ağaç örtüsü: çok düşük<br>Hastaneye uzaklık: çok yakın<br>Yeşil alana uzaklık: uzak<br>Yapılaşma yoğunluğu: çok yoğun<br>Nüfus yoğunluğu: seyrek<br>Yaşlı nüfus oranı: orta<br>Çocuk nüfus oranı: orta<br>Sosyoekonomik gelişmişlik: düşük"}, "geometry": {"type": "LineString", "coordinates": [[30.5176, 39.778344], [30.5170486, 39.778975]]}, "bbox": [30.5170486, 39.778344, 30.5176, 39.778975]}, {"id": "7580", "type": "Feature", "properties": {"name": "Kızılinler Köyü yolu", "_mahalle_str": "Kızılinler Mahallesi", "_hvi_str": "%60", "_aciklama_str": "Sıcaklık: çok yüksek<br>Ağaç örtüsü: çok yüksek<br>Hastaneye uzaklık: çok uzak<br>Yeşil alana uzaklık: çok uzak<br>Yapılaşma yoğunluğu: çok seyrek<br>Nüfus yoğunluğu: seyrek<br>Yaşlı nüfus oranı: orta<br>Çocuk nüfus oranı: orta<br>Sosyoekonomik gelişmişlik: düşük"}, "geometry": {"type": "LineString", "coordinates": [[30.4015117, 39.7089652], [30.4035938, 39.7099065], [30.4068083, 39.7114836], [30.4077074, 39.7119345], [30.4081992, 39.7121687], [30.4091102, 39.7130317], [30.4098318, 39.7135699], [30.4103019, 39.7139273], [30.4111437, 39.7145665], [30.4127892, 39.7159416], [30.4142433, 39.717161], [30.4144346, 39.7174385], [30.4145221, 39.7177034], [30.4147516, 39.7188429], [30.414932, 39.7194652], [30.4149375, 39.7196965], [30.4148336, 39.7199278], [30.4146642, 39.7202978], [30.4146696, 39.7203987], [30.4147352, 39.7204954], [30.4149211, 39.7205669], [30.4150851, 39.7205585], [30.4153639, 39.7204575], [30.4158778, 39.7203104], [30.4162604, 39.7202852], [30.4167141, 39.7203566], [30.4170913, 39.7205164], [30.4173318, 39.7207266], [30.417474, 39.7209453], [30.4174958, 39.7211093], [30.4174029, 39.7213153], [30.4171515, 39.7216769], [30.4167907, 39.7220805], [30.4164353, 39.7227617], [30.4164189, 39.7230013], [30.4164408, 39.723241], [30.4166649, 39.7241155], [30.4167469, 39.7242501], [30.4169164, 39.7243972], [30.4173045, 39.7246033], [30.4185931, 39.7252152], [30.4192403, 39.7257728], [30.4196952, 39.726171], [30.4203879, 39.7269213], [30.4207138, 39.7273856], [30.4210922, 39.7277911], [30.4214927, 39.7281608], [30.4221029, 39.7286109], [30.423178, 39.7293765], [30.4237158, 39.7297507], [30.4240405, 39.7301015], [30.4242788, 39.7304951], [30.4244368, 39.7309678], [30.4244596, 39.7314557], [30.4243797, 39.7319435], [30.4242503, 39.7326317], [30.4242331, 39.7330077], [30.4244225, 39.7335384], [30.4248094, 39.7343805], [30.4248932, 39.7347751], [30.4249075, 39.7351684], [30.4246761, 39.7374047], [30.4245287, 39.7385539], [30.4242772, 39.7398423]]}, "bbox": [30.4015117, 39.7089652, 30.4249075, 39.7398423]}, {"id": "7653", "type": "Feature", "properties": {"name": null, "_mahalle_str": "Yeşiltepe Mahallesi", "_hvi_str": "%57", "_aciklama_str": "Sıcaklık: yüksek<br>Ağaç örtüsü: orta<br>Hastaneye uzaklık: orta<br>Yeşil alana uzaklık: yakın<br>Yapılaşma yoğunluğu: çok yoğun<br>Nüfus yoğunluğu: seyrek<br>Yaşlı nüfus oranı: orta<br>Çocuk nüfus oranı: orta<br>Sosyoekonomik gelişmişlik: düşük"}, "geometry": {"type": "LineString", "coordinates": [[30.5004354, 39.7972917], [30.50077, 39.7974518], [30.5011936, 39.7976522]]}, "bbox": [30.5004354, 39.7972917, 30.5011936, 39.7976522]}, {"id": "7678", "type": "Feature", "properties": {"name": "Sakarya -1 Caddesi", "_mahalle_str": "Hacı Ali Bey Mahallesi", "_hvi_str": "%51", "_aciklama_str": "Sıcaklık: yüksek<br>Ağaç örtüsü: çok düşük<br>Hastaneye uzaklık: çok yakın<br>Yeşil alana uzaklık: uzak<br>Yapılaşma yoğunluğu: çok yoğun<br>Nüfus yoğunluğu: seyrek<br>Yaşlı nüfus oranı: orta<br>Çocuk nüfus oranı: orta<br>Sosyoekonomik gelişmişlik: düşük"}, "geometry": {"type": "LineString", "coordinates": [[30.5190084, 39.7800266], [30.5193184, 39.779119], [30.5195155, 39.7783304], [30.519541, 39.7782285], [30.5196966, 39.7775894], [30.5199581, 39.7764506], [30.5198978, 39.7760228]]}, "bbox": [30.5190084, 39.7760228, 30.5199581, 39.7800266]}, {"id": "7783", "type": "Feature", "properties": {"name": null, "_mahalle_str": "Sazova Mahallesi", "_hvi_str": "%66", "_aciklama_str": "Sıcaklık: düşük<br>Ağaç örtüsü: yüksek<br>Hastaneye uzaklık: çok uzak<br>Yeşil alana uzaklık: çok uzak<br>Yapılaşma yoğunluğu: seyrek<br>Nüfus yoğunluğu: seyrek<br>Yaşlı nüfus oranı: orta<br>Çocuk nüfus oranı: orta<br>Sosyoekonomik gelişmişlik: düşük"}, "geometry": {"type": "LineString", "coordinates": [[30.420255, 39.7629985], [30.4188875, 39.7634737], [30.4177171, 39.7638965]]}, "bbox": [30.4177171, 39.7629985, 30.420255, 39.7638965]}, {"id": "7819", "type": "Feature", "properties": {"name": null, "_mahalle_str": "Sazova Mahallesi", "_hvi_str": "%62", "_aciklama_str": "Sıcaklık: orta<br>Ağaç örtüsü: yüksek<br>Hastaneye uzaklık: çok uzak<br>Yeşil alana uzaklık: çok uzak<br>Yapılaşma yoğunluğu: seyrek<br>Nüfus yoğunluğu: seyrek<br>Yaşlı nüfus oranı: orta<br>Çocuk nüfus oranı: orta<br>Sosyoekonomik gelişmişlik: düşük"}, "geometry": {"type": "LineString", "coordinates": [[30.4282526, 39.76083], [30.428179, 39.7607005], [30.4278336, 39.7597448], [30.4276962, 39.7593646], [30.4269754, 39.7594776]]}, "bbox": [30.4269754, 39.7593646, 30.4282526, 39.76083]}, {"id": "7820", "type": "Feature", "properties": {"name": null, "_mahalle_str": "Sazova Mahallesi", "_hvi_str": "%62", "_aciklama_str": "Sıcaklık: orta<br>Ağaç örtüsü: çok yüksek<br>Hastaneye uzaklık: çok uzak<br>Yeşil alana uzaklık: çok uzak<br>Yapılaşma yoğunluğu: orta<br>Nüfus yoğunluğu: seyrek<br>Yaşlı nüfus oranı: orta<br>Çocuk nüfus oranı: orta<br>Sosyoekonomik gelişmişlik: düşük"}, "geometry": {"type": "LineString", "coordinates": [[30.4278336, 39.7597448], [30.4263798, 39.7599634]]}, "bbox": [30.4263798, 39.7597448, 30.4278336, 39.7599634]}, {"id": "7821", "type": "Feature", "properties": {"name": null, "_mahalle_str": "Sazova Mahallesi", "_hvi_str": "%62", "_aciklama_str": "Sıcaklık: orta<br>Ağaç örtüsü: çok yüksek<br>Hastaneye uzaklık: çok uzak<br>Yeşil alana uzaklık: çok uzak<br>Yapılaşma yoğunluğu: orta<br>Nüfus yoğunluğu: seyrek<br>Yaşlı nüfus oranı: orta<br>Çocuk nüfus oranı: orta<br>Sosyoekonomik gelişmişlik: düşük"}, "geometry": {"type": "LineString", "coordinates": [[30.4238687, 39.7597513], [30.4238067, 39.7597168], [30.42374, 39.7597003], [30.4236719, 39.7597012], [30.423074, 39.7598947]]}, "bbox": [30.423074, 39.7597003, 30.4238687, 39.7598947]}, {"id": "7841", "type": "Feature", "properties": {"name": null, "_mahalle_str": "Sazova Mahallesi", "_hvi_str": "%54", "_aciklama_str": "Sıcaklık: çok düşük<br>Ağaç örtüsü: çok yüksek<br>Hastaneye uzaklık: çok uzak<br>Yeşil alana uzaklık: çok uzak<br>Yapılaşma yoğunluğu: seyrek<br>Nüfus yoğunluğu: seyrek<br>Yaşlı nüfus oranı: orta<br>Çocuk nüfus oranı: orta<br>Sosyoekonomik gelişmişlik: düşük"}, "geometry": {"type": "LineString", "coordinates": [[30.4322129, 39.7600551], [30.4319709, 39.759449]]}, "bbox": [30.4319709, 39.759449, 30.4322129, 39.7600551]}, {"id": "7842", "type": "Feature", "properties": {"name": null, "_mahalle_str": "Sazova Mahallesi", "_hvi_str": "%60", "_aciklama_str": "Sıcaklık: orta<br>Ağaç örtüsü: çok yüksek<br>Hastaneye uzaklık: çok uzak<br>Yeşil alana uzaklık: çok uzak<br>Yapılaşma yoğunluğu: orta<br>Nüfus yoğunluğu: seyrek<br>Yaşlı nüfus oranı: orta<br>Çocuk nüfus oranı: orta<br>Sosyoekonomik gelişmişlik: düşük"}, "geometry": {"type": "LineString", "coordinates": [[30.4347613, 39.7607655], [30.4341971, 39.7608912], [30.4326715, 39.7612638]]}, "bbox": [30.4326715, 39.7607655, 30.4347613, 39.7612638]}, {"id": "7843", "type": "Feature", "properties": {"name": null, "_mahalle_str": "Sazova Mahallesi", "_hvi_str": "%57", "_aciklama_str": "Sıcaklık: orta<br>Ağaç örtüsü: çok yüksek<br>Hastaneye uzaklık: çok uzak<br>Yeşil alana uzaklık: çok uzak<br>Yapılaşma yoğunluğu: orta<br>Nüfus yoğunluğu: seyrek<br>Yaşlı nüfus oranı: orta<br>Çocuk nüfus oranı: orta<br>Sosyoekonomik gelişmişlik: düşük"}, "geometry": {"type": "LineString", "coordinates": [[30.4328039, 39.7615996], [30.4343219, 39.7612293]]}, "bbox": [30.4328039, 39.7612293, 30.4343219, 39.7615996]}, {"id": "7854", "type": "Feature", "properties": {"name": "Akpul Sokak", "_mahalle_str": "Çamlıca Mahallesi", "_hvi_str": "%55", "_aciklama_str": "Sıcaklık: çok yüksek<br>Ağaç örtüsü: çok yüksek<br>Hastaneye uzaklık: çok uzak<br>Yeşil alana uzaklık: çok uzak<br>Yapılaşma yoğunluğu: orta<br>Nüfus yoğunluğu: seyrek<br>Yaşlı nüfus oranı: orta<br>Çocuk nüfus oranı: orta<br>Sosyoekonomik gelişmişlik: düşük"}, "geometry": {"type": "LineString", "coordinates": [[30.4363253, 39.7776779], [30.4363566, 39.7775599], [30.4363356, 39.7772118], [30.4362632, 39.7768421], [30.4361838, 39.7764096]]}, "bbox": [30.4361838, 39.7764096, 30.4363566, 39.7776779]}, {"id": "7855", "type": "Feature", "properties": {"name": null, "_mahalle_str": "Çamlıca Mahallesi", "_hvi_str": "%57", "_aciklama_str": "Sıcaklık: çok yüksek<br>Ağaç örtüsü: düşük<br>Hastaneye uzaklık: çok uzak<br>Yeşil alana uzaklık: çok uzak<br>Yapılaşma yoğunluğu: orta<br>Nüfus yoğunluğu: seyrek<br>Yaşlı nüfus oranı: orta<br>Çocuk nüfus oranı: orta<br>Sosyoekonomik gelişmişlik: düşük"}, "geometry": {"type": "LineString", "coordinates": [[30.4361838, 39.7764096], [30.4361594, 39.7759335]]}, "bbox": [30.4361594, 39.7759335, 30.4361838, 39.7764096]}, {"id": "7856", "type": "Feature", "properties": {"name": null, "_mahalle_str": "Çamlıca Mahallesi", "_hvi_str": "%56", "_aciklama_str": "Sıcaklık: çok yüksek<br>Ağaç örtüsü: yüksek<br>Hastaneye uzaklık: çok uzak<br>Yeşil alana uzaklık: çok uzak<br>Yapılaşma yoğunluğu: orta<br>Nüfus yoğunluğu: seyrek<br>Yaşlı nüfus oranı: orta<br>Çocuk nüfus oranı: orta<br>Sosyoekonomik gelişmişlik: düşük"}, "geometry": {"type": "LineString", "coordinates": [[30.4377833, 39.7760094], [30.4377944, 39.776857], [30.4380906, 39.7768101]]}, "bbox": [30.4377833, 39.7760094, 30.4380906, 39.776857]}, {"id": "7857", "type": "Feature", "properties": {"name": null, "_mahalle_str": "Çamlıca Mahallesi", "_hvi_str": "%58", "_aciklama_str": "Sıcaklık: çok yüksek<br>Ağaç örtüsü: yüksek<br>Hastaneye uzaklık: çok uzak<br>Yeşil alana uzaklık: çok uzak<br>Yapılaşma yoğunluğu: orta<br>Nüfus yoğunluğu: seyrek<br>Yaşlı nüfus oranı: orta<br>Çocuk nüfus oranı: orta<br>Sosyoekonomik gelişmişlik: düşük"}, "geometry": {"type": "LineString", "coordinates": [[30.4377944, 39.776857], [30.437514, 39.7768936]]}, "bbox": [30.437514, 39.776857, 30.4377944, 39.7768936]}, {"id": "7858", "type": "Feature", "properties": {"name": "Şükranlı Sokak", "_mahalle_str": "Çamlıca Mahallesi", "_hvi_str": "%53", "_aciklama_str": "Sıcaklık: çok yüksek<br>Ağaç örtüsü: çok yüksek<br>Hastaneye uzaklık: çok uzak<br>Yeşil alana uzaklık: çok uzak<br>Yapılaşma yoğunluğu: orta<br>Nüfus yoğunluğu: seyrek<br>Yaşlı nüfus oranı: orta<br>Çocuk nüfus oranı: orta<br>Sosyoekonomik gelişmişlik: düşük"}, "geometry": {"type": "LineString", "coordinates": [[30.436924, 39.7761942], [30.4372252, 39.7774576]]}, "bbox": [30.436924, 39.7761942, 30.4372252, 39.7774576]}, {"id": "7859", "type": "Feature", "properties": {"name": "Karahisar Sokak", "_mahalle_str": "Çamlıca Mahallesi", "_hvi_str": "%54", "_aciklama_str": "Sıcaklık: çok yüksek<br>Ağaç örtüsü: çok yüksek<br>Hastaneye uzaklık: çok uzak<br>Yeşil alana uzaklık: çok uzak<br>Yapılaşma yoğunluğu: orta<br>Nüfus yoğunluğu: seyrek<br>Yaşlı nüfus oranı: orta<br>Çocuk nüfus oranı: orta<br>Sosyoekonomik gelişmişlik: düşük"}, "geometry": {"type": "LineString", "coordinates": [[30.4368353, 39.7775402], [30.4365364, 39.7763199]]}, "bbox": [30.4365364, 39.7763199, 30.4368353, 39.7775402]}, {"id": "7860", "type": "Feature", "properties": {"name": "Karaören Sokak", "_mahalle_str": "Çamlıca Mahallesi", "_hvi_str": "%55", "_aciklama_str": "Sıcaklık: çok yüksek<br>Ağaç örtüsü: yüksek<br>Hastaneye uzaklık: çok uzak<br>Yeşil alana uzaklık: çok uzak<br>Yapılaşma yoğunluğu: orta<br>Nüfus yoğunluğu: seyrek<br>Yaşlı nüfus oranı: orta<br>Çocuk nüfus oranı: orta<br>Sosyoekonomik gelişmişlik: düşük"}, "geometry": {"type": "LineString", "coordinates": [[30.4381299, 39.7773204], [30.4380976, 39.7768995], [30.4380906, 39.7768101], [30.4381458, 39.7766746], [30.4381661, 39.7765738], [30.4381742, 39.7764332], [30.4381681, 39.7763371], [30.4381712, 39.7762184], [30.4382006, 39.7761387], [30.4383489, 39.775832]]}, "bbox": [30.4380906, 39.775832, 30.4383489, 39.7773204]}, {"id": "7861", "type": "Feature", "properties": {"name": "Altıok Sokak", "_mahalle_str": "Çamlıca Mahallesi", "_hvi_str": "%56", "_aciklama_str": "Sıcaklık: çok yüksek<br>Ağaç örtüsü: orta<br>Hastaneye uzaklık: çok uzak<br>Yeşil alana uzaklık: çok uzak<br>Yapılaşma yoğunluğu: orta<br>Nüfus yoğunluğu: seyrek<br>Yaşlı nüfus oranı: orta<br>Çocuk nüfus oranı: orta<br>Sosyoekonomik gelişmişlik: düşük"}, "geometry": {"type": "LineString", "coordinates": [[30.4381299, 39.7773204], [30.4376315, 39.7773876], [30.4372252, 39.7774576], [30.4368353, 39.7775402], [30.4363253, 39.7776779], [30.4350679, 39.7776962], [30.4344988, 39.7777072], [30.4329722, 39.777746], [30.4327169, 39.7777395], [30.4325887, 39.7777309], [30.4325602, 39.7777227], [30.4325559, 39.7777032], [30.4325616, 39.7764585]]}, "bbox": [30.4325559, 39.7764585, 30.4381299, 39.777746]}, {"id": "7862", "type": "Feature", "properties": {"name": null, "_mahalle_str": "Karagözler Mahallesi", "_hvi_str": "%54", "_aciklama_str": "Sıcaklık: çok yüksek<br>Ağaç örtüsü: orta<br>Hastaneye uzaklık: çok uzak<br>Yeşil alana uzaklık: çok uzak<br>Yapılaşma yoğunluğu: seyrek<br>Nüfus yoğunluğu: seyrek<br>Yaşlı nüfus oranı: orta<br>Çocuk nüfus oranı: orta<br>Sosyoekonomik gelişmişlik: düşük"}, "geometry": {"type": "LineString", "coordinates": [[30.4328866, 39.7764066], [30.4329273, 39.7767542], [30.4329556, 39.7770575], [30.4329795, 39.7774403], [30.4329722, 39.777746], [30.4330116, 39.7782165], [30.4329967, 39.7785445], [30.4344103, 39.7785682], [30.436088, 39.7786113], [30.4360623, 39.7785637], [30.4360623, 39.7784911], [30.436088, 39.7784071], [30.4361102, 39.7782559], [30.4361778, 39.7780742], [30.4363253, 39.7776779]]}, "bbox": [30.4328866, 39.7764066, 30.4363253, 39.7786113]}, {"id": "7863", "type": "Feature", "properties": {"name": null, "_mahalle_str": "Karagözler Mahallesi", "_hvi_str": "%54", "_aciklama_str": "Sıcaklık: çok yüksek<br>Ağaç örtüsü: orta<br>Hastaneye uzaklık: çok uzak<br>Yeşil alana uzaklık: çok uzak<br>Yapılaşma yoğunluğu: seyrek<br>Nüfus yoğunluğu: seyrek<br>Yaşlı nüfus oranı: orta<br>Çocuk nüfus oranı: orta<br>Sosyoekonomik gelişmişlik: düşük"}, "geometry": {"type": "LineString", "coordinates": [[30.4329967, 39.7785445], [30.4326577, 39.7785321]]}, "bbox": [30.4326577, 39.7785321, 30.4329967, 39.7785445]}, {"id": "7864", "type": "Feature", "properties": {"name": null, "_mahalle_str": "Çamlıca Mahallesi", "_hvi_str": "%53", "_aciklama_str": "Sıcaklık: çok yüksek<br>Ağaç örtüsü: çok yüksek<br>Hastaneye uzaklık: çok uzak<br>Yeşil alana uzaklık: çok uzak<br>Yapılaşma yoğunluğu: orta<br>Nüfus yoğunluğu: seyrek<br>Yaşlı nüfus oranı: orta<br>Çocuk nüfus oranı: orta<br>Sosyoekonomik gelişmişlik: düşük"}, "geometry": {"type": "LineString", "coordinates": [[30.4344988, 39.7777072], [30.4344488, 39.7782327], [30.4344103, 39.7785682]]}, "bbox": [30.4344103, 39.7777072, 30.4344988, 39.7785682]}, {"id": "7865", "type": "Feature", "properties": {"name": null, "_mahalle_str": "Çamlıca Mahallesi", "_hvi_str": "%56", "_aciklama_str": "Sıcaklık: çok yüksek<br>Ağaç örtüsü: yüksek<br>Hastaneye uzaklık: çok uzak<br>Yeşil alana uzaklık: çok uzak<br>Yapılaşma yoğunluğu: orta<br>Nüfus yoğunluğu: seyrek<br>Yaşlı nüfus oranı: orta<br>Çocuk nüfus oranı: orta<br>Sosyoekonomik gelişmişlik: düşük"}, "geometry": {"type": "LineString", "coordinates": [[30.436088, 39.7784071], [30.4374903, 39.7784087]]}, "bbox": [30.436088, 39.7784071, 30.4374903, 39.7784087]}, {"id": "7866", "type": "Feature", "properties": {"name": null, "_mahalle_str": "Çamlıca Mahallesi", "_hvi_str": "%54", "_aciklama_str": "Sıcaklık: çok yüksek<br>Ağaç örtüsü: çok düşük<br>Hastaneye uzaklık: çok uzak<br>Yeşil alana uzaklık: çok uzak<br>Yapılaşma yoğunluğu: seyrek<br>Nüfus yoğunluğu: seyrek<br>Yaşlı nüfus oranı: orta<br>Çocuk nüfus oranı: orta<br>Sosyoekonomik gelişmişlik: düşük"}, "geometry": {"type": "LineString", "coordinates": [[30.436088, 39.7786113], [30.4360715, 39.7787091], [30.4358508, 39.7795633], [30.4358018, 39.7798405]]}, "bbox": [30.4358018, 39.7786113, 30.436088, 39.7798405]}, {"id": "7867", "type": "Feature", "properties": {"name": null, "_mahalle_str": "Çamlıca Mahallesi", "_hvi_str": "%51", "_aciklama_str": "Sıcaklık: çok yüksek<br>Ağaç örtüsü: düşük<br>Hastaneye uzaklık: çok uzak<br>Yeşil alana uzaklık: çok uzak<br>Yapılaşma yoğunluğu: seyrek<br>Nüfus yoğunluğu: seyrek<br>Yaşlı nüfus oranı: orta<br>Çocuk nüfus oranı: orta<br>Sosyoekonomik gelişmişlik: düşük"}, "geometry": {"type": "LineString", "coordinates": [[30.4358508, 39.7795633], [30.4350359, 39.7795157]]}, "bbox": [30.4350359, 39.7795157, 30.4358508, 39.7795633]}, {"id": "7872", "type": "Feature", "properties": {"name": "1697. Sokak", "_mahalle_str": "Boyacıoğlu Mahallesi", "_hvi_str": "%52", "_aciklama_str": "Sıcaklık: yüksek<br>Ağaç örtüsü: orta<br>Hastaneye uzaklık: çok uzak<br>Yeşil alana uzaklık: uzak<br>Yapılaşma yoğunluğu: seyrek<br>Nüfus yoğunluğu: seyrek<br>Yaşlı nüfus oranı: orta<br>Çocuk nüfus oranı: orta<br>Sosyoekonomik gelişmişlik: düşük"}, "geometry": {"type": "LineString", "coordinates": [[30.4034511, 39.7872733], [30.403572, 39.7872291], [30.4038665, 39.7870288], [30.4041817, 39.7866637], [30.4042939, 39.7865076], [30.404515, 39.7862357]]}, "bbox": [30.4034511, 39.7862357, 30.404515, 39.7872733]}, {"id": "7873", "type": "Feature", "properties": {"name": "986. Sokak", "_mahalle_str": "Boyacıoğlu Mahallesi", "_hvi_str": "%51", "_aciklama_str": "Sıcaklık: düşük<br>Ağaç örtüsü: çok yüksek<br>Hastaneye uzaklık: çok uzak<br>Yeşil alana uzaklık: uzak<br>Yapılaşma yoğunluğu: orta<br>Nüfus yoğunluğu: seyrek<br>Yaşlı nüfus oranı: orta<br>Çocuk nüfus oranı: orta<br>Sosyoekonomik gelişmişlik: düşük"}, "geometry": {"type": "LineString", "coordinates": [[30.4008098, 39.7847473], [30.4013028, 39.7845405], [30.4024281, 39.7846071], [30.4027705, 39.7846273], [30.4028735, 39.7846334]]}, "bbox": [30.4008098, 39.7845405, 30.4028735, 39.7847473]}, {"id": "7880", "type": "Feature", "properties": {"name": null, "_mahalle_str": "Uluönder Mahallesi", "_hvi_str": "%52", "_aciklama_str": "Sıcaklık: çok yüksek<br>Ağaç örtüsü: çok düşük<br>Hastaneye uzaklık: orta<br>Yeşil alana uzaklık: orta<br>Yapılaşma yoğunluğu: yoğun<br>Nüfus yoğunluğu: seyrek<br>Yaşlı nüfus oranı: orta<br>Çocuk nüfus oranı: orta<br>Sosyoekonomik gelişmişlik: düşük"}, "geometry": {"type": "LineString", "coordinates": [[30.4713688, 39.7856568], [30.4717957, 39.784918]]}, "bbox": [30.4713688, 39.784918, 30.4717957, 39.7856568]}, {"id": "7892", "type": "Feature", "properties": {"name": null, "_mahalle_str": "Gündoğdu Mahallesi", "_hvi_str": "%61", "_aciklama_str": "Sıcaklık: çok yüksek<br>Ağaç örtüsü: orta<br>Hastaneye uzaklık: çok uzak<br>Yeşil alana uzaklık: uzak<br>Yapılaşma yoğunluğu: yoğun<br>Nüfus yoğunluğu: çok yoğun<br>Yaşlı nüfus oranı: orta<br>Çocuk nüfus oranı: orta<br>Sosyoekonomik gelişmişlik: çok yüksek"}, "geometry": {"type": "LineString", "coordinates": [[30.5724066, 39.7676285], [30.5725008, 39.7677135], [30.5735799, 39.7680479], [30.574675, 39.7683016]]}, "bbox": [30.5724066, 39.7676285, 30.574675, 39.7683016]}, {"id": "7893", "type": "Feature", "properties": {"name": null, "_mahalle_str": "Gündoğdu Mahallesi", "_hvi_str": "%60", "_aciklama_str": "Sıcaklık: çok yüksek<br>Ağaç örtüsü: orta<br>Hastaneye uzaklık: çok uzak<br>Yeşil alana uzaklık: uzak<br>Yapılaşma yoğunluğu: yoğun<br>Nüfus yoğunluğu: çok yoğun<br>Yaşlı nüfus oranı: orta<br>Çocuk nüfus oranı: orta<br>Sosyoekonomik gelişmişlik: çok yüksek"}, "geometry": {"type": "LineString", "coordinates": [[30.5722842, 39.7687448], [30.5732476, 39.7688763], [30.5733412, 39.7688263], [30.5735799, 39.7680479], [30.5736878, 39.7677623]]}, "bbox": [30.5722842, 39.7677623, 30.5736878, 39.7688763]}, {"id": "7894", "type": "Feature", "properties": {"name": null, "_mahalle_str": "Gündoğdu Mahallesi", "_hvi_str": "%60", "_aciklama_str": "Sıcaklık: çok yüksek<br>Ağaç örtüsü: çok düşük<br>Hastaneye uzaklık: çok uzak<br>Yeşil alana uzaklık: orta<br>Yapılaşma yoğunluğu: yoğun<br>Nüfus yoğunluğu: çok yoğun<br>Yaşlı nüfus oranı: orta<br>Çocuk nüfus oranı: orta<br>Sosyoekonomik gelişmişlik: çok yüksek"}, "geometry": {"type": "LineString", "coordinates": [[30.5722842, 39.7687448], [30.5725008, 39.7677135]]}, "bbox": [30.5722842, 39.7677135, 30.5725008, 39.7687448]}, {"id": "7952", "type": "Feature", "properties": {"name": "Ünalan Sokak", "_mahalle_str": "Şirintepe Mahallesi", "_hvi_str": "%52", "_aciklama_str": "Sıcaklık: çok yüksek<br>Ağaç örtüsü: düşük<br>Hastaneye uzaklık: uzak<br>Yeşil alana uzaklık: çok yakın<br>Yapılaşma yoğunluğu: çok yoğun<br>Nüfus yoğunluğu: seyrek<br>Yaşlı nüfus oranı: orta<br>Çocuk nüfus oranı: orta<br>Sosyoekonomik gelişmişlik: düşük"}, "geometry": {"type": "LineString", "coordinates": [[30.4764082, 39.7927871], [30.4763499, 39.792838], [30.4756882, 39.793416], [30.4750493, 39.793974]]}, "bbox": [30.4750493, 39.7927871, 30.4764082, 39.793974]}, {"id": "8102", "type": "Feature", "properties": {"name": null, "_mahalle_str": "Sakintepe Mahallesi", "_hvi_str": "%51", "_aciklama_str": "Sıcaklık: düşük<br>Ağaç örtüsü: orta<br>Hastaneye uzaklık: çok uzak<br>Yeşil alana uzaklık: çok uzak<br>Yapılaşma yoğunluğu: çok seyrek<br>Nüfus yoğunluğu: seyrek<br>Yaşlı nüfus oranı: orta<br>Çocuk nüfus oranı: orta<br>Sosyoekonomik gelişmişlik: düşük"}, "geometry": {"type": "LineString", "coordinates": [[30.4824364, 39.8180118], [30.4805267, 39.8188646], [30.4803765, 39.8188811], [30.480178, 39.8188275], [30.479942, 39.818811], [30.4797757, 39.8187657], [30.4793251, 39.8187987], [30.4789818, 39.8188893], [30.4778231, 39.8192807], [30.477072, 39.8194702], [30.4759616, 39.8196762], [30.4751194, 39.8199028]]}, "bbox": [30.4751194, 39.8180118, 30.4824364, 39.8199028]}, {"id": "8166", "type": "Feature", "properties": {"name": "Çelikiz Sokak", "_mahalle_str": "Erenköy Mahallesi", "_hvi_str": "%58", "_aciklama_str": "Sıcaklık: çok yüksek<br>Ağaç örtüsü: çok düşük<br>Hastaneye uzaklık: uzak<br>Yeşil alana uzaklık: orta<br>Yapılaşma yoğunluğu: çok yoğun<br>Nüfus yoğunluğu: çok yoğun<br>Yaşlı nüfus oranı: orta<br>Çocuk nüfus oranı: orta<br>Sosyoekonomik gelişmişlik: çok yüksek"}, "geometry": {"type": "LineString", "coordinates": [[30.5511567, 39.7511455], [30.5520609, 39.751352], [30.5522054, 39.7513919], [30.5529404, 39.751588], [30.5533307, 39.7516921]]}, "bbox": [30.5511567, 39.7511455, 30.5533307, 39.7516921]}, {"id": "8167", "type": "Feature", "properties": {"name": null, "_mahalle_str": "Erenköy Mahallesi", "_hvi_str": "%61", "_aciklama_str": "Sıcaklık: çok yüksek<br>Ağaç örtüsü: yüksek<br>Hastaneye uzaklık: uzak<br>Yeşil alana uzaklık: orta<br>Yapılaşma yoğunluğu: çok yoğun<br>Nüfus yoğunluğu: çok yoğun<br>Yaşlı nüfus oranı: orta<br>Çocuk nüfus oranı: orta<br>Sosyoekonomik gelişmişlik: çok yüksek"}, "geometry": {"type": "LineString", "coordinates": [[30.5502698, 39.751121], [30.55055, 39.7513355]]}, "bbox": [30.5502698, 39.751121, 30.55055, 39.7513355]}, {"id": "8168", "type": "Feature", "properties": {"name": null, "_mahalle_str": "Erenköy Mahallesi", "_hvi_str": "%52", "_aciklama_str": "Sıcaklık: yüksek<br>Ağaç örtüsü: orta<br>Hastaneye uzaklık: uzak<br>Yeşil alana uzaklık: uzak<br>Yapılaşma yoğunluğu: yoğun<br>Nüfus yoğunluğu: çok yoğun<br>Yaşlı nüfus oranı: orta<br>Çocuk nüfus oranı: orta<br>Sosyoekonomik gelişmişlik: çok yüksek"}, "geometry": {"type": "LineString", "coordinates": [[30.5493143, 39.7497415], [30.5490417, 39.7493749], [30.5489372, 39.7492212], [30.5482554, 39.7485939], [30.5477869, 39.7481749]]}, "bbox": [30.5477869, 39.7481749, 30.5493143, 39.7497415]}, {"id": "8169", "type": "Feature", "properties": {"name": "Uzay Sokak", "_mahalle_str": "Erenköy Mahallesi", "_hvi_str": "%54", "_aciklama_str": "Sıcaklık: çok yüksek<br>Ağaç örtüsü: düşük<br>Hastaneye uzaklık: uzak<br>Yeşil alana uzaklık: çok yakın<br>Yapılaşma yoğunluğu: çok yoğun<br>Nüfus yoğunluğu: çok yoğun<br>Yaşlı nüfus oranı: orta<br>Çocuk nüfus oranı: orta<br>Sosyoekonomik gelişmişlik: çok yüksek"}, "geometry": {"type": "LineString", "coordinates": [[30.551905, 39.7524491], [30.5520524, 39.7523393], [30.5520801, 39.7522983], [30.5521496, 39.7521629], [30.5522915, 39.7518295]]}, "bbox": [30.551905, 39.7518295, 30.5522915, 39.7524491]}, {"id": "8252", "type": "Feature", "properties": {"name": null, "_mahalle_str": "Muttalip Emirler Mahallesi", "_hvi_str": "%60", "_aciklama_str": "Sıcaklık: çok yüksek<br>Ağaç örtüsü: yüksek<br>Hastaneye uzaklık: çok uzak<br>Yeşil alana uzaklık: çok uzak<br>Yapılaşma yoğunluğu: çok seyrek<br>Nüfus yoğunluğu: seyrek<br>Yaşlı nüfus oranı: orta<br>Çocuk nüfus oranı: orta<br>Sosyoekonomik gelişmişlik: düşük"}, "geometry": {"type": "LineString", "coordinates": [[30.5725902, 39.8449521], [30.5732238, 39.8467723], [30.5715072, 39.8471471]]}, "bbox": [30.5715072, 39.8449521, 30.5732238, 39.8471471]}, {"id": "8253", "type": "Feature", "properties": {"name": null, "_mahalle_str": "Muttalip Emirler Mahallesi", "_hvi_str": "%63", "_aciklama_str": "Sıcaklık: çok yüksek<br>Ağaç örtüsü: orta<br>Hastaneye uzaklık: çok uzak<br>Yeşil alana uzaklık: çok uzak<br>Yapılaşma yoğunluğu: çok seyrek<br>Nüfus yoğunluğu: seyrek<br>Yaşlı nüfus oranı: orta<br>Çocuk nüfus oranı: orta<br>Sosyoekonomik gelişmişlik: düşük"}, "geometry": {"type": "LineString", "coordinates": [[30.5732238, 39.8467723], [30.5741197, 39.8487451], [30.5758041, 39.8484321]]}, "bbox": [30.5732238, 39.8467723, 30.5758041, 39.8487451]}, {"id": "8259", "type": "Feature", "properties": {"name": null, "_mahalle_str": "Muttalip Koyunlar Mahallesi", "_hvi_str": "%52", "_aciklama_str": "Sıcaklık: çok düşük<br>Ağaç örtüsü: çok yüksek<br>Hastaneye uzaklık: çok uzak<br>Yeşil alana uzaklık: çok uzak<br>Yapılaşma yoğunluğu: çok seyrek<br>Nüfus yoğunluğu: seyrek<br>Yaşlı nüfus oranı: orta<br>Çocuk nüfus oranı: orta<br>Sosyoekonomik gelişmişlik: düşük"}, "geometry": {"type": "LineString", "coordinates": [[30.5154741, 39.8486125], [30.5149006, 39.8487349], [30.5143152, 39.8488768], [30.5138839, 39.8489856], [30.5133724, 39.8490897], [30.5128795, 39.8491701], [30.5125467, 39.8492742]]}, "bbox": [30.5125467, 39.8486125, 30.5154741, 39.8492742]}, {"id": "8277", "type": "Feature", "properties": {"name": "Hatıralar Sokak", "_mahalle_str": "Huzur Mahallesi", "_hvi_str": "%52", "_aciklama_str": "Sıcaklık: yüksek<br>Ağaç örtüsü: düşük<br>Hastaneye uzaklık: orta<br>Yeşil alana uzaklık: çok uzak<br>Yapılaşma yoğunluğu: yoğun<br>Nüfus yoğunluğu: çok yoğun<br>Yaşlı nüfus oranı: orta<br>Çocuk nüfus oranı: orta<br>Sosyoekonomik gelişmişlik: çok yüksek"}, "geometry": {"type": "LineString", "coordinates": [[30.5460974, 39.7636715], [30.5459768, 39.7634045], [30.5457866, 39.7628295], [30.5457035, 39.762632]]}, "bbox": [30.5457035, 39.762632, 30.5460974, 39.7636715]}, {"id": "8344", "type": "Feature", "properties": {"name": "CeydaSokak", "_mahalle_str": "Şirintepe Mahallesi", "_hvi_str": "%52", "_aciklama_str": "Sıcaklık: yüksek<br>Ağaç örtüsü: orta<br>Hastaneye uzaklık: orta<br>Yeşil alana uzaklık: yakın<br>Yapılaşma yoğunluğu: çok yoğun<br>Nüfus yoğunluğu: seyrek<br>Yaşlı nüfus oranı: orta<br>Çocuk nüfus oranı: orta<br>Sosyoekonomik gelişmişlik: düşük"}, "geometry": {"type": "LineString", "coordinates": [[30.4745514, 39.792783], [30.474723, 39.7928872], [30.4751312, 39.7931421]]}, "bbox": [30.4745514, 39.792783, 30.4751312, 39.7931421]}, {"id": "8365", "type": "Feature", "properties": {"name": null, "_mahalle_str": "Muttalip Emirler Mahallesi", "_hvi_str": "%64", "_aciklama_str": "Sıcaklık: çok yüksek<br>Ağaç örtüsü: yüksek<br>Hastaneye uzaklık: çok uzak<br>Yeşil alana uzaklık: çok uzak<br>Yapılaşma yoğunluğu: çok seyrek<br>Nüfus yoğunluğu: seyrek<br>Yaşlı nüfus oranı: orta<br>Çocuk nüfus oranı: orta<br>Sosyoekonomik gelişmişlik: düşük"}, "geometry": {"type": "LineString", "coordinates": [[30.6079155, 39.8078643], [30.6086075, 39.8080374], [30.6099379, 39.8084495], [30.6104475, 39.808602], [30.6107479, 39.8087009], [30.6110859, 39.8087709]]}, "bbox": [30.6079155, 39.8078643, 30.6110859, 39.8087709]}, {"id": "8367", "type": "Feature", "properties": {"name": null, "_mahalle_str": "Muttalip Emirler Mahallesi", "_hvi_str": "%51", "_aciklama_str": "Sıcaklık: çok düşük<br>Ağaç örtüsü: çok yüksek<br>Hastaneye uzaklık: çok uzak<br>Yeşil alana uzaklık: çok uzak<br>Yapılaşma yoğunluğu: çok seyrek<br>Nüfus yoğunluğu: seyrek<br>Yaşlı nüfus oranı: orta<br>Çocuk nüfus oranı: orta<br>Sosyoekonomik gelişmişlik: düşük"}, "geometry": {"type": "LineString", "coordinates": [[30.5859375, 39.8039452], [30.5859643, 39.804143], [30.585975, 39.8045304], [30.5859053, 39.8048313], [30.5856907, 39.8054618], [30.5855727, 39.8057008], [30.5854225, 39.8061912], [30.5853689, 39.8062448], [30.585321, 39.8062866], [30.5852508, 39.8063478], [30.5848968, 39.8079097], [30.5843979, 39.8099536], [30.5841136, 39.8112887], [30.58384, 39.8124425], [30.5835772, 39.8134644], [30.5835235, 39.8137282], [30.5831534, 39.815158], [30.5826974, 39.8171482], [30.5822629, 39.8190105], [30.5819678, 39.8203661]]}, "bbox": [30.5819678, 39.8039452, 30.585975, 39.8203661]}, {"id": "8373", "type": "Feature", "properties": {"name": null, "_mahalle_str": "Muttalip Emirler Mahallesi", "_hvi_str": "%62", "_aciklama_str": "Sıcaklık: yüksek<br>Ağaç örtüsü: çok yüksek<br>Hastaneye uzaklık: çok uzak<br>Yeşil alana uzaklık: çok uzak<br>Yapılaşma yoğunluğu: çok seyrek<br>Nüfus yoğunluğu: seyrek<br>Yaşlı nüfus oranı: orta<br>Çocuk nüfus oranı: orta<br>Sosyoekonomik gelişmişlik: düşük"}, "geometry": {"type": "LineString", "coordinates": [[30.6078672, 39.8074605], [30.6079155, 39.8075759], [30.6079155, 39.8078643], [30.6078865, 39.8081922], [30.6078565, 39.8085319], [30.6076312, 39.8108149], [30.6073308, 39.8137076], [30.6071538, 39.8153146], [30.6069767, 39.8169545], [30.6069606, 39.8170328], [30.6068426, 39.8170822], [30.6034309, 39.8179187], [30.5997562, 39.8188251], [30.599252, 39.8188952], [30.5976105, 39.8193278], [30.5952716, 39.819884], [30.5936837, 39.8203043], [30.5929595, 39.8204814], [30.5924982, 39.8205515], [30.591994, 39.8205484], [30.591141, 39.8205432], [30.5899769, 39.8204773], [30.5893332, 39.8204773], [30.5881423, 39.8204938], [30.5843872, 39.8203578], [30.5830407, 39.8202919], [30.58281, 39.8203084], [30.5827081, 39.8203661], [30.5826276, 39.8204567], [30.5826169, 39.8205309]]}, "bbox": [30.5826169, 39.8074605, 30.6079155, 39.8205515]}, {"id": "8374", "type": "Feature", "properties": {"name": "Arısoylu Sokak", "_mahalle_str": "Fevziçakmak Mahallesi", "_hvi_str": "%53", "_aciklama_str": "Sıcaklık: çok düşük<br>Ağaç örtüsü: çok yüksek<br>Hastaneye uzaklık: çok uzak<br>Yeşil alana uzaklık: çok uzak<br>Yapılaşma yoğunluğu: çok seyrek<br>Nüfus yoğunluğu: seyrek<br>Yaşlı nüfus oranı: orta<br>Çocuk nüfus oranı: orta<br>Sosyoekonomik gelişmişlik: düşük"}, "geometry": {"type": "LineString", "coordinates": [[30.6071301, 39.807387], [30.6074756, 39.8074605], [30.6078672, 39.8074605], [30.6148839, 39.8071226], [30.6176412, 39.8070031], [30.6242394, 39.8066853], [30.6253545, 39.8066193]]}, "bbox": [30.6071301, 39.8066193, 30.6253545, 39.8074605]}, {"id": "8375", "type": "Feature", "properties": {"name": "Ali Rıza Efendi Bulvarı", "_mahalle_str": "Huzur Mahallesi", "_hvi_str": "%55", "_aciklama_str": "Sıcaklık: çok yüksek<br>Ağaç örtüsü: çok düşük<br>Hastaneye uzaklık: orta<br>Yeşil alana uzaklık: çok uzak<br>Yapılaşma yoğunluğu: yoğun<br>Nüfus yoğunluğu: çok yoğun<br>Yaşlı nüfus oranı: orta<br>Çocuk nüfus oranı: orta<br>Sosyoekonomik gelişmişlik: çok yüksek"}, "geometry": {"type": "LineString", "coordinates": [[30.5452229, 39.7638749], [30.5453755, 39.7638416], [30.5456471, 39.7637824], [30.5460974, 39.7636715], [30.5461594, 39.7636557], [30.5465261, 39.7635622], [30.5468505, 39.7634756], [30.5471213, 39.7634022], [30.5471571, 39.7633902], [30.5485273, 39.7629792]]}, "bbox": [30.5452229, 39.7629792, 30.5485273, 39.7638749]}, {"id": "8376", "type": "Feature", "properties": {"name": "Ali Rıza Efendi Bulvarı", "_mahalle_str": "Huzur Mahallesi", "_hvi_str": "%54", "_aciklama_str": "Sıcaklık: çok yüksek<br>Ağaç örtüsü: çok düşük<br>Hastaneye uzaklık: orta<br>Yeşil alana uzaklık: uzak<br>Yapılaşma yoğunluğu: çok yoğun<br>Nüfus yoğunluğu: çok yoğun<br>Yaşlı nüfus oranı: orta<br>Çocuk nüfus oranı: orta<br>Sosyoekonomik gelişmişlik: çok yüksek"}, "geometry": {"type": "LineString", "coordinates": [[30.5508284, 39.7621853], [30.5506987, 39.7623048], [30.5498398, 39.7626391], [30.5495511, 39.7627421], [30.5490155, 39.7629362], [30.5484861, 39.7631095]]}, "bbox": [30.5484861, 39.7621853, 30.5508284, 39.7631095]}, {"id": "8505", "type": "Feature", "properties": {"name": "Asyalı Sokak", "_mahalle_str": "Şirintepe Mahallesi", "_hvi_str": "%51", "_aciklama_str": "Sıcaklık: çok yüksek<br>Ağaç örtüsü: çok düşük<br>Hastaneye uzaklık: uzak<br>Yeşil alana uzaklık: uzak<br>Yapılaşma yoğunluğu: yoğun<br>Nüfus yoğunluğu: seyrek<br>Yaşlı nüfus oranı: orta<br>Çocuk nüfus oranı: orta<br>Sosyoekonomik gelişmişlik: düşük"}, "geometry": {"type": "LineString", "coordinates": [[30.4800434, 39.8003854], [30.4800401, 39.8006467], [30.4800474, 39.8008047], [30.480051, 39.8008821], [30.4801167, 39.8009746], [30.4802644, 39.8010461], [30.4803517, 39.8010519], [30.4807679, 39.8010797], [30.4808013, 39.8010792], [30.4812386, 39.8010723], [30.4815668, 39.8010671], [30.4816495, 39.8010638]]}, "bbox": [30.4800401, 39.8003854, 30.4816495, 39.8010797]}, {"id": "8628", "type": "Feature", "properties": {"name": "Dizgin Sokak", "_mahalle_str": "Kumlubel Mahallesi", "_hvi_str": "%51", "_aciklama_str": "Sıcaklık: yüksek<br>Ağaç örtüsü: çok düşük<br>Hastaneye uzaklık: orta<br>Yeşil alana uzaklık: uzak<br>Yapılaşma yoğunluğu: yoğun<br>Nüfus yoğunluğu: seyrek<br>Yaşlı nüfus oranı: orta<br>Çocuk nüfus oranı: orta<br>Sosyoekonomik gelişmişlik: düşük"}, "geometry": {"type": "LineString", "coordinates": [[30.522728, 39.7959839], [30.5228825, 39.7950231], [30.5229856, 39.794518], [30.5230069, 39.7944054], [30.5231974, 39.7935504], [30.5232367, 39.7931963], [30.5232823, 39.7928959]]}, "bbox": [30.522728, 39.7928959, 30.5232823, 39.7959839]}, {"id": "8651", "type": "Feature", "properties": {"name": null, "_mahalle_str": "Ömerağa Mahallesi", "_hvi_str": "%55", "_aciklama_str": "Sıcaklık: yüksek<br>Ağaç örtüsü: çok düşük<br>Hastaneye uzaklık: çok yakın<br>Yeşil alana uzaklık: çok uzak<br>Yapılaşma yoğunluğu: çok yoğun<br>Nüfus yoğunluğu: seyrek<br>Yaşlı nüfus oranı: orta<br>Çocuk nüfus oranı: orta<br>Sosyoekonomik gelişmişlik: düşük"}, "geometry": {"type": "LineString", "coordinates": [[30.5196789, 39.7828245], [30.5196135, 39.7823636]]}, "bbox": [30.5196135, 39.7823636, 30.5196789, 39.7828245]}, {"id": "8795", "type": "Feature", "properties": {"name": "İnce Elli Sokak", "_mahalle_str": "Sütlüce Mahallesi", "_hvi_str": "%54", "_aciklama_str": "Sıcaklık: yüksek<br>Ağaç örtüsü: düşük<br>Hastaneye uzaklık: yakın<br>Yeşil alana uzaklık: orta<br>Yapılaşma yoğunluğu: çok yoğun<br>Nüfus yoğunluğu: seyrek<br>Yaşlı nüfus oranı: orta<br>Çocuk nüfus oranı: orta<br>Sosyoekonomik gelişmişlik: düşük"}, "geometry": {"type": "LineString", "coordinates": [[30.5085566, 39.7967564], [30.5083788, 39.7967429], [30.5081283, 39.7967597], [30.507944, 39.7967867]]}, "bbox": [30.507944, 39.7967429, 30.5085566, 39.7967867]}, {"id": "8800", "type": "Feature", "properties": {"name": "LaleGül Sokak", "_mahalle_str": "Erenköy Mahallesi", "_hvi_str": "%56", "_aciklama_str": "Sıcaklık: çok yüksek<br>Ağaç örtüsü: orta<br>Hastaneye uzaklık: uzak<br>Yeşil alana uzaklık: uzak<br>Yapılaşma yoğunluğu: yoğun<br>Nüfus yoğunluğu: çok yoğun<br>Yaşlı nüfus oranı: orta<br>Çocuk nüfus oranı: orta<br>Sosyoekonomik gelişmişlik: çok yüksek"}, "geometry": {"type": "LineString", "coordinates": [[30.5530354, 39.7499852], [30.5521125, 39.7498014], [30.5516626, 39.7497311], [30.5508655, 39.749573]]}, "bbox": [30.5508655, 39.749573, 30.5530354, 39.7499852]}, {"id": "8801", "type": "Feature", "properties": {"name": "YeniBaşak Sokak", "_mahalle_str": "Erenköy Mahallesi", "_hvi_str": "%54", "_aciklama_str": "Sıcaklık: çok yüksek<br>Ağaç örtüsü: orta<br>Hastaneye uzaklık: uzak<br>Yeşil alana uzaklık: uzak<br>Yapılaşma yoğunluğu: yoğun<br>Nüfus yoğunluğu: çok yoğun<br>Yaşlı nüfus oranı: orta<br>Çocuk nüfus oranı: orta<br>Sosyoekonomik gelişmişlik: çok yüksek"}, "geometry": {"type": "LineString", "coordinates": [[30.5503036, 39.7490109], [30.5505752, 39.7491425], [30.5508922, 39.7492094], [30.5517491, 39.7493944], [30.5529577, 39.7495846]]}, "bbox": [30.5503036, 39.7490109, 30.5529577, 39.7495846]}, {"id": "8802", "type": "Feature", "properties": {"name": null, "_mahalle_str": "Erenköy Mahallesi", "_hvi_str": "%51", "_aciklama_str": "Sıcaklık: yüksek<br>Ağaç örtüsü: çok yüksek<br>Hastaneye uzaklık: uzak<br>Yeşil alana uzaklık: uzak<br>Yapılaşma yoğunluğu: çok yoğun<br>Nüfus yoğunluğu: çok yoğun<br>Yaşlı nüfus oranı: orta<br>Çocuk nüfus oranı: orta<br>Sosyoekonomik gelişmişlik: çok yüksek"}, "geometry": {"type": "LineString", "coordinates": [[30.550681, 39.7485094], [30.5505497, 39.7487859], [30.5503036, 39.7490109]]}, "bbox": [30.5503036, 39.7485094, 30.550681, 39.7490109]}, {"id": "8803", "type": "Feature", "properties": {"name": null, "_mahalle_str": "Erenköy Mahallesi", "_hvi_str": "%52", "_aciklama_str": "Sıcaklık: yüksek<br>Ağaç örtüsü: orta<br>Hastaneye uzaklık: uzak<br>Yeşil alana uzaklık: uzak<br>Yapılaşma yoğunluğu: yoğun<br>Nüfus yoğunluğu: çok yoğun<br>Yaşlı nüfus oranı: orta<br>Çocuk nüfus oranı: orta<br>Sosyoekonomik gelişmişlik: çok yüksek"}, "geometry": {"type": "LineString", "coordinates": [[30.5495759, 39.7478149], [30.5500759, 39.7476158], [30.5504299, 39.7482412], [30.550681, 39.7485094]]}, "bbox": [30.5495759, 39.7476158, 30.550681, 39.7485094]}, {"id": "8804", "type": "Feature", "properties": {"name": null, "_mahalle_str": "Ömerağa Mahallesi", "_hvi_str": "%52", "_aciklama_str": "Sıcaklık: yüksek<br>Ağaç örtüsü: orta<br>Hastaneye uzaklık: yakın<br>Yeşil alana uzaklık: çok uzak<br>Yapılaşma yoğunluğu: çok yoğun<br>Nüfus yoğunluğu: seyrek<br>Yaşlı nüfus oranı: orta<br>Çocuk nüfus oranı: orta<br>Sosyoekonomik gelişmişlik: düşük"}, "geometry": {"type": "LineString", "coordinates": [[30.5208754, 39.7826017], [30.5208514, 39.7822761]]}, "bbox": [30.5208514, 39.7822761, 30.5208754, 39.7826017]}, {"id": "8854", "type": "Feature", "properties": {"name": "1. Arabacılar Bulvarı", "_mahalle_str": "Yenidoğan Mahallesi", "_hvi_str": "%52", "_aciklama_str": "Sıcaklık: çok yüksek<br>Ağaç örtüsü: çok düşük<br>Hastaneye uzaklık: uzak<br>Yeşil alana uzaklık: çok yakın<br>Yapılaşma yoğunluğu: yoğun<br>Nüfus yoğunluğu: çok yoğun<br>Yaşlı nüfus oranı: orta<br>Çocuk nüfus oranı: orta<br>Sosyoekonomik gelişmişlik: çok yüksek"}, "geometry": {"type": "LineString", "coordinates": [[30.5592853, 39.7631683], [30.5592583, 39.7631103], [30.559163, 39.7629054], [30.5591361, 39.7627911], [30.5591153, 39.7626717]]}, "bbox": [30.5591153, 39.7626717, 30.5592853, 39.7631683]}, {"id": "8889", "type": "Feature", "properties": {"name": "Ali Rıza Efendi Bulvarı", "_mahalle_str": "Huzur Mahallesi", "_hvi_str": "%54", "_aciklama_str": "Sıcaklık: çok yüksek<br>Ağaç örtüsü: çok düşük<br>Hastaneye uzaklık: orta<br>Yeşil alana uzaklık: uzak<br>Yapılaşma yoğunluğu: çok yoğun<br>Nüfus yoğunluğu: çok yoğun<br>Yaşlı nüfus oranı: orta<br>Çocuk nüfus oranı: orta<br>Sosyoekonomik gelişmişlik: çok yüksek"}, "geometry": {"type": "LineString", "coordinates": [[30.5485273, 39.7629792], [30.5489773, 39.7628328], [30.5494833, 39.7626474], [30.5497789, 39.7625391], [30.5506466, 39.7622071], [30.5508284, 39.7621853]]}, "bbox": [30.5485273, 39.7621853, 30.5508284, 39.7629792]}, {"id": "8890", "type": "Feature", "properties": {"name": "Yunus Sokak", "_mahalle_str": "Huzur Mahallesi", "_hvi_str": "%58", "_aciklama_str": "Sıcaklık: çok yüksek<br>Ağaç örtüsü: düşük<br>Hastaneye uzaklık: orta<br>Yeşil alana uzaklık: çok uzak<br>Yapılaşma yoğunluğu: çok yoğun<br>Nüfus yoğunluğu: çok yoğun<br>Yaşlı nüfus oranı: orta<br>Çocuk nüfus oranı: orta<br>Sosyoekonomik gelişmişlik: çok yüksek"}, "geometry": {"type": "LineString", "coordinates": [[30.5485273, 39.7629792], [30.5481755, 39.7623676]]}, "bbox": [30.5481755, 39.7623676, 30.5485273, 39.7629792]}, {"id": "8893", "type": "Feature", "properties": {"name": "Türker Sokak", "_mahalle_str": "Yenidoğan Mahallesi", "_hvi_str": "%52", "_aciklama_str": "Sıcaklık: çok yüksek<br>Ağaç örtüsü: çok düşük<br>Hastaneye uzaklık: yakın<br>Yeşil alana uzaklık: orta<br>Yapılaşma yoğunluğu: yoğun<br>Nüfus yoğunluğu: çok yoğun<br>Yaşlı nüfus oranı: orta<br>Çocuk nüfus oranı: orta<br>Sosyoekonomik gelişmişlik: çok yüksek"}, "geometry": {"type": "LineString", "coordinates": [[30.5564214, 39.7588685], [30.5560565, 39.7591305], [30.5559347, 39.7592179], [30.5557174, 39.7593994], [30.5554368, 39.7596352], [30.5550896, 39.7599619], [30.5547904, 39.7602435], [30.5544819, 39.760528], [30.5541869, 39.7607548], [30.5540923, 39.7608172], [30.55385, 39.7609771], [30.5535629, 39.7611525]]}, "bbox": [30.5535629, 39.7588685, 30.5564214, 39.7611525]}, {"id": "8903", "type": "Feature", "properties": {"name": "dinçerler sokak", "_mahalle_str": "Yeşiltepe Mahallesi", "_hvi_str": "%51", "_aciklama_str": "Sıcaklık: düşük<br>Ağaç örtüsü: çok düşük<br>Hastaneye uzaklık: uzak<br>Yeşil alana uzaklık: yakın<br>Yapılaşma yoğunluğu: çok yoğun<br>Nüfus yoğunluğu: seyrek<br>Yaşlı nüfus oranı: orta<br>Çocuk nüfus oranı: orta<br>Sosyoekonomik gelişmişlik: düşük"}, "geometry": {"type": "LineString", "coordinates": [[30.4943333, 39.7976792], [30.4944136, 39.7976309], [30.4947591, 39.7974037], [30.4949341, 39.7972693], [30.4950597, 39.7971674], [30.4952255, 39.7970267], [30.4953524, 39.7969107], [30.4955038, 39.7967601], [30.4956123, 39.7966464], [30.4957623, 39.796483], [30.4958534, 39.7963838], [30.4960662, 39.7962441], [30.4961872, 39.7961922], [30.4962349, 39.7961705]]}, "bbox": [30.4943333, 39.7961705, 30.4962349, 39.7976792]}, {"id": "8918", "type": "Feature", "properties": {"name": "kılıçaslan sokak", "_mahalle_str": "Yeşiltepe Mahallesi", "_hvi_str": "%57", "_aciklama_str": "Sıcaklık: yüksek<br>Ağaç örtüsü: yüksek<br>Hastaneye uzaklık: uzak<br>Yeşil alana uzaklık: yakın<br>Yapılaşma yoğunluğu: çok yoğun<br>Nüfus yoğunluğu: seyrek<br>Yaşlı nüfus oranı: orta<br>Çocuk nüfus oranı: orta<br>Sosyoekonomik gelişmişlik: düşük"}, "geometry": {"type": "LineString", "coordinates": [[30.50077, 39.7974518], [30.5016494, 39.7965091]]}, "bbox": [30.50077, 39.7965091, 30.5016494, 39.7974518]}, {"id": "8919", "type": "Feature", "properties": {"name": "kılıçaslan bey sokak", "_mahalle_str": "Yeşiltepe Mahallesi", "_hvi_str": "%57", "_aciklama_str": "Sıcaklık: yüksek<br>Ağaç örtüsü: orta<br>Hastaneye uzaklık: orta<br>Yeşil alana uzaklık: orta<br>Yapılaşma yoğunluğu: çok yoğun<br>Nüfus yoğunluğu: seyrek<br>Yaşlı nüfus oranı: orta<br>Çocuk nüfus oranı: orta<br>Sosyoekonomik gelişmişlik: düşük"}, "geometry": {"type": "LineString", "coordinates": [[30.5003687, 39.7979325], [30.50077, 39.7974518]]}, "bbox": [30.5003687, 39.7974518, 30.50077, 39.7979325]}, {"id": "8951", "type": "Feature", "properties": {"name": "Yaylapınar Sokak", "_mahalle_str": "Şirintepe Mahallesi", "_hvi_str": "%56", "_aciklama_str": "Sıcaklık: çok yüksek<br>Ağaç örtüsü: çok düşük<br>Hastaneye uzaklık: yakın<br>Yeşil alana uzaklık: çok uzak<br>Yapılaşma yoğunluğu: çok yoğun<br>Nüfus yoğunluğu: seyrek<br>Yaşlı nüfus oranı: orta<br>Çocuk nüfus oranı: orta<br>Sosyoekonomik gelişmişlik: düşük"}, "geometry": {"type": "LineString", "coordinates": [[30.48295, 39.7950378], [30.4833635, 39.7951014]]}, "bbox": [30.48295, 39.7950378, 30.4833635, 39.7951014]}, {"id": "8952", "type": "Feature", "properties": {"name": "Paşayolu Sokak", "_mahalle_str": "Şirintepe Mahallesi", "_hvi_str": "%56", "_aciklama_str": "Sıcaklık: çok yüksek<br>Ağaç örtüsü: düşük<br>Hastaneye uzaklık: yakın<br>Yeşil alana uzaklık: uzak<br>Yapılaşma yoğunluğu: çok yoğun<br>Nüfus yoğunluğu: seyrek<br>Yaşlı nüfus oranı: orta<br>Çocuk nüfus oranı: orta<br>Sosyoekonomik gelişmişlik: düşük"}, "geometry": {"type": "LineString", "coordinates": [[30.4833635, 39.7951014], [30.483257, 39.7954209], [30.4831741, 39.7957534]]}, "bbox": [30.4831741, 39.7951014, 30.4833635, 39.7957534]}, {"id": "8956", "type": "Feature", "properties": {"name": null, "_mahalle_str": "Çamlıca Mahallesi", "_hvi_str": "%51", "_aciklama_str": "Sıcaklık: yüksek<br>Ağaç örtüsü: düşük<br>Hastaneye uzaklık: orta<br>Yeşil alana uzaklık: uzak<br>Yapılaşma yoğunluğu: çok yoğun<br>Nüfus yoğunluğu: seyrek<br>Yaşlı nüfus oranı: orta<br>Çocuk nüfus oranı: orta<br>Sosyoekonomik gelişmişlik: düşük"}, "geometry": {"type": "LineString", "coordinates": [[30.4558702, 39.7827433], [30.4569016, 39.7832023]]}, "bbox": [30.4558702, 39.7827433, 30.4569016, 39.7832023]}, {"id": "8957", "type": "Feature", "properties": {"name": "Mavi Sokak", "_mahalle_str": "Çamlıca Mahallesi", "_hvi_str": "%55", "_aciklama_str": "Sıcaklık: düşük<br>Ağaç örtüsü: çok düşük<br>Hastaneye uzaklık: orta<br>Yeşil alana uzaklık: çok uzak<br>Yapılaşma yoğunluğu: çok yoğun<br>Nüfus yoğunluğu: seyrek<br>Yaşlı nüfus oranı: orta<br>Çocuk nüfus oranı: orta<br>Sosyoekonomik gelişmişlik: düşük"}, "geometry": {"type": "LineString", "coordinates": [[30.4619251, 39.7833269], [30.4626113, 39.7833244], [30.4632925, 39.7832993]]}, "bbox": [30.4619251, 39.7832993, 30.4632925, 39.7833269]}, {"id": "8964", "type": "Feature", "properties": {"name": "Eğitimciler Caddesi", "_mahalle_str": "Esentepe Mahallesi", "_hvi_str": "%57", "_aciklama_str": "Sıcaklık: yüksek<br>Ağaç örtüsü: çok düşük<br>Hastaneye uzaklık: yakın<br>Yeşil alana uzaklık: çok uzak<br>Yapılaşma yoğunluğu: çok yoğun<br>Nüfus yoğunluğu: seyrek<br>Yaşlı nüfus oranı: orta<br>Çocuk nüfus oranı: orta<br>Sosyoekonomik gelişmişlik: düşük"}, "geometry": {"type": "LineString", "coordinates": [[30.5103886, 39.8000466], [30.5105682, 39.7993276], [30.5105716, 39.7992035], [30.5105825, 39.7987564], [30.5106308, 39.7982587]]}, "bbox": [30.5103886, 39.7982587, 30.5106308, 39.8000466]}, {"id": "8970", "type": "Feature", "properties": {"name": "Eskişehir- Sarıcakaya yolu", "_mahalle_str": "Muttalip Emirler Mahallesi", "_hvi_str": "%63", "_aciklama_str": "Sıcaklık: çok yüksek<br>Ağaç örtüsü: orta<br>Hastaneye uzaklık: çok uzak<br>Yeşil alana uzaklık: çok uzak<br>Yapılaşma yoğunluğu: çok seyrek<br>Nüfus yoğunluğu: seyrek<br>Yaşlı nüfus oranı: orta<br>Çocuk nüfus oranı: orta<br>Sosyoekonomik gelişmişlik: düşük"}, "geometry": {"type": "LineString", "coordinates": [[30.5725902, 39.8449521], [30.5862118, 39.8470388]]}, "bbox": [30.5725902, 39.8449521, 30.5862118, 39.8470388]}, {"id": "8974", "type": "Feature", "properties": {"name": null, "_mahalle_str": "Muttalip Emirler Mahallesi", "_hvi_str": "%65", "_aciklama_str": "Sıcaklık: çok yüksek<br>Ağaç örtüsü: çok yüksek<br>Hastaneye uzaklık: çok uzak<br>Yeşil alana uzaklık: çok uzak<br>Yapılaşma yoğunluğu: çok seyrek<br>Nüfus yoğunluğu: seyrek<br>Yaşlı nüfus oranı: orta<br>Çocuk nüfus oranı: orta<br>Sosyoekonomik gelişmişlik: düşük"}, "geometry": {"type": "LineString", "coordinates": [[30.5908978, 39.8328649], [30.5910136, 39.8330499]]}, "bbox": [30.5908978, 39.8328649, 30.5910136, 39.8330499]}, {"id": "9011", "type": "Feature", "properties": {"name": null, "_mahalle_str": "Erenköy Mahallesi", "_hvi_str": "%60", "_aciklama_str": "Sıcaklık: çok yüksek<br>Ağaç örtüsü: düşük<br>Hastaneye uzaklık: orta<br>Yeşil alana uzaklık: uzak<br>Yapılaşma yoğunluğu: çok yoğun<br>Nüfus yoğunluğu: çok yoğun<br>Yaşlı nüfus oranı: orta<br>Çocuk nüfus oranı: orta<br>Sosyoekonomik gelişmişlik: çok yüksek"}, "geometry": {"type": "LineString", "coordinates": [[30.5513037, 39.7556069], [30.5505827, 39.7554005], [30.5500385, 39.7552334]]}, "bbox": [30.5500385, 39.7552334, 30.5513037, 39.7556069]}, {"id": "9012", "type": "Feature", "properties": {"name": null, "_mahalle_str": "Erenköy Mahallesi", "_hvi_str": "%60", "_aciklama_str": "Sıcaklık: yüksek<br>Ağaç örtüsü: düşük<br>Hastaneye uzaklık: uzak<br>Yeşil alana uzaklık: uzak<br>Yapılaşma yoğunluğu: çok yoğun<br>Nüfus yoğunluğu: çok yoğun<br>Yaşlı nüfus oranı: orta<br>Çocuk nüfus oranı: orta<br>Sosyoekonomik gelişmişlik: çok yüksek"}, "geometry": {"type": "LineString", "coordinates": [[30.5481349, 39.7534327], [30.5480577, 39.753632], [30.547913, 39.7540224]]}, "bbox": [30.547913, 39.7534327, 30.5481349, 39.7540224]}, {"id": "9013", "type": "Feature", "properties": {"name": null, "_mahalle_str": "Erenköy Mahallesi", "_hvi_str": "%59", "_aciklama_str": "Sıcaklık: çok yüksek<br>Ağaç örtüsü: düşük<br>Hastaneye uzaklık: uzak<br>Yeşil alana uzaklık: uzak<br>Yapılaşma yoğunluğu: çok yoğun<br>Nüfus yoğunluğu: çok yoğun<br>Yaşlı nüfus oranı: orta<br>Çocuk nüfus oranı: orta<br>Sosyoekonomik gelişmişlik: çok yüksek"}, "geometry": {"type": "LineString", "coordinates": [[30.5485831, 39.7530032], [30.5497955, 39.7533171]]}, "bbox": [30.5485831, 39.7530032, 30.5497955, 39.7533171]}, {"id": "9014", "type": "Feature", "properties": {"name": null, "_mahalle_str": "Erenköy Mahallesi", "_hvi_str": "%59", "_aciklama_str": "Sıcaklık: yüksek<br>Ağaç örtüsü: orta<br>Hastaneye uzaklık: uzak<br>Yeşil alana uzaklık: uzak<br>Yapılaşma yoğunluğu: çok yoğun<br>Nüfus yoğunluğu: çok yoğun<br>Yaşlı nüfus oranı: orta<br>Çocuk nüfus oranı: orta<br>Sosyoekonomik gelişmişlik: çok yüksek"}, "geometry": {"type": "LineString", "coordinates": [[30.5488211, 39.7532312], [30.5486232, 39.7535944]]}, "bbox": [30.5486232, 39.7532312, 30.5488211, 39.7535944]}, {"id": "9015", "type": "Feature", "properties": {"name": null, "_mahalle_str": "Erenköy Mahallesi", "_hvi_str": "%60", "_aciklama_str": "Sıcaklık: çok yüksek<br>Ağaç örtüsü: düşük<br>Hastaneye uzaklık: uzak<br>Yeşil alana uzaklık: uzak<br>Yapılaşma yoğunluğu: çok yoğun<br>Nüfus yoğunluğu: çok yoğun<br>Yaşlı nüfus oranı: orta<br>Çocuk nüfus oranı: orta<br>Sosyoekonomik gelişmişlik: çok yüksek"}, "geometry": {"type": "LineString", "coordinates": [[30.5485831, 39.7530032], [30.5473965, 39.752703]]}, "bbox": [30.5473965, 39.752703, 30.5485831, 39.7530032]}, {"id": "9016", "type": "Feature", "properties": {"name": "Kırbaşı Caddesi", "_mahalle_str": "Erenköy Mahallesi", "_hvi_str": "%58", "_aciklama_str": "Sıcaklık: yüksek<br>Ağaç örtüsü: orta<br>Hastaneye uzaklık: yakın<br>Yeşil alana uzaklık: çok uzak<br>Yapılaşma yoğunluğu: çok yoğun<br>Nüfus yoğunluğu: çok yoğun<br>Yaşlı nüfus oranı: orta<br>Çocuk nüfus oranı: orta<br>Sosyoekonomik gelişmişlik: çok yüksek"}, "geometry": {"type": "LineString", "coordinates": [[30.5489921, 39.757489], [30.5492007, 39.757082], [30.5494236, 39.756644], [30.5496293, 39.7562465], [30.5498441, 39.755745]]}, "bbox": [30.5489921, 39.755745, 30.5498441, 39.757489]}, {"id": "9017", "type": "Feature", "properties": {"name": null, "_mahalle_str": "Erenköy Mahallesi", "_hvi_str": "%60", "_aciklama_str": "Sıcaklık: çok yüksek<br>Ağaç örtüsü: düşük<br>Hastaneye uzaklık: uzak<br>Yeşil alana uzaklık: uzak<br>Yapılaşma yoğunluğu: çok yoğun<br>Nüfus yoğunluğu: çok yoğun<br>Yaşlı nüfus oranı: orta<br>Çocuk nüfus oranı: orta<br>Sosyoekonomik gelişmişlik: çok yüksek"}, "geometry": {"type": "LineString", "coordinates": [[30.5485382, 39.7531491], [30.5485831, 39.7530032], [30.5487091, 39.7526851], [30.5477134, 39.7524312]]}, "bbox": [30.5477134, 39.7524312, 30.5487091, 39.7531491]}, {"id": "9018", "type": "Feature", "properties": {"name": null, "_mahalle_str": "Erenköy Mahallesi", "_hvi_str": "%55", "_aciklama_str": "Sıcaklık: çok yüksek<br>Ağaç örtüsü: düşük<br>Hastaneye uzaklık: uzak<br>Yeşil alana uzaklık: orta<br>Yapılaşma yoğunluğu: çok yoğun<br>Nüfus yoğunluğu: çok yoğun<br>Yaşlı nüfus oranı: orta<br>Çocuk nüfus oranı: orta<br>Sosyoekonomik gelişmişlik: çok yüksek"}, "geometry": {"type": "LineString", "coordinates": [[30.5520973, 39.7533918], [30.552895, 39.7535504], [30.5537478, 39.7537995]]}, "bbox": [30.5520973, 39.7533918, 30.5537478, 39.7537995]}, {"id": "9045", "type": "Feature", "properties": {"name": null, "_mahalle_str": "Erenköy Mahallesi", "_hvi_str": "%55", "_aciklama_str": "Sıcaklık: yüksek<br>Ağaç örtüsü: düşük<br>Hastaneye uzaklık: orta<br>Yeşil alana uzaklık: orta<br>Yapılaşma yoğunluğu: çok yoğun<br>Nüfus yoğunluğu: çok yoğun<br>Yaşlı nüfus oranı: orta<br>Çocuk nüfus oranı: orta<br>Sosyoekonomik gelişmişlik: çok yüksek"}, "geometry": {"type": "LineString", "coordinates": [[30.5472156, 39.7538718], [30.5470563, 39.7541963], [30.54703, 39.7542499], [30.5470106, 39.7542976], [30.5468826, 39.7546115], [30.5467161, 39.7550121]]}, "bbox": [30.5467161, 39.7538718, 30.5472156, 39.7550121]}, {"id": "9049", "type": "Feature", "properties": {"name": "Bursa Caddesi", "_mahalle_str": "Şirintepe Mahallesi", "_hvi_str": "%54", "_aciklama_str": "Sıcaklık: yüksek<br>Ağaç örtüsü: çok düşük<br>Hastaneye uzaklık: uzak<br>Yeşil alana uzaklık: orta<br>Yapılaşma yoğunluğu: çok yoğun<br>Nüfus yoğunluğu: seyrek<br>Yaşlı nüfus oranı: orta<br>Çocuk nüfus oranı: orta<br>Sosyoekonomik gelişmişlik: düşük"}, "geometry": {"type": "LineString", "coordinates": [[30.4797827, 39.7923763], [30.4794487, 39.7925769], [30.4793941, 39.7926097], [30.4790246, 39.7928113], [30.4785231, 39.793085], [30.478048, 39.7933538], [30.4777697, 39.7934961], [30.4775865, 39.7936228], [30.4768672, 39.7942386], [30.4761767, 39.7948344], [30.476079, 39.7949174], [30.4760266, 39.7949555], [30.4757078, 39.7951874], [30.4752773, 39.7954183], [30.4749103, 39.7956617]]}, "bbox": [30.4749103, 39.7923763, 30.4797827, 39.7956617]}, {"id": "9068", "type": "Feature", "properties": {"name": null, "_mahalle_str": "Erenköy Mahallesi", "_hvi_str": "%57", "_aciklama_str": "Sıcaklık: yüksek<br>Ağaç örtüsü: orta<br>Hastaneye uzaklık: orta<br>Yeşil alana uzaklık: uzak<br>Yapılaşma yoğunluğu: çok yoğun<br>Nüfus yoğunluğu: çok yoğun<br>Yaşlı nüfus oranı: orta<br>Çocuk nüfus oranı: orta<br>Sosyoekonomik gelişmişlik: çok yüksek"}, "geometry": {"type": "LineString", "coordinates": [[30.5470563, 39.7541963], [30.5483311, 39.7545083]]}, "bbox": [30.5470563, 39.7541963, 30.5483311, 39.7545083]}, {"id": "9218", "type": "Feature", "properties": {"name": null, "_mahalle_str": "Erenköy Mahallesi", "_hvi_str": "%51", "_aciklama_str": "Sıcaklık: çok yüksek<br>Ağaç örtüsü: yüksek<br>Hastaneye uzaklık: uzak<br>Yeşil alana uzaklık: orta<br>Yapılaşma yoğunluğu: yoğun<br>Nüfus yoğunluğu: çok yoğun<br>Yaşlı nüfus oranı: orta<br>Çocuk nüfus oranı: orta<br>Sosyoekonomik gelişmişlik: çok yüksek"}, "geometry": {"type": "LineString", "coordinates": [[30.5507958, 39.7485053], [30.5508596, 39.7483655], [30.5511474, 39.7481414]]}, "bbox": [30.5507958, 39.7481414, 30.5511474, 39.7485053]}, {"id": "9219", "type": "Feature", "properties": {"name": null, "_mahalle_str": "Erenköy Mahallesi", "_hvi_str": "%55", "_aciklama_str": "Sıcaklık: çok yüksek<br>Ağaç örtüsü: çok düşük<br>Hastaneye uzaklık: uzak<br>Yeşil alana uzaklık: yakın<br>Yapılaşma yoğunluğu: çok yoğun<br>Nüfus yoğunluğu: çok yoğun<br>Yaşlı nüfus oranı: orta<br>Çocuk nüfus oranı: orta<br>Sosyoekonomik gelişmişlik: çok yüksek"}, "geometry": {"type": "LineString", "coordinates": [[30.5529404, 39.751588], [30.5527844, 39.7519614], [30.5526022, 39.752423]]}, "bbox": [30.5526022, 39.751588, 30.5529404, 39.752423]}, {"id": "9220", "type": "Feature", "properties": {"name": null, "_mahalle_str": "Erenköy Mahallesi", "_hvi_str": "%56", "_aciklama_str": "Sıcaklık: yüksek<br>Ağaç örtüsü: orta<br>Hastaneye uzaklık: uzak<br>Yeşil alana uzaklık: yakın<br>Yapılaşma yoğunluğu: çok yoğun<br>Nüfus yoğunluğu: çok yoğun<br>Yaşlı nüfus oranı: orta<br>Çocuk nüfus oranı: orta<br>Sosyoekonomik gelişmişlik: çok yüksek"}, "geometry": {"type": "LineString", "coordinates": [[30.5503495, 39.7531399], [30.5509186, 39.7532959]]}, "bbox": [30.5503495, 39.7531399, 30.5509186, 39.7532959]}, {"id": "9221", "type": "Feature", "properties": {"name": null, "_mahalle_str": "Erenköy Mahallesi", "_hvi_str": "%57", "_aciklama_str": "Sıcaklık: yüksek<br>Ağaç örtüsü: düşük<br>Hastaneye uzaklık: uzak<br>Yeşil alana uzaklık: uzak<br>Yapılaşma yoğunluğu: çok yoğun<br>Nüfus yoğunluğu: çok yoğun<br>Yaşlı nüfus oranı: orta<br>Çocuk nüfus oranı: orta<br>Sosyoekonomik gelişmişlik: çok yüksek"}, "geometry": {"type": "LineString", "coordinates": [[30.5458776, 39.752808], [30.545915, 39.7531621]]}, "bbox": [30.5458776, 39.752808, 30.545915, 39.7531621]}, {"id": "9222", "type": "Feature", "properties": {"name": null, "_mahalle_str": "Erenköy Mahallesi", "_hvi_str": "%56", "_aciklama_str": "Sıcaklık: çok yüksek<br>Ağaç örtüsü: yüksek<br>Hastaneye uzaklık: uzak<br>Yeşil alana uzaklık: çok uzak<br>Yapılaşma yoğunluğu: çok yoğun<br>Nüfus yoğunluğu: çok yoğun<br>Yaşlı nüfus oranı: orta<br>Çocuk nüfus oranı: orta<br>Sosyoekonomik gelişmişlik: çok yüksek"}, "geometry": {"type": "LineString", "coordinates": [[30.5470952, 39.7511283], [30.5466138, 39.7515708], [30.5464889, 39.7516835]]}, "bbox": [30.5464889, 39.7511283, 30.5470952, 39.7516835]}, {"id": "9223", "type": "Feature", "properties": {"name": null, "_mahalle_str": "Erenköy Mahallesi", "_hvi_str": "%60", "_aciklama_str": "Sıcaklık: çok yüksek<br>Ağaç örtüsü: düşük<br>Hastaneye uzaklık: uzak<br>Yeşil alana uzaklık: uzak<br>Yapılaşma yoğunluğu: çok yoğun<br>Nüfus yoğunluğu: çok yoğun<br>Yaşlı nüfus oranı: orta<br>Çocuk nüfus oranı: orta<br>Sosyoekonomik gelişmişlik: çok yüksek"}, "geometry": {"type": "LineString", "coordinates": [[30.5491551, 39.7537692], [30.549273, 39.7535332]]}, "bbox": [30.5491551, 39.7535332, 30.549273, 39.7537692]}, {"id": "9268", "type": "Feature", "properties": {"name": null, "_mahalle_str": "Boyacıoğlu Mahallesi", "_hvi_str": "%53", "_aciklama_str": "Sıcaklık: çok yüksek<br>Ağaç örtüsü: çok yüksek<br>Hastaneye uzaklık: çok uzak<br>Yeşil alana uzaklık: çok uzak<br>Yapılaşma yoğunluğu: seyrek<br>Nüfus yoğunluğu: seyrek<br>Yaşlı nüfus oranı: orta<br>Çocuk nüfus oranı: orta<br>Sosyoekonomik gelişmişlik: düşük"}, "geometry": {"type": "LineString", "coordinates": [[30.4099498, 39.7815966], [30.4097802, 39.7816437], [30.4096322, 39.7816698], [30.4094278, 39.7816756], [30.4091881, 39.7816742]]}, "bbox": [30.4091881, 39.7815966, 30.4099498, 39.7816756]}, {"id": "9271", "type": "Feature", "properties": {"name": null, "_mahalle_str": "Boyacıoğlu Mahallesi", "_hvi_str": "%52", "_aciklama_str": "Sıcaklık: çok yüksek<br>Ağaç örtüsü: yüksek<br>Hastaneye uzaklık: çok uzak<br>Yeşil alana uzaklık: çok uzak<br>Yapılaşma yoğunluğu: seyrek<br>Nüfus yoğunluğu: seyrek<br>Yaşlı nüfus oranı: orta<br>Çocuk nüfus oranı: orta<br>Sosyoekonomik gelişmişlik: düşük"}, "geometry": {"type": "LineString", "coordinates": [[30.4090507, 39.7813299], [30.4092998, 39.7814219], [30.409449, 39.781468], [30.4095997, 39.7815109], [30.4097993, 39.7815623], [30.4099498, 39.7815966], [30.410001, 39.7816083], [30.4102646, 39.7816914], [30.4103677, 39.7817342], [30.4104657, 39.7817836], [30.4105609, 39.7818412], [30.410649, 39.781905], [30.4112385, 39.7823995], [30.4113598, 39.7824939], [30.4115671, 39.7826551]]}, "bbox": [30.4090507, 39.7813299, 30.4115671, 39.7826551]}, {"id": "9275", "type": "Feature", "properties": {"name": null, "_mahalle_str": "Karagözler Mahallesi", "_hvi_str": "%52", "_aciklama_str": "Sıcaklık: yüksek<br>Ağaç örtüsü: çok yüksek<br>Hastaneye uzaklık: çok uzak<br>Yeşil alana uzaklık: çok uzak<br>Yapılaşma yoğunluğu: çok seyrek<br>Nüfus yoğunluğu: seyrek<br>Yaşlı nüfus oranı: orta<br>Çocuk nüfus oranı: orta<br>Sosyoekonomik gelişmişlik: düşük"}, "geometry": {"type": "LineString", "coordinates": [[30.4171662, 39.7784925], [30.4185213, 39.7779406], [30.4193852, 39.7776256]]}, "bbox": [30.4171662, 39.7776256, 30.4193852, 39.7784925]}, {"id": "9276", "type": "Feature", "properties": {"name": null, "_mahalle_str": "Karagözler Mahallesi", "_hvi_str": "%52", "_aciklama_str": "Sıcaklık: çok yüksek<br>Ağaç örtüsü: çok yüksek<br>Hastaneye uzaklık: çok uzak<br>Yeşil alana uzaklık: çok uzak<br>Yapılaşma yoğunluğu: çok seyrek<br>Nüfus yoğunluğu: seyrek<br>Yaşlı nüfus oranı: orta<br>Çocuk nüfus oranı: orta<br>Sosyoekonomik gelişmişlik: düşük"}, "geometry": {"type": "LineString", "coordinates": [[30.4199884, 39.7785597], [30.4203714, 39.7783625], [30.4214041, 39.7779812], [30.4221618, 39.7776884], [30.4225051, 39.7775833], [30.4227144, 39.7775235]]}, "bbox": [30.4199884, 39.7775235, 30.4227144, 39.7785597]}, {"id": "9365", "type": "Feature", "properties": {"name": null, "_mahalle_str": "Şirintepe Mahallesi", "_hvi_str": "%53", "_aciklama_str": "Sıcaklık: çok yüksek<br>Ağaç örtüsü: çok düşük<br>Hastaneye uzaklık: uzak<br>Yeşil alana uzaklık: çok yakın<br>Yapılaşma yoğunluğu: çok yoğun<br>Nüfus yoğunluğu: seyrek<br>Yaşlı nüfus oranı: orta<br>Çocuk nüfus oranı: orta<br>Sosyoekonomik gelişmişlik: düşük"}, "geometry": {"type": "LineString", "coordinates": [[30.4751857, 39.7930824], [30.4755964, 39.7933567]]}, "bbox": [30.4751857, 39.7930824, 30.4755964, 39.7933567]}, {"id": "9385", "type": "Feature", "properties": {"name": null, "_mahalle_str": "Hasanbey Mahallesi", "_hvi_str": "%53", "_aciklama_str": "Sıcaklık: çok yüksek<br>Ağaç örtüsü: çok düşük<br>Hastaneye uzaklık: çok uzak<br>Yeşil alana uzaklık: çok uzak<br>Yapılaşma yoğunluğu: çok seyrek<br>Nüfus yoğunluğu: seyrek<br>Yaşlı nüfus oranı: orta<br>Çocuk nüfus oranı: orta<br>Sosyoekonomik gelişmişlik: düşük"}, "geometry": {"type": "LineString", "coordinates": [[30.6103821, 39.7893082], [30.6105425, 39.7893018], [30.6107417, 39.7892954], [30.610905, 39.7893092], [30.611064, 39.7893443], [30.6111636, 39.7894017], [30.611248, 39.7894527], [30.611302, 39.7894907], [30.6113615, 39.7895325], [30.6115427, 39.7896271]]}, "bbox": [30.6103821, 39.7892954, 30.6115427, 39.7896271]}, {"id": "9393", "type": "Feature", "properties": {"name": null, "_mahalle_str": "Çamlıca Mahallesi", "_hvi_str": "%52", "_aciklama_str": "Sıcaklık: yüksek<br>Ağaç örtüsü: çok düşük<br>Hastaneye uzaklık: orta<br>Yeşil alana uzaklık: uzak<br>Yapılaşma yoğunluğu: çok yoğun<br>Nüfus yoğunluğu: seyrek<br>Yaşlı nüfus oranı: orta<br>Çocuk nüfus oranı: orta<br>Sosyoekonomik gelişmişlik: düşük"}, "geometry": {"type": "LineString", "coordinates": [[30.4565862, 39.7816555], [30.4567843, 39.7812761]]}, "bbox": [30.4565862, 39.7812761, 30.4567843, 39.7816555]}, {"id": "9453", "type": "Feature", "properties": {"name": null, "_mahalle_str": "Yukarı Söğütönü Mahallesi", "_hvi_str": "%52", "_aciklama_str": "Sıcaklık: çok yüksek<br>Ağaç örtüsü: orta<br>Hastaneye uzaklık: çok uzak<br>Yeşil alana uzaklık: çok uzak<br>Yapılaşma yoğunluğu: çok seyrek<br>Nüfus yoğunluğu: seyrek<br>Yaşlı nüfus oranı: orta<br>Çocuk nüfus oranı: orta<br>Sosyoekonomik gelişmişlik: düşük"}, "geometry": {"type": "LineString", "coordinates": [[30.4197418, 39.8229785], [30.4201676, 39.8232852], [30.4205813, 39.823601]]}, "bbox": [30.4197418, 39.8229785, 30.4205813, 39.823601]}, {"id": "9456", "type": "Feature", "properties": {"name": null, "_mahalle_str": "Yukarı Söğütönü Mahallesi", "_hvi_str": "%51", "_aciklama_str": "Sıcaklık: yüksek<br>Ağaç örtüsü: orta<br>Hastaneye uzaklık: çok uzak<br>Yeşil alana uzaklık: çok uzak<br>Yapılaşma yoğunluğu: çok seyrek<br>Nüfus yoğunluğu: seyrek<br>Yaşlı nüfus oranı: orta<br>Çocuk nüfus oranı: orta<br>Sosyoekonomik gelişmişlik: düşük"}, "geometry": {"type": "LineString", "coordinates": [[30.419484, 39.8238151], [30.4201676, 39.8232852], [30.4214939, 39.8222696]]}, "bbox": [30.419484, 39.8222696, 30.4214939, 39.8238151]}, {"id": "9461", "type": "Feature", "properties": {"name": null, "_mahalle_str": "Keskin Mahallesi", "_hvi_str": "%66", "_aciklama_str": "Sıcaklık: çok düşük<br>Ağaç örtüsü: çok yüksek<br>Hastaneye uzaklık: çok uzak<br>Yeşil alana uzaklık: çok uzak<br>Yapılaşma yoğunluğu: çok seyrek<br>Nüfus yoğunluğu: seyrek<br>Yaşlı nüfus oranı: orta<br>Çocuk nüfus oranı: orta<br>Sosyoekonomik gelişmişlik: düşük"}, "geometry": {"type": "LineString", "coordinates": [[30.3949778, 39.8592874], [30.3949548, 39.8591754], [30.3949293, 39.8590642], [30.3950112, 39.8588923], [30.3950635, 39.8587554], [30.3950447, 39.8585268], [30.3949267, 39.8582386], [30.3948462, 39.8579524], [30.3947282, 39.8576724], [30.3944895, 39.8573573], [30.3942507, 39.8570608], [30.394122, 39.8567911], [30.3938967, 39.856509], [30.3935131, 39.8562022], [30.3932717, 39.8559593], [30.3931028, 39.8556937], [30.3930035, 39.8555289], [30.3930062, 39.8552839], [30.3931054, 39.854868], [30.3931269, 39.8547362], [30.3930116, 39.8546744], [30.3927768, 39.8546762]]}, "bbox": [30.3927768, 39.8546744, 30.3950635, 39.8592874]}, {"id": "9463", "type": "Feature", "properties": {"name": null, "_mahalle_str": "Keskin Mahallesi", "_hvi_str": "%64", "_aciklama_str": "Sıcaklık: orta<br>Ağaç örtüsü: çok yüksek<br>Hastaneye uzaklık: çok uzak<br>Yeşil alana uzaklık: çok uzak<br>Yapılaşma yoğunluğu: çok seyrek<br>Nüfus yoğunluğu: seyrek<br>Yaşlı nüfus oranı: orta<br>Çocuk nüfus oranı: orta<br>Sosyoekonomik gelişmişlik: düşük"}, "geometry": {"type": "LineString", "coordinates": [[30.4114541, 39.8459601], [30.4117039, 39.8459579], [30.4123503, 39.8457602], [30.4132837, 39.8454286], [30.4150486, 39.8448211], [30.4157674, 39.8445328], [30.4161134, 39.8443804]]}, "bbox": [30.4114541, 39.8443804, 30.4161134, 39.8459601]}, {"id": "9465", "type": "Feature", "properties": {"name": null, "_mahalle_str": "Keskin Mahallesi", "_hvi_str": "%62", "_aciklama_str": "Sıcaklık: yüksek<br>Ağaç örtüsü: yüksek<br>Hastaneye uzaklık: çok uzak<br>Yeşil alana uzaklık: çok uzak<br>Yapılaşma yoğunluğu: çok seyrek<br>Nüfus yoğunluğu: seyrek<br>Yaşlı nüfus oranı: orta<br>Çocuk nüfus oranı: orta<br>Sosyoekonomik gelişmişlik: düşük"}, "geometry": {"type": "LineString", "coordinates": [[30.4143566, 39.8389847], [30.414606, 39.8393554], [30.4151586, 39.8400062], [30.4154956, 39.8401821]]}, "bbox": [30.4143566, 39.8389847, 30.4154956, 39.8401821]}, {"id": "9468", "type": "Feature", "properties": {"name": null, "_mahalle_str": "Alınca Mahallesi", "_hvi_str": "%52", "_aciklama_str": "Sıcaklık: çok yüksek<br>Ağaç örtüsü: orta<br>Hastaneye uzaklık: çok uzak<br>Yeşil alana uzaklık: çok uzak<br>Yapılaşma yoğunluğu: çok seyrek<br>Nüfus yoğunluğu: seyrek<br>Yaşlı nüfus oranı: orta<br>Çocuk nüfus oranı: orta<br>Sosyoekonomik gelişmişlik: düşük"}, "geometry": {"type": "LineString", "coordinates": [[30.4627062, 39.831553], [30.4624701, 39.831571], [30.4618236, 39.8315473], [30.4611155, 39.8314835], [30.4603431, 39.8314567], [30.4600802, 39.8314608], [30.459635, 39.8313599], [30.4590046, 39.8314155], [30.4578781, 39.8314176], [30.4575227, 39.8313908], [30.4563855, 39.8314114], [30.4557632, 39.8313959], [30.4551154, 39.831433], [30.4545535, 39.8315185], [30.4541378, 39.8315597], [30.4534444, 39.8315772], [30.4530166, 39.8316472], [30.4522508, 39.8318398], [30.4511377, 39.8320458], [30.4494479, 39.8322991], [30.449, 39.8323589], [30.4483777, 39.8323486], [30.4479831, 39.8323202], [30.4473236, 39.8322878], [30.4467684, 39.8322332], [30.4459289, 39.8321343], [30.4453066, 39.8320684], [30.4446039, 39.8319119], [30.4437321, 39.8317945], [30.4430288, 39.8317221]]}, "bbox": [30.4430288, 39.8313599, 30.4627062, 39.8323589]}, {"id": "9479", "type": "Feature", "properties": {"name": null, "_mahalle_str": "Şirintepe Mahallesi", "_hvi_str": "%54", "_aciklama_str": "Sıcaklık: orta<br>Ağaç örtüsü: çok düşük<br>Hastaneye uzaklık: uzak<br>Yeşil alana uzaklık: yakın<br>Yapılaşma yoğunluğu: çok yoğun<br>Nüfus yoğunluğu: seyrek<br>Yaşlı nüfus oranı: orta<br>Çocuk nüfus oranı: orta<br>Sosyoekonomik gelişmişlik: düşük"}, "geometry": {"type": "LineString", "coordinates": [[30.4772236, 39.7957818], [30.4768927, 39.7966766]]}, "bbox": [30.4768927, 39.7957818, 30.4772236, 39.7966766]}, {"id": "9487", "type": "Feature", "properties": {"name": null, "_mahalle_str": "Şirintepe Mahallesi", "_hvi_str": "%53", "_aciklama_str": "Sıcaklık: düşük<br>Ağaç örtüsü: düşük<br>Hastaneye uzaklık: uzak<br>Yeşil alana uzaklık: orta<br>Yapılaşma yoğunluğu: çok yoğun<br>Nüfus yoğunluğu: seyrek<br>Yaşlı nüfus oranı: orta<br>Çocuk nüfus oranı: orta<br>Sosyoekonomik gelişmişlik: düşük"}, "geometry": {"type": "LineString", "coordinates": [[30.4914186, 39.7994012], [30.4911756, 39.7989661]]}, "bbox": [30.4911756, 39.7989661, 30.4914186, 39.7994012]}, {"id": "9493", "type": "Feature", "properties": {"name": null, "_mahalle_str": "Huzur Mahallesi", "_hvi_str": "%51", "_aciklama_str": "Sıcaklık: düşük<br>Ağaç örtüsü: yüksek<br>Hastaneye uzaklık: orta<br>Yeşil alana uzaklık: çok uzak<br>Yapılaşma yoğunluğu: çok yoğun<br>Nüfus yoğunluğu: çok yoğun<br>Yaşlı nüfus oranı: orta<br>Çocuk nüfus oranı: orta<br>Sosyoekonomik gelişmişlik: çok yüksek"}, "geometry": {"type": "LineString", "coordinates": [[30.5457829, 39.761298], [30.5452342, 39.76162]]}, "bbox": [30.5452342, 39.761298, 30.5457829, 39.76162]}, {"id": "9494", "type": "Feature", "properties": {"name": null, "_mahalle_str": "Yeşiltepe Mahallesi", "_hvi_str": "%57", "_aciklama_str": "Sıcaklık: çok yüksek<br>Ağaç örtüsü: düşük<br>Hastaneye uzaklık: uzak<br>Yeşil alana uzaklık: yakın<br>Yapılaşma yoğunluğu: çok yoğun<br>Nüfus yoğunluğu: seyrek<br>Yaşlı nüfus oranı: orta<br>Çocuk nüfus oranı: orta<br>Sosyoekonomik gelişmişlik: düşük"}, "geometry": {"type": "LineString", "coordinates": [[30.5000736, 39.7949443], [30.5006143, 39.79503]]}, "bbox": [30.5000736, 39.7949443, 30.5006143, 39.79503]}, {"id": "9495", "type": "Feature", "properties": {"name": null, "_mahalle_str": "Yeşiltepe Mahallesi", "_hvi_str": "%55", "_aciklama_str": "Sıcaklık: çok yüksek<br>Ağaç örtüsü: çok yüksek<br>Hastaneye uzaklık: uzak<br>Yeşil alana uzaklık: orta<br>Yapılaşma yoğunluğu: çok yoğun<br>Nüfus yoğunluğu: seyrek<br>Yaşlı nüfus oranı: orta<br>Çocuk nüfus oranı: orta<br>Sosyoekonomik gelişmişlik: düşük"}, "geometry": {"type": "LineString", "coordinates": [[30.5017968, 39.7943636], [30.5020883, 39.7943861], [30.5022915, 39.7944237]]}, "bbox": [30.5017968, 39.7943636, 30.5022915, 39.7944237]}, {"id": "9498", "type": "Feature", "properties": {"name": null, "_mahalle_str": "Huzur Mahallesi", "_hvi_str": "%53", "_aciklama_str": "Sıcaklık: yüksek<br>Ağaç örtüsü: çok yüksek<br>Hastaneye uzaklık: orta<br>Yeşil alana uzaklık: çok uzak<br>Yapılaşma yoğunluğu: çok yoğun<br>Nüfus yoğunluğu: çok yoğun<br>Yaşlı nüfus oranı: orta<br>Çocuk nüfus oranı: orta<br>Sosyoekonomik gelişmişlik: çok yüksek"}, "geometry": {"type": "LineString", "coordinates": [[30.5429827, 39.7590928], [30.5428559, 39.7588574], [30.5427875, 39.7587099]]}, "bbox": [30.5427875, 39.7587099, 30.5429827, 39.7590928]}, {"id": "9499", "type": "Feature", "properties": {"name": null, "_mahalle_str": "Huzur Mahallesi", "_hvi_str": "%50", "_aciklama_str": "Sıcaklık: orta<br>Ağaç örtüsü: yüksek<br>Hastaneye uzaklık: uzak<br>Yeşil alana uzaklık: çok uzak<br>Yapılaşma yoğunluğu: yoğun<br>Nüfus yoğunluğu: çok yoğun<br>Yaşlı nüfus oranı: orta<br>Çocuk nüfus oranı: orta<br>Sosyoekonomik gelişmişlik: çok yüksek"}, "geometry": {"type": "LineString", "coordinates": [[30.5407463, 39.7595605], [30.5409475, 39.7597347], [30.5410628, 39.7598079], [30.5411459, 39.7598821]]}, "bbox": [30.5407463, 39.7595605, 30.5411459, 39.7598821]}, {"id": "9502", "type": "Feature", "properties": {"name": null, "_mahalle_str": "Yenidoğan Mahallesi", "_hvi_str": "%53", "_aciklama_str": "Sıcaklık: çok yüksek<br>Ağaç örtüsü: çok düşük<br>Hastaneye uzaklık: yakın<br>Yeşil alana uzaklık: uzak<br>Yapılaşma yoğunluğu: çok yoğun<br>Nüfus yoğunluğu: çok yoğun<br>Yaşlı nüfus oranı: orta<br>Çocuk nüfus oranı: orta<br>Sosyoekonomik gelişmişlik: çok yüksek"}, "geometry": {"type": "LineString", "coordinates": [[30.5531029, 39.7604117], [30.5532788, 39.760157], [30.5533234, 39.7600691], [30.5533621, 39.7599796], [30.5533948, 39.7598886], [30.5534266, 39.7597755], [30.5534491, 39.7596611], [30.5534984, 39.7593223], [30.553613, 39.7585001], [30.5537351, 39.7576505], [30.5538335, 39.7566762]]}, "bbox": [30.5531029, 39.7566762, 30.5538335, 39.7604117]}, {"id": "9503", "type": "Feature", "properties": {"name": null, "_mahalle_str": "Yenidoğan Mahallesi", "_hvi_str": "%51", "_aciklama_str": "Sıcaklık: çok yüksek<br>Ağaç örtüsü: çok düşük<br>Hastaneye uzaklık: yakın<br>Yeşil alana uzaklık: uzak<br>Yapılaşma yoğunluğu: yoğun<br>Nüfus yoğunluğu: çok yoğun<br>Yaşlı nüfus oranı: orta<br>Çocuk nüfus oranı: orta<br>Sosyoekonomik gelişmişlik: çok yüksek"}, "geometry": {"type": "LineString", "coordinates": [[30.5546266, 39.7590698], [30.5551131, 39.7587997]]}, "bbox": [30.5546266, 39.7587997, 30.5551131, 39.7590698]}, {"id": "9504", "type": "Feature", "properties": {"name": null, "_mahalle_str": "Yenidoğan Mahallesi", "_hvi_str": "%51", "_aciklama_str": "Sıcaklık: çok yüksek<br>Ağaç örtüsü: çok düşük<br>Hastaneye uzaklık: yakın<br>Yeşil alana uzaklık: orta<br>Yapılaşma yoğunluğu: çok yoğun<br>Nüfus yoğunluğu: çok yoğun<br>Yaşlı nüfus oranı: orta<br>Çocuk nüfus oranı: orta<br>Sosyoekonomik gelişmişlik: çok yüksek"}, "geometry": {"type": "LineString", "coordinates": [[30.5541074, 39.7576824], [30.5537351, 39.7576505], [30.5535838, 39.7576375]]}, "bbox": [30.5535838, 39.7576375, 30.5541074, 39.7576824]}, {"id": "9505", "type": "Feature", "properties": {"name": null, "_mahalle_str": "Yenidoğan Mahallesi", "_hvi_str": "%53", "_aciklama_str": "Sıcaklık: çok yüksek<br>Ağaç örtüsü: çok düşük<br>Hastaneye uzaklık: yakın<br>Yeşil alana uzaklık: uzak<br>Yapılaşma yoğunluğu: yoğun<br>Nüfus yoğunluğu: çok yoğun<br>Yaşlı nüfus oranı: orta<br>Çocuk nüfus oranı: orta<br>Sosyoekonomik gelişmişlik: çok yüksek"}, "geometry": {"type": "LineString", "coordinates": [[30.5543161, 39.7595881], [30.554832, 39.7592812]]}, "bbox": [30.5543161, 39.7592812, 30.554832, 39.7595881]}, {"id": "9528", "type": "Feature", "properties": {"name": null, "_mahalle_str": "Gündoğdu Mahallesi", "_hvi_str": "%53", "_aciklama_str": "Sıcaklık: çok yüksek<br>Ağaç örtüsü: yüksek<br>Hastaneye uzaklık: çok uzak<br>Yeşil alana uzaklık: uzak<br>Yapılaşma yoğunluğu: yoğun<br>Nüfus yoğunluğu: çok yoğun<br>Yaşlı nüfus oranı: orta<br>Çocuk nüfus oranı: orta<br>Sosyoekonomik gelişmişlik: çok yüksek"}, "geometry": {"type": "LineString", "coordinates": [[30.566382, 39.765104], [30.5668757, 39.7646784], [30.5672559, 39.7643506], [30.5676101, 39.7640162], [30.5677024, 39.7639411], [30.5678218, 39.7638439], [30.5681835, 39.7635496]]}, "bbox": [30.566382, 39.7635496, 30.5681835, 39.765104]}, {"id": "9560", "type": "Feature", "properties": {"name": null, "_mahalle_str": "Sütlüce Mahallesi", "_hvi_str": "%55", "_aciklama_str": "Sıcaklık: yüksek<br>Ağaç örtüsü: orta<br>Hastaneye uzaklık: uzak<br>Yeşil alana uzaklık: orta<br>Yapılaşma yoğunluğu: çok yoğun<br>Nüfus yoğunluğu: seyrek<br>Yaşlı nüfus oranı: orta<br>Çocuk nüfus oranı: orta<br>Sosyoekonomik gelişmişlik: düşük"}, "geometry": {"type": "LineString", "coordinates": [[30.5079553, 39.8013116], [30.5079111, 39.8019027]]}, "bbox": [30.5079111, 39.8013116, 30.5079553, 39.8019027]}, {"id": "9570", "type": "Feature", "properties": {"name": null, "_mahalle_str": "Zafer Mahallesi", "_hvi_str": "%51", "_aciklama_str": "Sıcaklık: orta<br>Ağaç örtüsü: orta<br>Hastaneye uzaklık: orta<br>Yeşil alana uzaklık: çok yakın<br>Yapılaşma yoğunluğu: çok yoğun<br>Nüfus yoğunluğu: seyrek<br>Yaşlı nüfus oranı: orta<br>Çocuk nüfus oranı: orta<br>Sosyoekonomik gelişmişlik: düşük"}, "geometry": {"type": "LineString", "coordinates": [[30.5281561, 39.793054], [30.5283198, 39.7925678]]}, "bbox": [30.5281561, 39.7925678, 30.5283198, 39.793054]}, {"id": "9571", "type": "Feature", "properties": {"name": null, "_mahalle_str": "Zafer Mahallesi", "_hvi_str": "%57", "_aciklama_str": "Sıcaklık: yüksek<br>Ağaç örtüsü: düşük<br>Hastaneye uzaklık: uzak<br>Yeşil alana uzaklık: orta<br>Yapılaşma yoğunluğu: çok yoğun<br>Nüfus yoğunluğu: seyrek<br>Yaşlı nüfus oranı: orta<br>Çocuk nüfus oranı: orta<br>Sosyoekonomik gelişmişlik: düşük"}, "geometry": {"type": "LineString", "coordinates": [[30.5277818, 39.7953665], [30.5282091, 39.7954401]]}, "bbox": [30.5277818, 39.7953665, 30.5282091, 39.7954401]}, {"id": "9589", "type": "Feature", "properties": {"name": null, "_mahalle_str": "Gündoğdu Mahallesi", "_hvi_str": "%55", "_aciklama_str": "Sıcaklık: çok yüksek<br>Ağaç örtüsü: yüksek<br>Hastaneye uzaklık: çok uzak<br>Yeşil alana uzaklık: çok uzak<br>Yapılaşma yoğunluğu: yoğun<br>Nüfus yoğunluğu: çok yoğun<br>Yaşlı nüfus oranı: orta<br>Çocuk nüfus oranı: orta<br>Sosyoekonomik gelişmişlik: çok yüksek"}, "geometry": {"type": "LineString", "coordinates": [[30.575604, 39.7635291], [30.5755198, 39.7634553], [30.5753052, 39.7633893], [30.574938, 39.7633403]]}, "bbox": [30.574938, 39.7633403, 30.575604, 39.7635291]}, {"id": "9590", "type": "Feature", "properties": {"name": null, "_mahalle_str": "Gündoğdu Mahallesi", "_hvi_str": "%52", "_aciklama_str": "Sıcaklık: çok yüksek<br>Ağaç örtüsü: yüksek<br>Hastaneye uzaklık: çok uzak<br>Yeşil alana uzaklık: çok uzak<br>Yapılaşma yoğunluğu: orta<br>Nüfus yoğunluğu: çok yoğun<br>Yaşlı nüfus oranı: orta<br>Çocuk nüfus oranı: orta<br>Sosyoekonomik gelişmişlik: çok yüksek"}, "geometry": {"type": "LineString", "coordinates": [[30.5760401, 39.7649625], [30.5767509, 39.7638553]]}, "bbox": [30.5760401, 39.7638553, 30.5767509, 39.7649625]}, {"id": "9592", "type": "Feature", "properties": {"name": null, "_mahalle_str": "Gündoğdu Mahallesi", "_hvi_str": "%53", "_aciklama_str": "Sıcaklık: yüksek<br>Ağaç örtüsü: yüksek<br>Hastaneye uzaklık: çok uzak<br>Yeşil alana uzaklık: çok uzak<br>Yapılaşma yoğunluğu: orta<br>Nüfus yoğunluğu: çok yoğun<br>Yaşlı nüfus oranı: orta<br>Çocuk nüfus oranı: orta<br>Sosyoekonomik gelişmişlik: çok yüksek"}, "geometry": {"type": "LineString", "coordinates": [[30.5762601, 39.7666531], [30.5766021, 39.7666757], [30.5771248, 39.7667651]]}, "bbox": [30.5762601, 39.7666531, 30.5771248, 39.7667651]}, {"id": "9593", "type": "Feature", "properties": {"name": null, "_mahalle_str": "Gündoğdu Mahallesi", "_hvi_str": "%53", "_aciklama_str": "Sıcaklık: yüksek<br>Ağaç örtüsü: çok yüksek<br>Hastaneye uzaklık: çok uzak<br>Yeşil alana uzaklık: çok uzak<br>Yapılaşma yoğunluğu: orta<br>Nüfus yoğunluğu: çok yoğun<br>Yaşlı nüfus oranı: orta<br>Çocuk nüfus oranı: orta<br>Sosyoekonomik gelişmişlik: çok yüksek"}, "geometry": {"type": "LineString", "coordinates": [[30.575985, 39.7668078], [30.5762601, 39.7666531], [30.5766946, 39.7664737], [30.5771439, 39.7663366], [30.5774166, 39.7662877]]}, "bbox": [30.575985, 39.7662877, 30.5774166, 39.7668078]}, {"id": "9594", "type": "Feature", "properties": {"name": null, "_mahalle_str": "Gündoğdu Mahallesi", "_hvi_str": "%56", "_aciklama_str": "Sıcaklık: çok yüksek<br>Ağaç örtüsü: orta<br>Hastaneye uzaklık: çok uzak<br>Yeşil alana uzaklık: çok uzak<br>Yapılaşma yoğunluğu: orta<br>Nüfus yoğunluğu: çok yoğun<br>Yaşlı nüfus oranı: orta<br>Çocuk nüfus oranı: orta<br>Sosyoekonomik gelişmişlik: çok yüksek"}, "geometry": {"type": "LineString", "coordinates": [[30.5754341, 39.764825], [30.5760401, 39.7649625], [30.5765685, 39.7651645], [30.5778271, 39.765616]]}, "bbox": [30.5754341, 39.764825, 30.5778271, 39.765616]}, {"id": "9664", "type": "Feature", "properties": {"name": null, "_mahalle_str": "Hayriye Mahallesi", "_hvi_str": "%52", "_aciklama_str": "Sıcaklık: yüksek<br>Ağaç örtüsü: düşük<br>Hastaneye uzaklık: yakın<br>Yeşil alana uzaklık: çok uzak<br>Yapılaşma yoğunluğu: çok yoğun<br>Nüfus yoğunluğu: seyrek<br>Yaşlı nüfus oranı: orta<br>Çocuk nüfus oranı: orta<br>Sosyoekonomik gelişmişlik: düşük"}, "geometry": {"type": "LineString", "coordinates": [[30.5219921, 39.7820463], [30.5218984, 39.7820688], [30.5218859, 39.7821177], [30.5218995, 39.7821456], [30.5219515, 39.7821733]]}, "bbox": [30.5218859, 39.7820463, 30.5219921, 39.7821733]}, {"id": "9666", "type": "Feature", "properties": {"name": null, "_mahalle_str": "Mamure Mahallesi", "_hvi_str": "%50", "_aciklama_str": "Sıcaklık: çok yüksek<br>Ağaç örtüsü: çok düşük<br>Hastaneye uzaklık: çok yakın<br>Yeşil alana uzaklık: çok uzak<br>Yapılaşma yoğunluğu: çok yoğun<br>Nüfus yoğunluğu: seyrek<br>Yaşlı nüfus oranı: orta<br>Çocuk nüfus oranı: orta<br>Sosyoekonomik gelişmişlik: düşük"}, "geometry": {"type": "LineString", "coordinates": [[30.5220789, 39.7771673], [30.5222878, 39.7774973], [30.5225142, 39.7778501], [30.5227011, 39.7781564], [30.5229511, 39.7785615], [30.5233369, 39.7791508], [30.5236026, 39.7795564], [30.5238345, 39.7798635], [30.5243005, 39.7804183], [30.5245685, 39.780744]]}, "bbox": [30.5220789, 39.7771673, 30.5245685, 39.780744]}, {"id": "9670", "type": "Feature", "properties": {"name": null, "_mahalle_str": "Mustafa Kemal Paşa Mahallesi", "_hvi_str": "%51", "_aciklama_str": "Sıcaklık: yüksek<br>Ağaç örtüsü: çok düşük<br>Hastaneye uzaklık: yakın<br>Yeşil alana uzaklık: uzak<br>Yapılaşma yoğunluğu: çok yoğun<br>Nüfus yoğunluğu: seyrek<br>Yaşlı nüfus oranı: orta<br>Çocuk nüfus oranı: orta<br>Sosyoekonomik gelişmişlik: düşük"}, "geometry": {"type": "LineString", "coordinates": [[30.5214983, 39.7762543], [30.5216977, 39.7765624], [30.5218947, 39.7768685], [30.5220789, 39.7771673]]}, "bbox": [30.5214983, 39.7762543, 30.5220789, 39.7771673]}, {"id": "9671", "type": "Feature", "properties": {"name": "Kırım Caddesi", "_mahalle_str": "Cumhuriye Mahallesi", "_hvi_str": "%54", "_aciklama_str": "Sıcaklık: yüksek<br>Ağaç örtüsü: çok düşük<br>Hastaneye uzaklık: çok yakın<br>Yeşil alana uzaklık: çok uzak<br>Yapılaşma yoğunluğu: çok yoğun<br>Nüfus yoğunluğu: seyrek<br>Yaşlı nüfus oranı: orta<br>Çocuk nüfus oranı: orta<br>Sosyoekonomik gelişmişlik: düşük"}, "geometry": {"type": "LineString", "coordinates": [[30.5190084, 39.7800266], [30.5187884, 39.7799184], [30.5186552, 39.7798461], [30.5185934, 39.7798127], [30.5182699, 39.7796372]]}, "bbox": [30.5182699, 39.7796372, 30.5190084, 39.7800266]}, {"id": "9672", "type": "Feature", "properties": {"name": "Sakarya -1 Caddesi", "_mahalle_str": "Cumhuriye Mahallesi", "_hvi_str": "%51", "_aciklama_str": "Sıcaklık: yüksek<br>Ağaç örtüsü: çok düşük<br>Hastaneye uzaklık: çok yakın<br>Yeşil alana uzaklık: çok uzak<br>Yapılaşma yoğunluğu: çok yoğun<br>Nüfus yoğunluğu: seyrek<br>Yaşlı nüfus oranı: orta<br>Çocuk nüfus oranı: orta<br>Sosyoekonomik gelişmişlik: düşük"}, "geometry": {"type": "LineString", "coordinates": [[30.5185159, 39.7816053], [30.5185781, 39.7814049], [30.5186371, 39.7812441], [30.5187605, 39.7809535], [30.5188812, 39.7805598], [30.5189479, 39.7802389], [30.5190084, 39.7800266]]}, "bbox": [30.5185159, 39.7800266, 30.5190084, 39.7816053]}, {"id": "9709", "type": "Feature", "properties": {"name": "Beycuma Sokak", "_mahalle_str": "Çamlıca Mahallesi", "_hvi_str": "%55", "_aciklama_str": "Sıcaklık: çok yüksek<br>Ağaç örtüsü: orta<br>Hastaneye uzaklık: çok uzak<br>Yeşil alana uzaklık: çok uzak<br>Yapılaşma yoğunluğu: orta<br>Nüfus yoğunluğu: seyrek<br>Yaşlı nüfus oranı: orta<br>Çocuk nüfus oranı: orta<br>Sosyoekonomik gelişmişlik: düşük"}, "geometry": {"type": "LineString", "coordinates": [[30.4388127, 39.775563], [30.4383489, 39.775832], [30.4377833, 39.7760094], [30.4373209, 39.7761027]]}, "bbox": [30.4373209, 39.775563, 30.4388127, 39.7761027]}, {"id": "9710", "type": "Feature", "properties": {"name": "Üçsaray Sokak", "_mahalle_str": "Çamlıca Mahallesi", "_hvi_str": "%54", "_aciklama_str": "Sıcaklık: çok yüksek<br>Ağaç örtüsü: yüksek<br>Hastaneye uzaklık: çok uzak<br>Yeşil alana uzaklık: çok uzak<br>Yapılaşma yoğunluğu: orta<br>Nüfus yoğunluğu: seyrek<br>Yaşlı nüfus oranı: orta<br>Çocuk nüfus oranı: orta<br>Sosyoekonomik gelişmişlik: düşük"}, "geometry": {"type": "LineString", "coordinates": [[30.4372362, 39.7757833], [30.4373209, 39.7761027], [30.437514, 39.7768936], [30.4376315, 39.7773876]]}, "bbox": [30.4372362, 39.7757833, 30.4376315, 39.7773876]}, {"id": "9711", "type": "Feature", "properties": {"name": "Beycuma Sokak", "_mahalle_str": "Çamlıca Mahallesi", "_hvi_str": "%56", "_aciklama_str": "Sıcaklık: çok yüksek<br>Ağaç örtüsü: yüksek<br>Hastaneye uzaklık: çok uzak<br>Yeşil alana uzaklık: çok uzak<br>Yapılaşma yoğunluğu: orta<br>Nüfus yoğunluğu: seyrek<br>Yaşlı nüfus oranı: orta<br>Çocuk nüfus oranı: orta<br>Sosyoekonomik gelişmişlik: düşük"}, "geometry": {"type": "LineString", "coordinates": [[30.4361838, 39.7764096], [30.4365364, 39.7763199], [30.436924, 39.7761942], [30.4373209, 39.7761027]]}, "bbox": [30.4361838, 39.7761027, 30.4373209, 39.7764096]}], "bbox": [30.368274, 39.7073712, 30.6431466, 39.8592874]}